coin,id,timestamp,signal_direction,signal_strength,bad_traders_total,long_count,short_count,long_percentage,short_percentage,long_usd_value,short_usd_value,long_usd_percentage,short_usd_percentage,confidence_score,primary_metric,current_price
BTC,5350,2025-12-23 09:39:34,SHORT,MODERATE,209,131,78,62.67942583732058,37.32057416267943,14873942.08913,11615010.3678,56.15149226197015,43.84850773802986,0.254,count,87294.5
BTC,5393,2025-12-23 10:40:42,SHORT,MODERATE,207,133,74,64.25120772946859,35.748792270531396,14928955.60053,11592180.20528,56.29078524329076,43.70921475670923,0.285,count,87575.5
BTC,5435,2025-12-23 11:41:51,SHORT,MODERATE,207,136,71,65.70048309178745,34.29951690821256,15008294.01357,11483181.837580001,56.65329518784997,43.34670481215003,0.314,count,87746.5
BTC,5477,2025-12-23 12:43:00,SHORT,MODERATE,209,138,71,66.02870813397129,33.97129186602871,15173650.23144,11193579.00929,57.54738236963082,42.45261763036917,0.321,count,87844.5
BTC,5520,2025-12-23 13:44:09,SHORT,MODERATE,200,129,71,64.5,35.5,14572593.19908,11173616.97986,56.60092533152765,43.39907466847236,0.29,count,87653.5
BTC,5561,2025-12-23 14:45:21,SHORT,MODERATE,202,129,73,63.86138613861386,36.13861386138614,14700894.77241,11177701.38518,56.80715709185923,43.19284290814076,0.277,count,87336.5
BTC,5618,2025-12-23 15:48:56,SHORT,MODERATE,204,138,66,67.64705882352942,32.35294117647059,13708431.12482,11149226.950029999,55.147717792005714,44.85228220799428,0.353,count,87334.5
BTC,5656,2025-12-23 16:50:05,SHORT,MODERATE,209,141,68,67.46411483253588,32.535885167464116,14648247.57355,11212298.03879,56.643227073137325,43.35677292686266,0.349,count,87883.5
BTC,5691,2025-12-23 17:31:09,SHORT,MODERATE,204,136,68,66.66666666666666,33.33333333333333,13577417.35277,11230035.55685,54.73120276489514,45.268797235104856,0.333,count,87719.5
BTC,5726,2025-12-23 18:32:18,SHORT,MODERATE,205,138,67,67.31707317073172,32.6829268292683,13977670.93851,11231425.45241,55.44693360585738,44.553066394142625,0.346,count,87844.5
BTC,5763,2025-12-23 19:33:27,SHORT,MODERATE,195,128,67,65.64102564102564,34.35897435897436,13692203.312619999,11393559.309940001,54.58157090391342,45.41842909608657,0.313,count,87665.5
BTC,5801,2025-12-23 20:34:35,SHORT,MODERATE,192,128,64,66.66666666666666,33.33333333333333,13629338.30174,11514876.11619,54.204669413020525,45.795330586979475,0.333,count,87721.5
BTC,5836,2025-12-23 21:35:44,SHORT,MODERATE,197,137,60,69.54314720812182,30.456852791878177,14311849.51223,11068086.10338,56.39040905772612,43.60959094227388,0.391,count,87740.5
BTC,5874,2025-12-23 22:36:52,SHORT,MODERATE,191,133,58,69.63350785340315,30.36649214659686,14134853.89668,10957160.56439,56.332080943959596,43.6679190560404,0.393,count,87237.0
BTC,5912,2025-12-23 23:38:01,SHORT,STRONG,188,133,55,70.74468085106383,29.25531914893617,13875953.2749,10974558.45264,55.837696330101316,44.162303669898684,0.415,count,87437.5
BTC,5948,2025-12-24 00:39:10,SHORT,MODERATE,191,133,58,69.63350785340315,30.36649214659686,13876879.33602,10975338.13586,55.83759015356087,44.16240984643913,0.393,count,87459.5
BTC,5983,2025-12-24 01:40:18,SHORT,MODERATE,191,131,60,68.58638743455498,31.413612565445025,13928186.81732,11021677.61268,55.82469939424838,44.17530060575163,0.372,count,87582.5
BTC,6017,2025-12-24 02:41:27,SHORT,MODERATE,195,134,61,68.71794871794872,31.28205128205128,14143970.24935,10848404.97481,56.59314139808968,43.40685860191032,0.374,count,87200.5
BTC,6054,2025-12-24 03:42:35,SHORT,STRONG,191,134,57,70.15706806282722,29.84293193717277,13492690.24807,9475623.42125,58.744801391723,41.25519860827699,0.403,count,87310.5
BTC,6092,2025-12-24 04:43:44,SHORT,STRONG,190,135,55,71.05263157894737,28.947368421052634,15111658.14454,6061717.01444,71.37104042730232,28.628959572697692,0.421,count,87258.5
BTC,6130,2025-12-24 05:44:52,SHORT,STRONG,189,135,54,71.42857142857143,28.57142857142857,15147833.42058,5979006.30892,71.69947618539774,28.300523814602265,0.429,count,86797.5
BTC,6168,2025-12-24 06:46:01,SHORT,STRONG,192,139,53,72.39583333333334,27.604166666666668,15163373.564199999,5976299.69224,71.72946043326674,28.27053956673326,0.448,count,87001.5
BTC,6207,2025-12-24 07:47:09,SHORT,STRONG,195,141,54,72.3076923076923,27.692307692307693,15195865.29513,5989939.22723,71.72663789610596,28.27336210389403,0.446,count,87091.5
BTC,6245,2025-12-24 08:48:18,SHORT,STRONG,194,139,55,71.64948453608247,28.350515463917525,15175864.80322,5997567.21038,71.67409040476916,28.325909595230836,0.433,count,86885.5
BTC,6282,2025-12-24 09:49:27,SHORT,STRONG,191,137,54,71.72774869109948,28.272251308900525,15050043.09288,5886594.2623499995,71.88376451063895,28.116235489361046,0.435,count,86861.5
BTC,6337,2025-12-24 10:52:40,SHORT,STRONG,196,141,55,71.93877551020408,28.061224489795915,15210047.9133,5982194.6206,71.77177162336346,28.22822837663655,0.439,count,87124.5
BTC,6393,2025-12-24 11:58:53,SHORT,STRONG,201,145,56,72.13930348258707,27.860696517412936,15812751.70109,6023161.499050001,72.41626011312692,27.583739886873076,0.443,count,87202.5
BTC,6411,2025-12-24 12:29:28,SHORT,STRONG,205,146,59,71.21951219512195,28.780487804878046,15850037.5869,6036352.71733,72.41960582159886,27.58039417840113,0.424,count,87310.5
BTC,6446,2025-12-24 13:30:38,SHORT,STRONG,200,141,59,70.5,29.5,15777195.88813,6055362.14951,72.26453199359246,27.735468006407544,0.41,count,87252.5
BTC,6483,2025-12-24 14:31:47,SHORT,STRONG,194,137,57,70.61855670103093,29.381443298969074,15744864.57714,6088418.42612,72.11404979630906,27.88595020369093,0.412,count,87252.5
BTC,6524,2025-12-24 15:32:56,SHORT,STRONG,191,134,57,70.15706806282722,29.84293193717277,14721679.8684,6107538.42477,70.6780238278424,29.321976172157605,0.403,count,87035.5
BTC,6566,2025-12-24 16:34:06,SHORT,STRONG,189,135,54,71.42857142857143,28.57142857142857,14836260.077539999,6151770.20323,70.68914938212913,29.310850617870877,0.429,count,87614.0
BTC,6608,2025-12-24 17:35:15,SHORT,STRONG,190,136,54,71.57894736842105,28.421052631578945,13095821.88002,6223147.25958,67.78737408496708,32.21262591503291,0.432,count,87508.5
BTC,6650,2025-12-24 18:36:24,SHORT,STRONG,192,136,56,70.83333333333334,29.166666666666668,13188273.362949999,6634862.67152,66.52970216224723,33.47029783775276,0.417,count,87388.5
BTC,6692,2025-12-24 19:37:33,SHORT,STRONG,190,134,56,70.52631578947368,29.47368421052631,13183535.36086,6776883.06171,66.04839178097028,33.95160821902973,0.411,count,87447.5
BTC,6734,2025-12-24 20:38:42,SHORT,STRONG,188,133,55,70.74468085106383,29.25531914893617,13287041.63495,6871490.4705,65.91274387165203,34.087256128347974,0.415,count,87626.5
BTC,6776,2025-12-24 21:39:52,SHORT,STRONG,185,130,55,70.27027027027027,29.72972972972973,13383882.29695,6958281.9089,65.7937973635129,34.20620263648711,0.405,count,87753.5
BTC,6818,2025-12-24 22:41:01,SHORT,STRONG,183,131,52,71.58469945355192,28.415300546448087,13621240.471690001,7133753.64466,65.6287368492179,34.37126315078209,0.432,count,87970.5
BTC,6860,2025-12-24 23:42:10,SHORT,MODERATE,191,133,58,69.63350785340315,30.36649214659686,13778538.39131,7347174.0706899995,65.22165070690149,34.7783492930985,0.393,count,87629.5
BTC,6902,2025-12-25 00:43:19,SHORT,MODERATE,194,132,62,68.04123711340206,31.958762886597935,13759759.96696,7419372.76515,64.96847694853255,35.03152305146744,0.361,count,87561.5
BTC,6944,2025-12-25 01:44:28,SHORT,MODERATE,191,129,62,67.5392670157068,32.460732984293195,13758401.86388,7461853.58467,64.83617455613675,35.16382544386323,0.351,count,87699.5
BTC,6986,2025-12-25 02:45:37,SHORT,MODERATE,192,131,61,68.22916666666666,31.770833333333332,13815065.70656,7411811.49213,65.08289268009986,34.91710731990014,0.365,count,87886.5
BTC,7028,2025-12-25 03:46:46,SHORT,MODERATE,194,131,63,67.5257731958763,32.47422680412371,13808259.79381,7376086.74799,65.18142896956563,34.81857103043437,0.351,count,87760.5
BTC,7070,2025-12-25 04:47:56,SHORT,MODERATE,191,131,60,68.58638743455498,31.413612565445025,13827963.94974,7327295.35521,65.36419029619019,34.63580970380981,0.372,count,87761.5
BTC,7113,2025-12-25 05:49:05,SHORT,MODERATE,197,134,63,68.02030456852792,31.979695431472084,13860865.37888,7343560.36862,65.36779417624264,34.63220582375736,0.36,count,87760.5
BTC,7154,2025-12-25 06:50:14,SHORT,MODERATE,193,132,61,68.39378238341969,31.606217616580313,13756152.24419,7363803.21394,65.13343397651272,34.866566023487266,0.368,count,87791.5
BTC,7196,2025-12-25 07:51:23,SHORT,MODERATE,192,132,60,68.75,31.25,13773184.75429,7362971.98303,65.16409262792209,34.83590737207791,0.375,count,87798.5
BTC,7239,2025-12-25 08:52:32,SHORT,MODERATE,188,130,58,69.14893617021278,30.851063829787233,13681439.80992,7235535.33179,65.40830936227579,34.59169063772422,0.383,count,87485.5
BTC,7281,2025-12-25 09:53:42,SHORT,MODERATE,187,130,57,69.5187165775401,30.481283422459892,13658489.482280001,8872331.0735,60.621358411982406,39.378641588017594,0.39,count,87491.5
BTC,7324,2025-12-25 10:54:51,SHORT,MODERATE,182,123,59,67.58241758241759,32.417582417582416,13652706.84882,7275549.872649999,65.2357577151368,34.76424228486321,0.352,count,87358.5
BTC,7364,2025-12-25 11:56:01,SHORT,MODERATE,186,125,61,67.20430107526882,32.795698924731184,13675592.36911,7271328.6119099995,65.28688575042342,34.71311424957658,0.344,count,87496.5
BTC,7405,2025-12-25 12:57:10,SHORT,MODERATE,184,125,59,67.93478260869566,32.065217391304344,13694610.9041,7238576.39785,65.42057215923491,34.579427840765085,0.359,count,87537.5
BTC,7446,2025-12-25 13:58:19,SHORT,MODERATE,182,127,55,69.78021978021978,30.21978021978022,13678211.5488,7226622.9144,65.4308531975154,34.56914680248459,0.396,count,87625.5
BTC,7488,2025-12-25 14:59:28,SHORT,MODERATE,184,126,58,68.47826086956522,31.521739130434785,13672699.00121,7470084.54076,64.66839607031247,35.331603929687525,0.37,count,87691.5
BTC,7509,2025-12-25 15:30:03,SHORT,MODERATE,184,128,56,69.56521739130434,30.434782608695656,13716786.50652,9275103.66294,59.6592381288422,40.34076187115781,0.391,count,88061.5
BTC,7552,2025-12-25 16:31:12,SHORT,MODERATE,190,127,63,66.84210526315789,33.1578947368421,13953408.532850001,9860530.68726,58.59344984414363,41.40655015585638,0.337,count,88399.5
BTC,7594,2025-12-25 17:32:22,SHORT,MODERATE,194,130,64,67.0103092783505,32.98969072164948,14311363.94316,10235755.968249999,58.30160114428654,41.69839885571347,0.34,count,88010.5
BTC,7637,2025-12-25 18:33:30,SHORT,MODERATE,195,134,61,68.71794871794872,31.28205128205128,14372058.23191,10586213.06628,57.58434973399892,42.415650266001094,0.374,count,88214.5
BTC,7682,2025-12-25 19:34:39,SHORT,MODERATE,191,130,61,68.06282722513089,31.93717277486911,14295135.69293,10837066.30577,56.87975806365648,43.12024193634351,0.361,count,88077.5
BTC,7725,2025-12-25 20:35:49,SHORT,MODERATE,186,128,58,68.81720430107528,31.182795698924732,13940881.6908,10906309.78198,56.10646863679616,43.89353136320384,0.376,count,87782.5
BTC,7767,2025-12-25 21:36:58,SHORT,MODERATE,188,131,57,69.68085106382979,30.319148936170215,14018971.57585,9322895.25262,60.05934177788688,39.94065822211313,0.394,count,87925.5
BTC,7809,2025-12-25 22:38:07,SHORT,MODERATE,186,129,57,69.35483870967742,30.64516129032258,13969379.188409999,9424366.52467,59.714161894986276,40.28583810501374,0.387,count,87861.5
BTC,7850,2025-12-25 23:39:17,SHORT,MODERATE,180,123,57,68.33333333333333,31.666666666666664,12638004.013319999,9344228.84817,57.49190308806224,42.50809691193777,0.367,count,87077.5
BTC,7896,2025-12-26 00:40:26,SHORT,MODERATE,182,125,57,68.68131868131869,31.318681318681318,12623971.70861,9407972.39815,57.29849189630352,42.701508103696476,0.374,count,87085.5
BTC,7941,2025-12-26 01:41:35,SHORT,MODERATE,182,123,59,67.58241758241759,32.417582417582416,12578967.341,9417243.14229,57.18697477711419,42.813025222885805,0.352,count,87327.5
BTC,7982,2025-12-26 02:42:44,SHORT,MODERATE,174,120,54,68.96551724137932,31.03448275862069,12374627.93924,9519377.150290001,56.5206223741937,43.47937762580631,0.379,count,89206.5
BTC,8024,2025-12-26 03:43:53,SHORT,MODERATE,175,118,57,67.42857142857143,32.57142857142858,11616851.31584,9503991.48006,55.001835997259896,44.9981640027401,0.349,count,88665.5
BTC,8064,2025-12-26 04:45:02,SHORT,MODERATE,174,118,56,67.81609195402298,32.18390804597701,10790165.18823,11196434.23394,49.07609849547644,50.92390150452357,0.356,count,88994.5
BTC,8104,2025-12-26 05:46:12,SHORT,MODERATE,178,121,57,67.97752808988764,32.02247191011236,10737436.83384,10382509.453440001,50.840265821636486,49.15973417836351,0.36,count,88824.5
BTC,8144,2025-12-26 06:47:21,SHORT,MODERATE,179,118,61,65.92178770949721,34.07821229050279,10740227.538,12183068.2349,46.852894297586715,53.14710570241329,0.318,count,89104.5
BTC,8184,2025-12-26 07:48:30,SHORT,MODERATE,176,120,56,68.18181818181817,31.818181818181817,10738430.172,10803176.94025,49.849716950289235,50.150283049710765,0.364,count,88688.5
BTC,8223,2025-12-26 08:49:40,SHORT,MODERATE,178,122,56,68.53932584269663,31.46067415730337,11216639.959929999,10644130.85427,51.30944400480178,48.69055599519822,0.371,count,88671.5
BTC,8264,2025-12-26 09:51:09,SHORT,MODERATE,180,122,58,67.77777777777779,32.22222222222222,11300845.78251,10666224.521639999,51.44448315611324,48.55551684388676,0.356,count,88837.5
BTC,8305,2025-12-26 10:52:29,SHORT,MODERATE,181,123,58,67.95580110497238,32.04419889502763,11748405.6624,10790585.07411,52.124808070350866,47.87519192964913,0.359,count,88759.5
BTC,8347,2025-12-26 11:53:38,SHORT,MODERATE,182,123,59,67.58241758241759,32.417582417582416,11721488.18667,10742519.97616,52.1789704744896,47.8210295255104,0.352,count,88532.5
BTC,8387,2025-12-26 12:54:47,SHORT,MODERATE,182,127,55,69.78021978021978,30.21978021978022,12080945.8592,10627942.15021,53.19919607773818,46.80080392226182,0.396,count,88671.5
BTC,8428,2025-12-26 13:55:57,SHORT,STRONG,184,129,55,70.1086956521739,29.891304347826086,11672782.07585,12084240.08845,49.134028646868245,50.865971353131755,0.402,count,88982.5
BTC,8473,2025-12-26 14:57:06,SHORT,MODERATE,176,118,58,67.04545454545455,32.95454545454545,13116806.58908,10896953.77529,54.622043320386574,45.37795667961343,0.341,count,87390.5
BTC,8514,2025-12-26 15:58:15,SHORT,MODERATE,181,126,55,69.61325966850829,30.386740331491712,13621439.3929,11685727.57075,53.824434052476846,46.17556594752316,0.392,count,87075.5
BTC,8558,2025-12-26 16:59:24,SHORT,MODERATE,183,127,56,69.39890710382514,30.601092896174865,13524793.53614,11771715.73406,53.46505872283568,46.534941277164336,0.388,count,86831.5
BTC,8582,2025-12-26 17:29:58,SHORT,MODERATE,185,127,58,68.64864864864865,31.351351351351354,13686114.88233,11885114.14926,53.52153729264458,46.47846270735542,0.373,count,87276.5
BTC,8629,2025-12-26 18:31:08,SHORT,MODERATE,184,124,60,67.3913043478261,32.608695652173914,12113580.6012,11909114.27628,50.4255690836578,49.5744309163422,0.348,count,87221.5
BTC,8675,2025-12-26 19:32:17,SHORT,MODERATE,186,126,60,67.74193548387096,32.25806451612903,12187417.30572,11936159.61072,50.520772056047726,49.47922794395227,0.355,count,87357.5
BTC,8721,2025-12-26 20:33:26,SHORT,MODERATE,187,126,61,67.37967914438502,32.62032085561498,12116127.85713,13264869.90308,47.73700376793128,52.26299623206872,0.348,count,87600.5
BTC,8766,2025-12-26 21:34:36,SHORT,MODERATE,189,127,62,67.1957671957672,32.804232804232804,12212526.19865,14717125.542439999,45.34973684793626,54.65026315206374,0.344,count,87491.5
BTC,8813,2025-12-26 22:35:45,SHORT,MODERATE,191,127,64,66.49214659685863,33.50785340314136,12176294.21453,14677676.94675,45.34262043182151,54.6573795681785,0.33,count,87440.5
BTC,8858,2025-12-26 23:36:54,SHORT,MODERATE,188,125,63,66.48936170212765,33.51063829787234,12176803.72827,16117216.4824,43.03666865862345,56.963331341376545,0.33,count,87413.5
BTC,8904,2025-12-27 00:38:04,SHORT,MODERATE,186,124,62,66.66666666666666,33.33333333333333,12088886.81524,14586401.18543,45.318674028697885,54.68132597130211,0.333,count,87331.5
BTC,8949,2025-12-27 01:39:13,SHORT,MODERATE,188,126,62,67.02127659574468,32.97872340425532,12092278.90731,16148257.19015,42.81887165873455,57.18112834126545,0.34,count,87411.5
BTC,8995,2025-12-27 02:40:22,SHORT,MODERATE,187,128,59,68.44919786096256,31.550802139037433,12270018.04602,11272180.00272,52.1192542030998,47.88074579690021,0.369,count,87402.5
BTC,9042,2025-12-27 03:41:31,SHORT,MODERATE,187,127,60,67.9144385026738,32.0855614973262,12384340.19622,11279038.2966,52.33546934127639,47.66453065872362,0.358,count,87462.5
BTC,9088,2025-12-27 04:42:41,SHORT,MODERATE,186,126,60,67.74193548387096,32.25806451612903,12590252.36218,9960575.11011,55.830556007980846,44.16944399201915,0.355,count,87451.5
BTC,9134,2025-12-27 05:43:50,SHORT,MODERATE,186,126,60,67.74193548387096,32.25806451612903,12909780.22962,9953675.59911,56.46469337936959,43.5353066206304,0.355,count,87474.5
BTC,9180,2025-12-27 06:44:59,SHORT,MODERATE,186,126,60,67.74193548387096,32.25806451612903,13449430.77359,9862483.79171,57.693377075127074,42.30662292487292,0.355,count,87427.5
BTC,9226,2025-12-27 07:46:08,SHORT,MODERATE,186,127,59,68.27956989247312,31.72043010752688,14024301.3664,8589510.29454,62.016530325242144,37.983469674757856,0.366,count,87503.5
BTC,9272,2025-12-27 08:47:20,SHORT,MODERATE,186,128,58,68.81720430107528,31.182795698924732,14261102.12068,8493137.79354,62.674482533550545,37.32551746644946,0.376,count,87559.5
BTC,9320,2025-12-27 09:48:29,SHORT,MODERATE,187,128,59,68.44919786096256,31.550802139037433,14256100.45772,8494670.45392,62.662054455597094,37.337945544402906,0.369,count,87594.5
BTC,9368,2025-12-27 10:49:38,SHORT,MODERATE,188,126,62,67.02127659574468,32.97872340425532,14187746.24785,8491041.21682,62.55954499310109,37.4404550068989,0.34,count,87439.5
BTC,9413,2025-12-27 11:50:48,SHORT,MODERATE,186,124,62,66.66666666666666,33.33333333333333,14145934.25099,8726319.16488,61.84757572323324,38.15242427676676,0.333,count,87460.5
BTC,9459,2025-12-27 12:51:57,SHORT,MODERATE,186,124,62,66.66666666666666,33.33333333333333,14147605.92808,8722402.08184,61.86095746859115,38.13904253140885,0.333,count,87432.5
BTC,9504,2025-12-27 13:53:06,SHORT,MODERATE,181,120,61,66.29834254143645,33.70165745856354,13644263.81408,8736605.83015,60.96395730358771,39.036042696412295,0.326,count,87433.5
BTC,9548,2025-12-27 14:54:15,SHORT,MODERATE,180,120,60,66.66666666666666,33.33333333333333,13631539.69884,8761379.76132,60.874330044781935,39.125669955218065,0.333,count,87493.5
BTC,9596,2025-12-27 15:55:24,SHORT,MODERATE,179,118,61,65.92178770949721,34.07821229050279,13636154.714,8785122.46066,60.81792133327384,39.18207866672617,0.318,count,87542.5
BTC,9639,2025-12-27 16:56:34,SHORT,MODERATE,177,119,58,67.2316384180791,32.7683615819209,13617733.16714,8902916.08702,60.467764554454575,39.532235445545425,0.345,count,87469.5
BTC,9684,2025-12-27 17:57:43,SHORT,MODERATE,181,122,59,67.40331491712708,32.59668508287293,13848102.25829,8920667.15757,60.82060038187155,39.17939961812845,0.348,count,87525.5
BTC,9730,2025-12-27 18:58:52,SHORT,MODERATE,181,122,59,67.40331491712708,32.59668508287293,13999577.61169,8952083.0834,60.99592442426138,39.004075575738625,0.348,count,87460.5
BTC,9754,2025-12-27 19:29:27,SHORT,MODERATE,181,122,59,67.40331491712708,32.59668508287293,14011390.9968,8940595.0976,61.046529651822176,38.95347034817782,0.348,count,87520.5
BTC,9799,2025-12-27 20:30:37,SHORT,MODERATE,182,123,59,67.58241758241759,32.417582417582416,13958118.70321,8928453.78043,60.98824414703283,39.01175585296716,0.352,count,87511.5
BTC,9847,2025-12-27 21:31:46,SHORT,MODERATE,183,123,60,67.21311475409836,32.78688524590164,16388012.13436,9113481.05342,64.26295124637224,35.737048753627754,0.344,count,87612.5
BTC,9896,2025-12-27 22:32:55,SHORT,MODERATE,182,122,60,67.03296703296702,32.967032967032964,16210403.48438,10474616.47587,60.74720389389633,39.25279610610367,0.341,count,87596.5
BTC,9945,2025-12-27 23:34:05,SHORT,MODERATE,182,123,59,67.58241758241759,32.417582417582416,16332052.20241,10447154.760809999,60.98781127029383,39.01218872970615,0.352,count,87628.5
BTC,9995,2025-12-28 00:35:14,SHORT,MODERATE,183,124,59,67.75956284153006,32.240437158469945,16280547.32737,10610743.90756,60.54208102221082,39.45791897778917,0.355,count,87779.5
BTC,10043,2025-12-28 01:36:23,SHORT,MODERATE,182,122,60,67.03296703296702,32.967032967032964,16268927.34258,10654399.90988,60.42688256925414,39.57311743074586,0.341,count,87820.5
BTC,10090,2025-12-28 02:37:33,SHORT,MODERATE,185,127,58,68.64864864864865,31.351351351351354,16312601.447999999,10687318.86,60.41722072478348,39.58277927521652,0.373,count,87825.5
BTC,10138,2025-12-28 03:38:42,SHORT,MODERATE,184,125,59,67.93478260869566,32.065217391304344,16284721.595999999,10699594.55125,60.34883932998834,39.65116067001167,0.359,count,87727.5
BTC,10186,2025-12-28 04:39:52,SHORT,MODERATE,185,125,60,67.56756756756756,32.432432432432435,14372486.70761,10691089.10529,57.34411887154829,42.65588112845172,0.351,count,87738.5
BTC,10234,2025-12-28 05:41:02,SHORT,MODERATE,183,124,59,67.75956284153006,32.240437158469945,14305142.8008,10682291.23653,57.24934692945589,42.750653070544104,0.355,count,87629.5
BTC,10283,2025-12-28 06:42:12,SHORT,MODERATE,184,123,61,66.84782608695652,33.15217391304348,14343425.6939,10735629.02169,57.19284820166541,42.80715179833459,0.337,count,87757.5
BTC,10331,2025-12-28 07:43:21,SHORT,MODERATE,183,122,61,66.66666666666666,33.33333333333333,14337143.85387,10726670.14243,57.202562451135705,42.797437548864295,0.333,count,87650.5
BTC,10379,2025-12-28 08:44:30,SHORT,MODERATE,185,125,60,67.56756756756756,32.432432432432435,14483020.82725,10723740.2162,57.456889452337734,42.543110547662266,0.351,count,87816.5
BTC,10427,2025-12-28 09:45:39,SHORT,MODERATE,185,124,61,67.02702702702703,32.972972972972975,14453381.5642,11175882.62598,56.39405586110387,43.60594413889613,0.341,count,87739.5
BTC,10475,2025-12-28 10:46:48,SHORT,MODERATE,187,125,62,66.84491978609626,33.155080213903744,14615608.27254,11278978.51811,56.44271673729659,43.55728326270341,0.337,count,87801.5
BTC,10523,2025-12-28 11:47:57,SHORT,MODERATE,186,127,59,68.27956989247312,31.72043010752688,14640354.6577,11266388.3081,56.51175324133574,43.48824675866425,0.366,count,87789.5
BTC,10571,2025-12-28 12:49:06,SHORT,MODERATE,184,125,59,67.93478260869566,32.065217391304344,14579221.6348,11317856.54325,56.29678195572326,43.70321804427673,0.359,count,87792.5
BTC,10620,2025-12-28 13:50:16,SHORT,MODERATE,187,126,61,67.37967914438502,32.62032085561498,14585725.35475,11689153.02206,55.51205659480139,44.48794340519861,0.348,count,87879.5
BTC,10667,2025-12-28 14:51:25,SHORT,MODERATE,185,126,59,68.10810810810811,31.891891891891895,14612548.27505,12887063.94345,53.13728847863389,46.8627115213661,0.362,count,87945.5
BTC,10715,2025-12-28 15:52:34,SHORT,MODERATE,185,125,60,67.56756756756756,32.432432432432435,14629826.75552,13266520.21738,52.443521618555266,47.556478381444734,0.351,count,87895.5
BTC,10765,2025-12-28 16:53:43,SHORT,MODERATE,184,124,60,67.3913043478261,32.608695652173914,14501168.82295,13503066.2856,51.78205641661191,48.2179435833881,0.348,count,87786.5
BTC,10815,2025-12-28 17:54:53,SHORT,MODERATE,182,123,59,67.58241758241759,32.417582417582416,14498360.07704,13498129.55283,51.78634989142146,48.213650108578555,0.352,count,87759.5
BTC,10866,2025-12-28 18:56:02,SHORT,MODERATE,183,121,62,66.12021857923497,33.87978142076503,14588271.44365,13425386.9978,52.07556690298143,47.92443309701857,0.322,count,87566.5
BTC,10916,2025-12-28 19:57:14,SHORT,MODERATE,184,122,62,66.30434782608695,33.69565217391305,14584286.81113,13550153.33757,51.83784263716331,48.1621573628367,0.326,count,87533.5
BTC,10966,2025-12-28 20:58:24,SHORT,MODERATE,185,121,64,65.4054054054054,34.5945945945946,12308760.04467,13559208.99899,47.5830167567282,52.4169832432718,0.308,count,87526.5
BTC,11016,2025-12-28 21:59:33,SHORT,MODERATE,185,123,62,66.48648648648648,33.513513513513516,12233846.60117,13505052.53815,47.53057438451584,52.469425615484155,0.33,count,87541.5
BTC,11040,2025-12-28 22:30:07,SHORT,MODERATE,186,125,61,67.20430107526882,32.795698924731184,12246289.94415,13608302.52493,47.366014215058975,52.63398578494103,0.344,count,87616.5
BTC,11091,2025-12-28 23:31:16,SHORT,MODERATE,180,121,59,67.22222222222223,32.77777777777778,12251864.27392,13647059.05259,47.30646181487806,52.693538185121945,0.344,count,87656.5
BTC,11140,2025-12-29 00:32:25,SHORT,MODERATE,181,126,55,69.61325966850829,30.386740331491712,12613488.71247,13521905.96745,48.262093865224955,51.73790613477504,0.392,count,88243.5
BTC,11189,2025-12-29 01:33:35,SHORT,MODERATE,182,124,58,68.13186813186813,31.868131868131865,12169597.27856,13710015.024670001,47.02387785400142,52.97612214599857,0.363,count,88032.5
BTC,11237,2025-12-29 02:34:44,SHORT,MODERATE,181,122,59,67.40331491712708,32.59668508287293,12514057.12245,14138641.701890001,46.95230755026507,53.04769244973493,0.348,count,89094.5
BTC,11285,2025-12-29 03:35:53,SHORT,MODERATE,184,124,60,67.3913043478261,32.608695652173914,12451656.42668,15207432.6924,45.01831702798378,54.98168297201622,0.348,count,89704.5
BTC,11333,2025-12-29 04:37:02,SHORT,MODERATE,184,121,63,65.76086956521739,34.23913043478261,12215226.57436,15133100.078,44.665352764118374,55.33464723588162,0.315,count,90292.5
BTC,11382,2025-12-29 05:38:11,SHORT,MODERATE,189,123,66,65.07936507936508,34.92063492063492,12809477.39238,15835023.17866,44.7188016443567,55.281198355643305,0.302,count,90130.5
BTC,11434,2025-12-29 06:39:21,SHORT,MODERATE,189,119,70,62.96296296296296,37.03703703703704,12570503.79462,16411498.79185,43.37348241245562,56.62651758754438,0.259,count,89892.5
BTC,11486,2025-12-29 07:40:30,SHORT,MODERATE,185,113,72,61.08108108108108,38.91891891891892,11926431.4106,16527373.8196,41.91506659341876,58.08493340658124,0.222,count,89619.5
BTC,11534,2025-12-29 08:41:40,SHORT,MODERATE,183,113,70,61.74863387978142,38.25136612021858,12090597.16016,16377018.13552,42.47140842174709,57.5285915782529,0.235,count,89650.5
BTC,11589,2025-12-29 09:42:49,SHORT,MODERATE,178,103,75,57.865168539325836,42.13483146067416,9878415.73152,15638795.9483,38.712755356935155,61.287244643064845,0.157,count,88189.5
BTC,11631,2025-12-29 10:43:59,SHORT,MODERATE,179,116,63,64.80446927374301,35.19553072625698,10511943.12196,11513414.60001,47.72654889266328,52.27345110733672,0.296,count,87877.5
BTC,11680,2025-12-29 11:45:08,SHORT,MODERATE,177,116,61,65.5367231638418,34.463276836158194,10547196.95683,11554390.59003,47.72144505216075,52.27855494783924,0.311,count,87598.5
BTC,11730,2025-12-29 12:46:18,SHORT,MODERATE,170,114,56,67.05882352941175,32.94117647058823,10935430.9698,11168237.01156,49.47337690297301,50.52662309702699,0.341,count,87301.5
BTC,11780,2025-12-29 13:47:27,SHORT,MODERATE,175,117,58,66.85714285714286,33.14285714285714,10932205.69952,11006461.82706,49.83076427169053,50.16923572830947,0.337,count,87287.5
BTC,11831,2025-12-29 14:48:37,SHORT,MODERATE,180,125,55,69.44444444444444,30.555555555555557,11368138.18912,13118844.32642,46.42523096467897,53.57476903532103,0.389,count,87979.5
BTC,11883,2025-12-29 15:49:47,SHORT,MODERATE,184,127,57,69.02173913043478,30.978260869565215,11724226.22622,12985294.73109,47.4482133687482,52.55178663125181,0.38,count,87670.5
BTC,11935,2025-12-29 16:50:56,SHORT,STRONG,178,125,53,70.2247191011236,29.775280898876407,13548248.77364,11726047.51404,53.60485063334529,46.39514936665471,0.404,count,87708.5
BTC,11987,2025-12-29 17:52:06,SHORT,STRONG,178,125,53,70.2247191011236,29.775280898876407,13797323.06174,11658954.38458,54.200081260249476,45.79991873975053,0.404,count,87773.5
BTC,12039,2025-12-29 18:53:15,SHORT,STRONG,179,127,52,70.94972067039106,29.05027932960894,13956028.93063,11451891.59826,54.927867531549225,45.07213246845078,0.419,count,87475.5
BTC,12092,2025-12-29 19:54:24,SHORT,STRONG,179,129,50,72.06703910614524,27.932960893854748,13996321.70693,11420337.95497,55.067510416841756,44.932489583158244,0.441,count,87350.5
BTC,12142,2025-12-29 20:55:33,SHORT,STRONG,181,132,49,72.92817679558011,27.071823204419886,14099754.21439,11446836.37587,55.192312902081476,44.80768709791854,0.459,count,87213.5
BTC,12190,2025-12-29 21:56:43,SHORT,STRONG,183,134,49,73.224043715847,26.775956284153008,14137877.54457,7741259.3889,64.61807697241628,35.38192302758373,0.464,count,87319.5
BTC,12239,2025-12-29 22:57:52,SHORT,STRONG,186,136,50,73.11827956989248,26.881720430107524,14332871.31639,7686621.12703,65.0917424787102,34.90825752128979,0.462,count,87392.5
BTC,12287,2025-12-29 23:59:02,SHORT,STRONG,185,134,51,72.43243243243244,27.56756756756757,14313282.33415,7832389.8016099995,64.63241326072668,35.36758673927332,0.449,count,87232.5
BTC,12311,2025-12-30 00:29:36,SHORT,STRONG,187,135,52,72.19251336898395,27.807486631016044,14435567.42235,7885484.11725,64.67243443589436,35.32756556410563,0.444,count,87292.5
BTC,12359,2025-12-30 01:30:55,SHORT,STRONG,189,136,53,71.95767195767195,28.04232804232804,12368509.39276,9379411.97954,56.87214507090128,43.127854929098724,0.439,count,87199.5
BTC,12407,2025-12-30 02:32:05,SHORT,STRONG,187,133,54,71.12299465240642,28.87700534759358,12416865.26936,9458267.78307,56.76246740808131,43.23753259191869,0.422,count,87236.5
BTC,12456,2025-12-30 03:33:14,SHORT,STRONG,184,130,54,70.65217391304348,29.347826086956523,12256078.63325,9351554.32254,56.7210608321901,43.27893916780991,0.413,count,87230.5
BTC,12503,2025-12-30 04:34:23,SHORT,STRONG,187,134,53,71.65775401069519,28.342245989304814,12342446.60499,10164693.20312,54.83791681314676,45.16208318685325,0.433,count,87390.5
BTC,12551,2025-12-30 05:35:32,SHORT,STRONG,187,134,53,71.65775401069519,28.342245989304814,12318986.1134,10047495.99162,55.0778886709014,44.9221113290986,0.433,count,87155.5
BTC,12599,2025-12-30 06:36:42,SHORT,STRONG,194,138,56,71.1340206185567,28.865979381443296,12396297.942,10093975.2451,55.11848539532318,44.881514604676816,0.423,count,87390.5
BTC,12647,2025-12-30 07:37:51,SHORT,STRONG,195,138,57,70.76923076923077,29.230769230769234,12748279.92006,10155546.96833,55.66004311062154,44.33995688937847,0.415,count,87499.5
BTC,12696,2025-12-30 08:39:00,SHORT,STRONG,191,137,54,71.72774869109948,28.272251308900525,12848489.592290001,10075634.73996,56.04789699301428,43.95210300698573,0.435,count,87892.5
BTC,12745,2025-12-30 09:40:11,SHORT,STRONG,190,133,57,70.0,30.0,12744759.68989,10145437.87994,55.67780553667214,44.322194463327854,0.4,count,87738.5
BTC,12793,2025-12-30 10:41:21,SHORT,MODERATE,193,133,60,68.9119170984456,31.088082901554404,12818180.25061,10261000.78367,55.54001345009115,44.45998654990884,0.378,count,88048.5
BTC,12841,2025-12-30 11:42:30,SHORT,MODERATE,190,129,61,67.89473684210526,32.10526315789474,12750695.46861,10267698.30488,55.39350657600974,44.606493423990266,0.358,count,87860.5
BTC,12889,2025-12-30 12:43:39,SHORT,MODERATE,193,130,63,67.35751295336787,32.64248704663213,12790223.96965,10307583.25272,55.37419135294711,44.6258086470529,0.347,count,87984.5
BTC,12937,2025-12-30 13:44:49,SHORT,MODERATE,191,128,63,67.01570680628272,32.98429319371728,12872300.6166,10231546.43045,55.714966388005024,44.285033611994976,0.34,count,88046.5
BTC,12985,2025-12-30 14:45:58,SHORT,MODERATE,186,128,58,68.81720430107528,31.182795698924732,12339610.83996,9264001.2185,57.118276363085286,42.88172363691472,0.376,count,88091.5
BTC,13033,2025-12-30 15:47:07,SHORT,MODERATE,181,120,61,66.29834254143645,33.70165745856354,11187178.22116,10019880.16989,52.75214513428848,47.24785486571152,0.326,count,88676.5
BTC,13082,2025-12-30 16:48:18,SHORT,MODERATE,181,119,62,65.74585635359117,34.25414364640884,11132825.92611,9925185.16176,52.86741411454008,47.13258588545992,0.315,count,88619.5
BTC,13130,2025-12-30 17:49:27,SHORT,MODERATE,177,116,61,65.5367231638418,34.463276836158194,11003912.76875,9854345.32619,52.755665016051545,47.24433498394846,0.311,count,88199.5
BTC,13178,2025-12-30 18:50:38,SHORT,MODERATE,177,116,61,65.5367231638418,34.463276836158194,10948248.42297,10083432.6088,52.0559835727435,47.94401642725651,0.311,count,88195.5
BTC,13225,2025-12-30 19:51:47,SHORT,MODERATE,175,114,61,65.14285714285715,34.85714285714286,11055743.12965,8954214.09032,55.25120822655399,44.748791773446,0.303,count,88156.5
BTC,13273,2025-12-30 20:52:56,SHORT,MODERATE,177,116,61,65.5367231638418,34.463276836158194,11160727.33405,8895836.41533,55.64625861892721,44.35374138107279,0.311,count,87944.5
BTC,13321,2025-12-30 21:54:05,SHORT,MODERATE,179,117,62,65.36312849162012,34.63687150837989,11554252.74532,9155383.75895,55.7916733253029,44.20832667469708,0.307,count,88240.5
BTC,13369,2025-12-30 22:55:14,SHORT,MODERATE,180,119,61,66.11111111111111,33.88888888888889,11967788.04177,9233302.74588,56.44892596158987,43.55107403841013,0.322,count,88366.5
BTC,13417,2025-12-30 23:56:31,SHORT,MODERATE,179,120,59,67.0391061452514,32.960893854748605,12017253.90503,9125056.775899999,56.83983215642251,43.1601678435775,0.341,count,88482.5
BTC,13465,2025-12-31 00:57:41,SHORT,MODERATE,184,122,62,66.30434782608695,33.69565217391305,12235590.02602,9348551.3836,56.68787001444786,43.31212998555213,0.326,count,88243.5
BTC,13514,2025-12-31 01:58:50,SHORT,MODERATE,182,122,60,67.03296703296702,32.967032967032964,12253964.8422,9546291.04153,56.21018811685323,43.789811883146754,0.341,count,88628.5
BTC,13561,2025-12-31 02:59:59,SHORT,MODERATE,184,125,59,67.93478260869566,32.065217391304344,12256507.29403,9534418.22551,56.24592348333047,43.754076516669535,0.359,count,88644.5
BTC,13585,2025-12-31 03:30:33,SHORT,MODERATE,183,123,60,67.21311475409836,32.78688524590164,12186705.20917,9534431.929849999,56.10528183295579,43.89471816704421,0.344,count,88522.5
BTC,13633,2025-12-31 04:31:43,SHORT,MODERATE,184,124,60,67.3913043478261,32.608695652173914,12252653.8384,9451355.5128,56.45341208684358,43.54658791315643,0.348,count,88410.5
BTC,13681,2025-12-31 05:32:53,SHORT,MODERATE,184,123,61,66.84782608695652,33.15217391304348,12147013.426549999,9513939.3358,56.07792768775776,43.922072312242236,0.337,count,88460.5
BTC,13729,2025-12-31 06:34:02,SHORT,MODERATE,182,122,60,67.03296703296702,32.967032967032964,12147520.88386,9494593.85538,56.12908456600568,43.87091543399432,0.341,count,88532.5
BTC,13777,2025-12-31 07:35:11,SHORT,MODERATE,184,123,61,66.84782608695652,33.15217391304348,12162700.75244,9505707.06464,56.131031200422676,43.86896879957733,0.337,count,88524.5
BTC,13825,2025-12-31 08:36:20,SHORT,MODERATE,181,121,60,66.85082872928176,33.14917127071823,12146746.64215,10522514.2241,53.58245561607207,46.417544383927925,0.337,count,88555.5
BTC,13874,2025-12-31 09:37:30,SHORT,MODERATE,186,123,63,66.12903225806451,33.87096774193548,12259395.58756,11005259.75465,52.695367316778096,47.30463268322189,0.323,count,88579.0
BTC,13921,2025-12-31 10:38:39,SHORT,MODERATE,183,124,59,67.75956284153006,32.240437158469945,12399854.26269,10320260.47521,54.57654772317452,45.42345227682548,0.355,count,88636.5
BTC,13969,2025-12-31 11:39:48,SHORT,MODERATE,183,124,59,67.75956284153006,32.240437158469945,12588137.41809,10355090.44528,54.86646209092307,45.133537909076935,0.355,count,88901.5
BTC,14017,2025-12-31 12:40:57,SHORT,MODERATE,187,125,62,66.84491978609626,33.155080213903744,12878306.78528,10388445.79959,55.35068436518535,44.649315634814634,0.337,count,88837.5
BTC,14065,2025-12-31 13:42:06,SHORT,MODERATE,186,123,63,66.12903225806451,33.87096774193548,13537916.48394,10346351.58984,56.68131190840987,43.31868809159013,0.323,count,88739.5
BTC,14114,2025-12-31 14:43:15,SHORT,MODERATE,184,119,65,64.67391304347827,35.32608695652174,13284879.41392,10394253.48764,56.1037410835461,43.8962589164539,0.293,count,88593.5
BTC,14161,2025-12-31 15:44:25,SHORT,MODERATE,183,121,62,66.12021857923497,33.87978142076503,12163179.23595,10679871.27314,53.2467379131779,46.75326208682211,0.322,count,88015.5
BTC,14210,2025-12-31 16:45:34,SHORT,MODERATE,181,113,68,62.430939226519335,37.569060773480665,11798792.60697,10639976.75391,52.58217336793945,47.41782663206055,0.249,count,87447.5
BTC,14255,2025-12-31 17:46:43,SHORT,MODERATE,180,118,62,65.55555555555556,34.44444444444444,11924667.68829,10610372.54236,52.916114487655584,47.083885512344416,0.311,count,87574.5
BTC,14301,2025-12-31 18:47:52,SHORT,MODERATE,180,120,60,66.66666666666666,33.33333333333333,12641926.68107,10156112.81301,55.45181498765606,44.54818501234394,0.333,count,87773.5
BTC,14347,2025-12-31 19:49:01,SHORT,MODERATE,181,119,62,65.74585635359117,34.25414364640884,12706913.97228,10170102.0898,55.54445535116119,44.45554464883881,0.315,count,87676.5
BTC,14394,2025-12-31 20:50:11,SHORT,MODERATE,179,121,58,67.59776536312849,32.402234636871505,12484784.25008,10121364.90648,55.227381557186106,44.77261844281389,0.352,count,87359.5
BTC,14442,2025-12-31 21:51:20,SHORT,MODERATE,179,122,57,68.15642458100558,31.843575418994412,12567925.82946,10076428.61582,55.50136507459441,44.49863492540559,0.363,count,87794.5
BTC,14490,2025-12-31 22:52:29,SHORT,MODERATE,181,121,60,66.85082872928176,33.14917127071823,12582779.68646,9923326.22196,55.90829323233799,44.09170676766201,0.337,count,87730.5
BTC,14538,2025-12-31 23:53:38,SHORT,MODERATE,183,122,61,66.66666666666666,33.33333333333333,12542892.46936,9883118.6768,55.93010895969217,44.06989104030782,0.333,count,87628.5
BTC,14586,2026-01-01 00:54:47,SHORT,MODERATE,183,124,59,67.75956284153006,32.240437158469945,12682405.41166,9990466.71854,55.93647482696815,44.063525173031856,0.355,count,87792.5
BTC,14634,2026-01-01 01:55:57,SHORT,MODERATE,184,125,59,67.93478260869566,32.065217391304344,12757578.54383,9938542.66383,56.210391313579535,43.789608686420465,0.359,count,88004.5
BTC,14682,2026-01-01 02:57:06,SHORT,MODERATE,186,126,60,67.74193548387096,32.25806451612903,12761766.52118,9921464.73535,56.260796254529076,43.73920374547092,0.355,count,87906.5
BTC,14730,2026-01-01 03:58:15,SHORT,MODERATE,185,126,59,68.10810810810811,31.891891891891895,12769889.36425,9799613.88136,56.58028546434169,43.419714535658315,0.362,count,87861.5
BTC,14778,2026-01-01 04:59:24,SHORT,MODERATE,187,127,60,67.9144385026738,32.0855614973262,12851987.52604,9875357.12075,56.54856616897042,43.451433831029576,0.358,count,87596.5
BTC,14802,2026-01-01 05:29:59,SHORT,MODERATE,187,129,58,68.98395721925134,31.016042780748666,12868327.34051,8923629.863260001,59.05081044434037,40.94918955565963,0.38,count,87717.5
BTC,14850,2026-01-01 06:31:08,SHORT,MODERATE,190,132,58,69.47368421052632,30.526315789473685,13069730.77793,8828688.20806,59.683444664620076,40.31655533537991,0.389,count,87668.5
BTC,14898,2026-01-01 07:32:17,SHORT,MODERATE,190,131,59,68.94736842105263,31.05263157894737,13068083.30128,8838076.78714,59.65483338263391,40.3451666173661,0.379,count,87652.5
BTC,14946,2026-01-01 08:33:26,SHORT,MODERATE,190,130,60,68.42105263157895,31.57894736842105,13104341.20417,8804371.49535,59.813378284234396,40.1866217157656,0.368,count,87767.5
BTC,14994,2026-01-01 09:34:35,SHORT,MODERATE,189,130,59,68.78306878306879,31.216931216931215,15747672.77101,8821287.8938,64.09580358669919,35.90419641330081,0.376,count,87838.5
BTC,15042,2026-01-01 10:35:44,SHORT,STRONG,190,133,57,70.0,30.0,15861341.85687,8796358.68174,64.32611926661079,35.67388073338921,0.4,count,87846.5
BTC,15090,2026-01-01 11:36:53,SHORT,MODERATE,189,132,57,69.84126984126983,30.158730158730158,15874859.20148,8796560.70211,64.34513807277872,35.65486192722126,0.397,count,87893.5
BTC,15138,2026-01-01 12:38:02,SHORT,STRONG,188,132,56,70.2127659574468,29.78723404255319,15789773.03476,8837655.70013,64.1145821788144,35.885417821185605,0.404,count,87961.5
BTC,15185,2026-01-01 13:39:11,SHORT,STRONG,191,136,55,71.20418848167539,28.79581151832461,16293112.79613,8800577.61928,64.92912172903999,35.07087827096001,0.424,count,87970.5
BTC,15231,2026-01-01 14:40:21,SHORT,MODERATE,188,131,57,69.68085106382979,30.319148936170215,15843434.85721,8751266.69014,64.41808137703171,35.581918622968296,0.394,count,87877.5
BTC,15277,2026-01-01 15:41:30,SHORT,MODERATE,185,129,56,69.72972972972973,30.270270270270274,15593029.25837,8793808.9367,63.9403482060346,36.05965179396541,0.395,count,87984.5
BTC,15323,2026-01-01 16:42:39,SHORT,STRONG,184,129,55,70.1086956521739,29.891304347826086,15597399.17615,8751531.65252,64.057840099429,35.942159900571,0.402,count,87928.5
BTC,15368,2026-01-01 17:43:49,SHORT,STRONG,185,132,53,71.35135135135135,28.64864864864865,16215101.92621,8805248.18798,64.80765397848607,35.192346021513934,0.427,count,88347.5
BTC,15414,2026-01-01 18:44:59,SHORT,MODERATE,184,128,56,69.56521739130434,30.434782608695656,13436413.58097,9039799.24542,59.780594198653894,40.21940580134612,0.391,count,88152.5
BTC,15460,2026-01-01 19:46:08,SHORT,MODERATE,183,125,58,68.30601092896174,31.693989071038253,13328547.86154,9086942.70051,59.46132574990607,40.53867425009394,0.366,count,88300.5
BTC,15509,2026-01-01 20:47:17,SHORT,MODERATE,183,125,58,68.30601092896174,31.693989071038253,13318828.32258,9086274.30611,59.44551356584764,40.55448643415236,0.366,count,88249.5
BTC,15556,2026-01-01 21:48:26,SHORT,MODERATE,185,128,57,69.1891891891892,30.810810810810814,13603683.7887,9056288.78404,60.033981705102605,39.966018294897395,0.384,count,88308.5
BTC,15605,2026-01-01 22:49:35,SHORT,MODERATE,189,130,59,68.78306878306879,31.216931216931215,13585783.82969,9120043.7195,59.83390739781539,40.16609260218461,0.376,count,88594.5
BTC,15655,2026-01-01 23:50:45,SHORT,MODERATE,193,135,58,69.94818652849742,30.05181347150259,13477448.12915,9597487.63771,58.40730507473906,41.59269492526093,0.399,count,88766.5
BTC,15705,2026-01-02 00:51:54,SHORT,STRONG,189,133,56,70.37037037037037,29.629629629629626,13003302.38425,8853651.7955,59.492746689734474,40.50725331026552,0.407,count,88854.5
BTC,15755,2026-01-02 01:53:03,SHORT,STRONG,192,136,56,70.83333333333334,29.166666666666668,13312811.07841,9854584.09775,57.463564536203506,42.536435463796494,0.417,count,88636.5
BTC,15803,2026-01-02 02:54:12,SHORT,STRONG,194,137,57,70.61855670103093,29.381443298969074,13563520.55126,9831536.87893,57.97600878618508,42.023991213814924,0.412,count,88590.5
BTC,15852,2026-01-02 03:55:21,SHORT,STRONG,184,131,53,71.19565217391305,28.804347826086957,13266758.95212,8999208.86817,59.58312281413873,40.416877185861274,0.424,count,89093.5
BTC,15902,2026-01-02 04:56:30,SHORT,STRONG,184,129,55,70.1086956521739,29.891304347826086,13262623.422629999,8896799.85443,59.85094132102168,40.14905867897832,0.402,count,88648.5
BTC,15953,2026-01-02 05:57:40,SHORT,MODERATE,187,130,57,69.5187165775401,30.481283422459892,13391826.80478,8904203.4745,60.06372720629647,39.93627279370354,0.39,count,88758.5
BTC,16003,2026-01-02 06:58:49,SHORT,MODERATE,194,134,60,69.0721649484536,30.927835051546392,13332394.32072,9024925.69953,59.63324006922238,40.36675993077762,0.381,count,88904.5
BTC,16053,2026-01-02 07:59:58,SHORT,MODERATE,191,131,60,68.58638743455498,31.413612565445025,12812093.77795,8904925.090979999,58.99563773129076,41.004362268709244,0.372,count,88826.5
BTC,16078,2026-01-02 08:30:32,SHORT,MODERATE,192,133,59,69.27083333333334,30.729166666666668,12859917.59513,8638366.40423,59.818344550257294,40.1816554497427,0.385,count,88989.5
BTC,16130,2026-01-02 09:31:43,SHORT,STRONG,194,137,57,70.61855670103093,29.381443298969074,12904684.27008,8636888.97352,59.90595080567749,40.09404919432251,0.412,count,89181.5
BTC,16182,2026-01-02 10:32:53,SHORT,STRONG,185,130,55,70.27027027027027,29.72972972972973,12144886.90227,8701571.15813,58.258754878558804,41.74124512144119,0.405,count,89591.5
BTC,16234,2026-01-02 11:34:02,SHORT,MODERATE,184,121,63,65.76086956521739,34.23913043478261,12592850.721350001,9335150.53794,57.42817401570023,42.57182598429976,0.315,count,89373.5
BTC,16283,2026-01-02 12:35:12,SHORT,MODERATE,190,126,64,66.3157894736842,33.68421052631579,13562311.93054,9383805.19048,59.10504099238699,40.89495900761301,0.326,count,89456.5
BTC,16329,2026-01-02 13:36:21,SHORT,MODERATE,192,130,62,67.70833333333334,32.29166666666667,13661741.59551,9289268.61368,59.52566562860746,40.47433437139254,0.354,count,89388.5
BTC,16378,2026-01-02 14:37:31,SHORT,MODERATE,182,120,62,65.93406593406593,34.065934065934066,12977103.09822,9255967.17382,58.3684706585029,41.631529341497085,0.319,count,88798.0
BTC,16428,2026-01-02 15:38:41,SHORT,STRONG,174,122,52,70.11494252873564,29.88505747126437,13172193.4653,9069030.58931,59.22422899458073,40.77577100541927,0.402,count,89435.5
BTC,16482,2026-01-02 16:39:50,SHORT,MODERATE,176,122,54,69.31818181818183,30.681818181818183,13561329.09781,9547211.28262,58.68535560685921,41.314644393140796,0.386,count,90472.5
BTC,16536,2026-01-02 17:41:00,SHORT,MODERATE,179,124,55,69.27374301675978,30.726256983240223,14433996.43042,9400222.38955,60.5599727830231,39.44002721697691,0.385,count,90397.5
BTC,16590,2026-01-02 18:42:09,SHORT,MODERATE,178,122,56,68.53932584269663,31.46067415730337,14861645.14553,9305456.0714,61.4953568991503,38.50464310084969,0.371,count,89993.5
BTC,16645,2026-01-02 19:43:19,SHORT,MODERATE,178,121,57,67.97752808988764,32.02247191011236,14854685.05101,9345019.76208,61.38374482557683,38.616255174423166,0.36,count,89986.5
BTC,16699,2026-01-02 20:44:28,SHORT,MODERATE,175,118,57,67.42857142857143,32.57142857142858,15171380.4385,9309421.55022,61.97256301280696,38.02743698719305,0.349,count,89883.5
BTC,16753,2026-01-02 21:45:37,SHORT,MODERATE,178,123,55,69.10112359550563,30.89887640449438,15467126.33784,9809104.05986,61.19237755977815,38.80762244022185,0.382,count,89918.5
BTC,16806,2026-01-02 22:46:46,SHORT,STRONG,177,125,52,70.62146892655367,29.37853107344633,15813898.3813,9309386.56521,62.94518577076755,37.05481422923244,0.412,count,90252.5
BTC,16859,2026-01-02 23:47:55,SHORT,STRONG,180,127,53,70.55555555555556,29.444444444444446,15828365.10091,9238436.52162,63.14473357735234,36.855266422647674,0.411,count,89868.5
BTC,16912,2026-01-03 00:49:04,SHORT,STRONG,177,126,51,71.1864406779661,28.8135593220339,15983249.32776,9235187.7194,63.37922250245073,36.62077749754928,0.424,count,90055.5
BTC,16963,2026-01-03 01:50:13,SHORT,STRONG,177,127,50,71.75141242937853,28.24858757062147,16111415.406510001,9235563.067090001,63.56345559408887,36.436544405911135,0.435,count,90148.5
BTC,17015,2026-01-03 02:51:22,SHORT,STRONG,177,127,50,71.75141242937853,28.24858757062147,14534622.03008,9171397.46208,61.31194667618853,38.68805332381146,0.435,count,90314.5
BTC,17069,2026-01-03 03:52:31,SHORT,STRONG,177,127,50,71.75141242937853,28.24858757062147,14096552.28397,9139955.09212,60.6655383092346,39.33446169076541,0.435,count,90313.5
BTC,17124,2026-01-03 04:53:41,SHORT,MODERATE,176,123,53,69.88636363636364,30.113636363636363,13689556.22151,9111782.453,60.038388170663794,39.9616118293362,0.398,count,90073.5
BTC,17177,2026-01-03 05:54:51,SHORT,STRONG,173,123,50,71.09826589595376,28.901734104046245,13955182.659,9045601.2196,60.672639387668625,39.32736061233136,0.422,count,89981.5
BTC,17229,2026-01-03 06:56:00,SHORT,MODERATE,175,122,53,69.71428571428572,30.28571428571429,13918420.9728,9061948.782,60.56656668847899,39.433433311521,0.394,count,89820.5
BTC,17281,2026-01-03 07:57:09,SHORT,MODERATE,171,116,55,67.83625730994152,32.16374269005848,11174534.49717,9942425.49613,52.917344640116106,47.0826553598839,0.357,count,89496.5
BTC,17334,2026-01-03 08:58:18,SHORT,MODERATE,174,118,56,67.81609195402298,32.18390804597701,11277116.57506,10385795.01733,52.05725244718054,47.94274755281946,0.356,count,89636.5
BTC,17389,2026-01-03 09:59:27,SHORT,MODERATE,173,117,56,67.63005780346822,32.369942196531795,11275763.02802,10512267.48373,51.752098575128805,48.2479014248712,0.353,count,89775.5
BTC,17416,2026-01-03 10:30:02,SHORT,MODERATE,174,117,57,67.24137931034483,32.758620689655174,11264551.148049999,10444783.34682,51.88805373426742,48.11194626573258,0.345,count,89756.5
BTC,17469,2026-01-03 11:31:11,SHORT,MODERATE,173,116,57,67.05202312138728,32.947976878612714,11261897.01846,10442264.27706,51.88819261486317,48.11180738513683,0.341,count,89695.5
BTC,17523,2026-01-03 12:32:20,SHORT,MODERATE,173,116,57,67.05202312138728,32.947976878612714,11270529.75005,10392935.06588,52.02551782835004,47.97448217164996,0.341,count,89745.5
BTC,17577,2026-01-03 13:33:29,SHORT,MODERATE,175,118,57,67.42857142857143,32.57142857142858,11299344.87594,10441390.66116,51.97314900711598,48.026850992884015,0.349,count,89918.5
BTC,17631,2026-01-03 14:34:38,SHORT,MODERATE,175,121,54,69.14285714285714,30.857142857142854,11329722.71824,10431443.10549,52.063951030993124,47.936048969006876,0.383,count,90141.5
BTC,17686,2026-01-03 15:35:48,SHORT,MODERATE,172,115,57,66.86046511627907,33.13953488372093,11136682.03127,10754114.69068,50.87380862708938,49.12619137291061,0.337,count,90015.5
BTC,17740,2026-01-03 16:36:57,SHORT,MODERATE,170,114,56,67.05882352941175,32.94117647058823,11151630.20548,10905775.61661,50.5573062191742,49.4426937808258,0.341,count,90107.5
BTC,17793,2026-01-03 17:38:06,SHORT,MODERATE,176,119,57,67.61363636363636,32.38636363636363,11512198.88766,11169677.038,50.7550562633854,49.24494373661461,0.352,count,90075.5
BTC,17848,2026-01-03 18:39:15,SHORT,MODERATE,181,123,58,67.95580110497238,32.04419889502763,13380491.65341,11175836.63212,54.48897529723349,45.51102470276652,0.359,count,90115.5
BTC,17902,2026-01-03 19:40:25,SHORT,MODERATE,182,123,59,67.58241758241759,32.417582417582416,14368293.09617,11147665.731660001,56.31100595952776,43.688994040472245,0.352,count,90101.5
BTC,17955,2026-01-03 20:41:34,SHORT,MODERATE,182,123,59,67.58241758241759,32.417582417582416,14417731.08327,11225530.5684,56.22424822207067,43.77575177792932,0.352,count,90220.5
BTC,18010,2026-01-03 21:42:43,SHORT,MODERATE,181,126,55,69.61325966850829,30.386740331491712,14193931.00438,9374859.455839999,60.22341718526827,39.776582814731725,0.392,count,90563.5
BTC,18066,2026-01-03 22:43:52,SHORT,MODERATE,183,127,56,69.39890710382514,30.601092896174865,14308541.03201,9335896.75976,60.51546312084621,39.48453687915378,0.388,count,90589.5
BTC,18124,2026-01-03 23:45:02,SHORT,MODERATE,181,123,58,67.95580110497238,32.04419889502763,14249713.27059,9423583.97517,60.19319202838207,39.80680797161793,0.359,count,90623.5
BTC,18176,2026-01-04 00:46:11,SHORT,MODERATE,179,124,55,69.27374301675978,30.726256983240223,14500877.21799,9849094.77326,59.55192565806971,40.44807434193027,0.385,count,91103.5
BTC,18227,2026-01-04 01:47:20,SHORT,MODERATE,176,122,54,69.31818181818183,30.681818181818183,14497352.51116,10016616.56248,59.13914824486369,40.8608517551363,0.386,count,91018.5
BTC,18279,2026-01-04 02:48:29,SHORT,MODERATE,175,121,54,69.14285714285714,30.857142857142854,14578482.23146,10395246.6955,58.375272167393575,41.624727832606425,0.383,count,91053.5
BTC,18331,2026-01-04 03:49:38,SHORT,MODERATE,178,123,55,69.10112359550563,30.89887640449438,14649707.29149,10980261.97804,57.15850509780438,42.84149490219563,0.382,count,91237.5
BTC,18383,2026-01-04 04:50:53,SHORT,MODERATE,176,122,54,69.31818181818183,30.681818181818183,14689165.07461,11081549.12313,56.99944891670169,43.00055108329831,0.386,count,91453.5
BTC,18438,2026-01-04 05:52:09,SHORT,MODERATE,177,122,55,68.92655367231639,31.07344632768362,14492803.62272,11423689.86333,55.92115935946737,44.07884064053263,0.379,count,91399.5
BTC,18488,2026-01-04 06:53:18,SHORT,MODERATE,175,120,55,68.57142857142857,31.428571428571427,14043198.731999999,11781255.3808,54.379460145256,45.620539854744,0.371,count,91321.5
BTC,18541,2026-01-04 07:54:29,SHORT,MODERATE,172,117,55,68.02325581395348,31.976744186046513,14079954.30342,11848818.16322,54.30243302699845,45.69756697300155,0.36,count,91437.5
BTC,18593,2026-01-04 08:55:38,SHORT,MODERATE,173,116,57,67.05202312138728,32.947976878612714,14097235.64694,11829710.973,54.3729111398642,45.62708886013581,0.341,count,91266.5
BTC,18644,2026-01-04 09:56:48,SHORT,MODERATE,177,120,57,67.79661016949152,32.20338983050847,14135547.35694,11872238.20098,54.35121466016311,45.648785339836884,0.356,count,91392.5
BTC,18698,2026-01-04 10:57:57,SHORT,MODERATE,180,122,58,67.77777777777779,32.22222222222222,14163445.67668,11874559.54255,54.39527935196736,45.60472064803264,0.356,count,91539.5
BTC,18753,2026-01-04 11:59:06,SHORT,MODERATE,179,120,59,67.0391061452514,32.960893854748605,14011869.74967,11884806.79472,54.10682612362238,45.89317387637761,0.341,count,91251.5
BTC,18781,2026-01-04 12:29:40,SHORT,MODERATE,178,120,58,67.41573033707866,32.58426966292135,13953141.95664,12012165.0524,53.73763519061075,46.26236480938925,0.348,count,91296.5
BTC,18838,2026-01-04 13:30:49,SHORT,MODERATE,178,116,62,65.1685393258427,34.831460674157306,13566289.4644,12620484.41658,51.80588309984026,48.19411690015975,0.303,count,91146.5
BTC,18893,2026-01-04 14:31:59,SHORT,MODERATE,179,118,61,65.92178770949721,34.07821229050279,13583285.64667,13395344.13238,50.34831552941941,49.65168447058059,0.318,count,91198.5
BTC,18950,2026-01-04 15:33:08,SHORT,MODERATE,180,118,62,65.55555555555556,34.44444444444444,13523218.61507,13647467.5634,49.77135478376609,50.228645216233915,0.311,count,91216.5
BTC,19006,2026-01-04 16:34:17,SHORT,MODERATE,181,119,62,65.74585635359117,34.25414364640884,13676866.79002,13811740.30784,49.75467378659849,50.24532621340152,0.315,count,91314.5
BTC,19062,2026-01-04 17:35:27,SHORT,MODERATE,185,123,62,66.48648648648648,33.513513513513516,13711592.76748,13938872.456770001,49.589012901868514,50.41098709813148,0.33,count,91380.5
BTC,19117,2026-01-04 18:36:36,SHORT,MODERATE,184,122,62,66.30434782608695,33.69565217391305,13543882.54932,13934616.24634,49.28901920747994,50.71098079252007,0.326,count,91061.5
BTC,19172,2026-01-04 19:37:45,SHORT,MODERATE,183,119,64,65.02732240437157,34.97267759562842,14556861.42973,14093913.70494,50.80791483409081,49.19208516590919,0.301,count,91108.5
BTC,19229,2026-01-04 20:38:54,SHORT,MODERATE,185,122,63,65.94594594594595,34.054054054054056,14701394.36911,14148971.12655,50.957393837251566,49.042606162748434,0.319,count,91279.5
BTC,19284,2026-01-04 21:40:05,SHORT,MODERATE,185,122,63,65.94594594594595,34.054054054054056,14659384.69167,14099360.73082,50.973658538685854,49.026341461314146,0.319,count,91262.5
BTC,19340,2026-01-04 22:41:15,SHORT,MODERATE,183,121,62,66.12021857923497,33.87978142076503,11247663.74419,14004210.26757,44.54189712395949,55.45810287604051,0.322,count,91145.5
BTC,19396,2026-01-04 23:42:24,SHORT,MODERATE,185,123,62,66.48648648648648,33.513513513513516,11270254.13326,13927542.95521,44.72714060554539,55.27285939445461,0.33,count,91292.5
BTC,19452,2026-01-05 00:43:33,SHORT,MODERATE,179,119,60,66.4804469273743,33.5195530726257,11429585.07306,14258137.75059,44.494349115823866,55.50565088417613,0.33,count,92027.5
BTC,19508,2026-01-05 01:44:43,SHORT,MODERATE,175,118,57,67.42857142857143,32.57142857142858,10680555.48224,13661583.98398,43.87681492443008,56.12318507556993,0.349,count,93135.5
BTC,19564,2026-01-05 02:45:52,SHORT,MODERATE,178,116,62,65.1685393258427,34.831460674157306,10329952.32962,14620749.61654,41.40144975444194,58.59855024555806,0.303,count,92930.5
BTC,19621,2026-01-05 03:47:01,SHORT,MODERATE,178,118,60,66.29213483146067,33.70786516853933,10632773.79616,14798411.3716,41.809981430356366,58.190018569643634,0.326,count,92905.5
BTC,19677,2026-01-05 04:48:11,SHORT,MODERATE,177,115,62,64.97175141242938,35.02824858757062,10138739.13229,15064009.76093,40.228703524548884,59.77129647545111,0.299,count,92455.5
BTC,19734,2026-01-05 05:49:20,SHORT,MODERATE,174,118,56,67.81609195402298,32.18390804597701,10362319.74781,15283910.94894,40.40484494714913,59.59515505285088,0.356,count,92472.5
BTC,19791,2026-01-05 06:50:30,SHORT,MODERATE,173,117,56,67.63005780346822,32.369942196531795,10115428.62487,15535310.31364,39.4352328372244,60.5647671627756,0.353,count,92420.5
BTC,19848,2026-01-05 07:51:39,SHORT,MODERATE,173,117,56,67.63005780346822,32.369942196531795,10177863.77897,15718498.62549,39.30229126395419,60.69770873604582,0.353,count,92494.5
BTC,19904,2026-01-05 08:52:48,SHORT,MODERATE,171,116,55,67.83625730994152,32.16374269005848,10262923.9182,15864460.3737,39.280334393756,60.719665606243986,0.357,count,92433.5
BTC,19959,2026-01-05 09:53:58,SHORT,MODERATE,175,120,55,68.57142857142857,31.428571428571427,10269891.17345,16266360.57314,38.701363220107815,61.29863677989218,0.371,count,92723.5
BTC,20015,2026-01-05 10:55:07,SHORT,MODERATE,176,118,58,67.04545454545455,32.95454545454545,9764120.335169999,16533952.161390001,37.12865395913417,62.87134604086583,0.341,count,93132.5
BTC,20074,2026-01-05 11:56:19,SHORT,MODERATE,185,119,66,64.32432432432432,35.67567567567568,11211887.92927,16722146.100550001,40.13701679213658,59.862983207863415,0.286,count,93112.5
BTC,20134,2026-01-05 12:57:30,SHORT,MODERATE,188,122,66,64.8936170212766,35.1063829787234,11565398.87001,16861706.883670002,40.68440512454495,59.31559487545505,0.298,count,92837.5
BTC,20192,2026-01-05 13:58:41,SHORT,MODERATE,188,117,71,62.23404255319149,37.765957446808514,11605030.38526,17076775.56314,40.46129593840091,59.53870406159909,0.245,count,92695.5
BTC,20248,2026-01-05 14:59:52,SHORT,MODERATE,178,116,62,65.1685393258427,34.831460674157306,10596783.319529999,16791553.131670002,38.69086148554929,61.30913851445071,0.303,count,93394.5
BTC,20279,2026-01-05 15:30:28,SHORT,MODERATE,181,116,65,64.08839779005525,35.91160220994475,10458068.03127,16710888.25426,38.492711760296416,61.50728823970357,0.282,count,93376.5
BTC,20342,2026-01-05 16:31:40,SHORT,MODERATE,182,115,67,63.18681318681318,36.81318681318682,11765575.55471,17097322.31731,40.76366692935457,59.23633307064543,0.264,count,93801.5
BTC,20402,2026-01-05 17:32:51,SHORT,MODERATE,185,115,70,62.16216216216216,37.83783783783784,8808245.34124,17709504.88078,33.216412657532864,66.78358734246714,0.243,count,93484.5
BTC,20463,2026-01-05 18:34:03,SHORT,MODERATE,186,120,66,64.51612903225806,35.483870967741936,9740776.084520001,17245930.90461,36.09471910909136,63.905280890908635,0.29,count,93977.5
BTC,20527,2026-01-05 19:35:14,SHORT,MODERATE,186,119,67,63.97849462365591,36.02150537634409,11496354.29019,17728328.07649,39.33782460300531,60.66217539699469,0.28,count,94409.5
BTC,20590,2026-01-05 20:36:26,SHORT,MODERATE,190,121,69,63.68421052631579,36.31578947368421,11897334.53146,19154271.35381,38.31471575228178,61.68528424771823,0.274,count,94270.5
BTC,20659,2026-01-05 21:37:38,SHORT,MODERATE,190,118,72,62.10526315789474,37.89473684210527,11595387.80879,19257102.246319998,37.58331268587345,62.41668731412655,0.242,count,93893.5
BTC,20721,2026-01-05 22:38:49,SHORT,MODERATE,189,118,71,62.43386243386243,37.56613756613756,11877162.17722,19398973.60605,37.97515863060437,62.024841369395624,0.249,count,94285.5
BTC,20785,2026-01-05 23:40:00,SHORT,MODERATE,190,118,72,62.10526315789474,37.89473684210527,11641773.574930001,19447574.1753,37.44618146530229,62.55381853469771,0.242,count,93823.5
BTC,20850,2026-01-06 00:41:11,SHORT,MODERATE,185,113,72,61.08108108108108,38.91891891891892,11538037.25622,19334046.76364,37.3736909008073,62.62630909919271,0.222,count,93517.5
BTC,20907,2026-01-06 01:42:22,SHORT,MODERATE,192,121,71,63.020833333333336,36.97916666666667,11834084.71103,20137487.67625,37.01439693888259,62.9856030611174,0.26,count,93904.5
BTC,20967,2026-01-06 02:43:33,SHORT,MODERATE,188,120,68,63.829787234042556,36.17021276595745,12306621.12688,19327544.38116,38.90294221212254,61.097057787877475,0.277,count,93577.5
BTC,21028,2026-01-06 03:44:44,SHORT,MODERATE,190,122,68,64.21052631578948,35.78947368421053,12438814.39295,18968669.51033,39.60461917693117,60.395380823068834,0.284,count,93742.5
BTC,21090,2026-01-06 04:45:55,SHORT,MODERATE,188,120,68,63.829787234042556,36.17021276595745,12327631.58993,18989692.12364,39.363617730171356,60.63638226982865,0.277,count,93783.5
BTC,21153,2026-01-06 05:47:06,SHORT,MODERATE,189,123,66,65.07936507936508,34.92063492063492,12404116.99032,18928720.77111,39.588233548348384,60.411766451651616,0.302,count,93570.5
BTC,21214,2026-01-06 06:48:17,SHORT,MODERATE,191,124,67,64.92146596858639,35.07853403141361,12556047.41664,18995892.07532,39.79485134294044,60.20514865705956,0.298,count,93848.5
BTC,21273,2026-01-06 07:49:28,SHORT,MODERATE,190,122,68,64.21052631578948,35.78947368421053,12992276.81493,18259668.94047,41.57269731816642,58.42730268183358,0.284,count,93200.5
BTC,21334,2026-01-06 08:50:40,SHORT,MODERATE,189,122,67,64.55026455026454,35.44973544973545,13191345.39897,18238292.46689,41.971038467798934,58.02896153220106,0.291,count,93180.5
BTC,21395,2026-01-06 09:51:51,SHORT,MODERATE,190,123,67,64.73684210526316,35.26315789473684,13250788.07127,18732501.04582,41.43034827581118,58.56965172418883,0.295,count,93479.5
BTC,21456,2026-01-06 10:53:03,SHORT,MODERATE,189,122,67,64.55026455026454,35.44973544973545,14437835.01827,18849256.41436,43.373675490665335,56.62632450933466,0.291,count,93535.5
BTC,21516,2026-01-06 11:54:15,SHORT,MODERATE,188,123,65,65.42553191489363,34.57446808510639,14645558.05364,18880379.87952,43.68426047569067,56.31573952430933,0.309,count,93829.5
BTC,21579,2026-01-06 12:55:26,SHORT,MODERATE,189,124,65,65.60846560846561,34.39153439153439,14574989.00525,18829238.88598,43.63216851683778,56.36783148316222,0.312,count,93826.5
BTC,21640,2026-01-06 13:56:37,SHORT,MODERATE,189,123,66,65.07936507936508,34.92063492063492,13098980.65086,18866789.37989,40.978148307577825,59.021851692422175,0.302,count,93695.5
BTC,21703,2026-01-06 14:57:49,SHORT,MODERATE,192,124,68,64.58333333333334,35.41666666666667,13567752.451779999,18819085.86803,41.89279706096237,58.10720293903763,0.292,count,93602.5
BTC,21761,2026-01-06 15:59:00,SHORT,MODERATE,189,125,64,66.13756613756614,33.86243386243386,12061605.88711,18651238.58181,39.272187567373635,60.72781243262637,0.323,count,93510.5
BTC,21790,2026-01-06 16:29:36,SHORT,MODERATE,190,123,67,64.73684210526316,35.26315789473684,10922670.93868,18517173.86318,37.10165937420265,62.89834062579735,0.295,count,92834.5
BTC,21855,2026-01-06 17:30:47,SHORT,MODERATE,191,124,67,64.92146596858639,35.07853403141361,10926942.03522,18979136.85512,36.537528290776784,63.46247170922322,0.298,count,92525.5
BTC,21911,2026-01-06 18:31:58,SHORT,MODERATE,191,127,64,66.49214659685863,33.50785340314136,13422969.86366,18690641.43,41.79838181671588,58.20161818328412,0.33,count,92014.5
BTC,21968,2026-01-06 19:33:10,SHORT,MODERATE,196,134,62,68.36734693877551,31.63265306122449,14299961.46134,17994237.71797,44.28027888829518,55.719721111704814,0.367,count,92336.0
BTC,22026,2026-01-06 20:34:21,SHORT,MODERATE,194,133,61,68.55670103092784,31.443298969072163,14426931.54146,18021790.11528,44.46070848052453,55.539291519475476,0.371,count,92602.5
BTC,22082,2026-01-06 21:35:31,SHORT,MODERATE,187,128,59,68.44919786096256,31.550802139037433,13360310.50284,18381464.93348,42.09062133163693,57.909378668363054,0.369,count,93755.5
BTC,22142,2026-01-06 22:36:42,SHORT,MODERATE,190,126,64,66.3157894736842,33.68421052631579,12729687.76787,18406176.51961,40.88432442515726,59.115675574842754,0.326,count,93098.5
BTC,22205,2026-01-06 23:37:54,SHORT,MODERATE,187,124,63,66.31016042780749,33.68983957219251,12788825.77483,18353239.2549,41.06608140025735,58.933918599742654,0.326,count,93664.5
BTC,22264,2026-01-07 00:39:05,SHORT,MODERATE,183,122,61,66.66666666666666,33.33333333333333,12134396.71272,18602732.14647,39.47797716666687,60.52202283333313,0.333,count,93252.5
BTC,22322,2026-01-07 01:40:16,SHORT,MODERATE,181,121,60,66.85082872928176,33.14917127071823,13089603.59349,18515197.221529998,41.41650399919383,58.58349600080618,0.337,count,92621.5
BTC,22379,2026-01-07 02:41:27,SHORT,MODERATE,179,122,57,68.15642458100558,31.843575418994412,13467185.59549,18356397.55953,42.31825665227023,57.68174334772978,0.363,count,92908.5
BTC,22438,2026-01-07 03:42:39,SHORT,MODERATE,175,119,56,68.0,32.0,13016838.90205,18427172.70008,41.396877302921,58.603122697079,0.36,count,92909.5
BTC,22498,2026-01-07 04:43:50,SHORT,MODERATE,179,123,56,68.71508379888269,31.28491620111732,13104627.48303,18315072.17411,41.70831556644758,58.29168443355242,0.374,count,92769.5
BTC,22554,2026-01-07 05:45:01,SHORT,MODERATE,182,124,58,68.13186813186813,31.868131868131865,12762014.60153,18303008.29864,41.08161980933277,58.91838019066723,0.363,count,92811.5
BTC,22612,2026-01-07 06:46:12,SHORT,MODERATE,184,125,59,67.93478260869566,32.065217391304344,12786423.59767,18325269.29123,41.09845016576365,58.901549834236356,0.359,count,92730.5
BTC,22670,2026-01-07 07:47:22,SHORT,MODERATE,180,124,56,68.88888888888889,31.11111111111111,13431622.66176,18291430.30796,42.34025859547828,57.659741404521725,0.378,count,92882.5
BTC,22729,2026-01-07 08:48:34,SHORT,MODERATE,184,126,58,68.47826086956522,31.521739130434785,13497134.62419,18378753.20352,42.34277237121163,57.65722762878836,0.37,count,92771.5
BTC,22787,2026-01-07 09:49:46,SHORT,MODERATE,176,118,58,67.04545454545455,32.95454545454545,12673524.47115,18184805.27402,41.07002736638292,58.929972633617076,0.341,count,91767.5
BTC,22844,2026-01-07 10:50:57,SHORT,MODERATE,183,122,61,66.66666666666666,33.33333333333333,13166407.62908,18655725.07654,41.37500069803532,58.624999301964685,0.333,count,91995.5
BTC,22900,2026-01-07 11:52:08,SHORT,MODERATE,183,121,62,66.12021857923497,33.87978142076503,20518795.75957,19109026.14345,51.77876243055963,48.221237569440376,0.322,count,92238.5
BTC,22956,2026-01-07 12:53:31,SHORT,MODERATE,185,120,65,64.86486486486487,35.13513513513514,20505253.28987,19149358.29381,51.709630912912566,48.29036908708743,0.297,count,92113.5
BTC,23012,2026-01-07 13:54:43,SHORT,MODERATE,188,120,68,63.829787234042556,36.17021276595745,20752795.1531,19370278.51986,51.7228448703965,48.2771551296035,0.277,count,92132.5
BTC,23067,2026-01-07 14:55:54,SHORT,MODERATE,188,122,66,64.8936170212766,35.1063829787234,12324917.89547,19707412.5982,38.476494546363284,61.523505453636716,0.298,count,92242.5
BTC,23121,2026-01-07 15:57:06,SHORT,MODERATE,188,126,62,67.02127659574468,32.97872340425532,13454373.27701,18833232.69397,41.67039603091895,58.329603969081056,0.34,count,91418.5
BTC,23176,2026-01-07 16:58:17,SHORT,MODERATE,194,127,67,65.4639175257732,34.5360824742268,13114154.99011,19360243.4037,40.383057542983494,59.6169424570165,0.309,count,91342.5
BTC,23233,2026-01-07 17:59:28,SHORT,MODERATE,192,124,68,64.58333333333334,35.41666666666667,13267200.18488,19041091.06152,41.06438215409587,58.93561784590413,0.292,count,91336.5
BTC,23260,2026-01-07 18:30:04,SHORT,MODERATE,191,125,66,65.44502617801047,34.55497382198953,13358132.61531,19178149.06499,41.056113131077474,58.94388686892253,0.309,count,91373.5
BTC,23318,2026-01-07 19:31:15,SHORT,MODERATE,186,122,64,65.59139784946237,34.40860215053764,15061475.69127,18161805.09897,45.334101067148694,54.665898932851306,0.312,count,91062.5
BTC,23376,2026-01-07 20:32:27,SHORT,MODERATE,191,125,66,65.44502617801047,34.55497382198953,13688389.80835,18138720.76819,43.00858469521206,56.99141530478794,0.309,count,91005.5
BTC,23432,2026-01-07 21:33:38,SHORT,MODERATE,195,129,66,66.15384615384615,33.84615384615385,15328913.75639,17932648.25194,46.085970804831824,53.91402919516817,0.323,count,91264.5
BTC,23488,2026-01-07 22:34:49,SHORT,MODERATE,193,127,66,65.80310880829016,34.196891191709845,15289517.03255,17927489.85831,46.02918343240934,53.97081656759066,0.316,count,91256.5
BTC,23542,2026-01-07 23:36:00,SHORT,MODERATE,199,133,66,66.83417085427136,33.165829145728644,15397512.71745,17891261.9713,46.25436911216085,53.74563088783915,0.337,count,91271.5
BTC,23599,2026-01-08 00:37:21,SHORT,MODERATE,195,129,66,66.15384615384615,33.84615384615385,13271299.631479999,17867003.14872,42.62049773605149,57.37950226394851,0.323,count,91171.5
BTC,23655,2026-01-08 01:38:32,SHORT,MODERATE,193,129,64,66.83937823834198,33.160621761658035,13394420.70408,17895797.01745,42.807054982118714,57.19294501788129,0.337,count,91350.5
BTC,23711,2026-01-08 02:39:43,SHORT,MODERATE,190,127,63,66.84210526315789,33.1578947368421,13323240.72672,17840458.44686,42.75243658498409,57.24756341501591,0.337,count,90907.5
BTC,23767,2026-01-08 03:40:54,SHORT,MODERATE,189,127,62,67.1957671957672,32.804232804232804,13243409.55619,17142774.46682,43.58365481549576,56.416345184504245,0.344,count,91041.5
BTC,23823,2026-01-08 04:42:06,SHORT,MODERATE,191,127,64,66.49214659685863,33.50785340314136,13253677.32414,14583162.32097,47.61200442690421,52.38799557309579,0.33,count,91071.5
BTC,23876,2026-01-08 05:43:17,SHORT,MODERATE,191,127,64,66.49214659685863,33.50785340314136,12545601.54547,14591696.18557,46.2301061432516,53.769893856748396,0.33,count,90930.5
BTC,23929,2026-01-08 06:44:28,SHORT,MODERATE,190,129,61,67.89473684210526,32.10526315789474,13540799.11083,13863182.00462,49.411795511696205,50.58820448830379,0.358,count,90388.5
BTC,23981,2026-01-08 07:45:39,SHORT,MODERATE,188,125,63,66.48936170212765,33.51063829787234,15315232.548179999,13254986.63889,53.60558296000474,46.39441703999527,0.33,count,90440.5
BTC,24034,2026-01-08 08:46:50,SHORT,MODERATE,192,129,63,67.1875,32.8125,15007768.45993,13653688.70229,52.362196293747544,47.637803706252456,0.344,count,90357.0
BTC,24090,2026-01-08 09:48:01,SHORT,MODERATE,192,129,63,67.1875,32.8125,15028196.41689,13433415.16267,52.801635546465874,47.198364453534126,0.344,count,90030.0
BTC,24142,2026-01-08 10:49:15,SHORT,MODERATE,194,133,61,68.55670103092784,31.443298969072163,15044408.12814,13274895.35066,53.12421662984167,46.87578337015833,0.371,count,90303.5
BTC,24196,2026-01-08 11:50:26,SHORT,MODERATE,194,129,65,66.49484536082474,33.50515463917525,14776041.62344,13519657.88813,52.22009661714896,47.77990338285104,0.33,count,90157.5
BTC,24256,2026-01-08 12:51:38,SHORT,MODERATE,194,128,66,65.97938144329896,34.02061855670103,14822588.41639,13575983.31376,52.194837674365345,47.80516232563465,0.32,count,90046.5
BTC,24314,2026-01-08 13:52:49,SHORT,MODERATE,194,131,63,67.5257731958763,32.47422680412371,15740434.76423,11497469.284079999,57.78871507995723,42.21128492004278,0.351,count,89887.5
BTC,24372,2026-01-08 14:54:01,SHORT,MODERATE,195,133,62,68.2051282051282,31.794871794871792,11994243.34705,11188937.90131,51.73683119049283,48.26316880950718,0.364,count,90080.5
BTC,24428,2026-01-08 15:55:12,SHORT,MODERATE,200,134,66,67.0,33.0,11975485.2704,13228556.24987,47.51414673225674,52.485853267743266,0.34,count,90472.5
BTC,24488,2026-01-08 16:56:24,SHORT,MODERATE,204,135,69,66.17647058823529,33.82352941176471,11941689.28584,13013448.09558,47.85262891291882,52.147371087081176,0.324,count,90789.5
BTC,24548,2026-01-08 17:57:35,SHORT,MODERATE,198,134,64,67.67676767676768,32.323232323232325,11750775.81296,12414581.13499,48.626535243282824,51.37346475671718,0.354,count,91391.5
BTC,24612,2026-01-08 18:58:46,SHORT,MODERATE,198,131,67,66.16161616161617,33.83838383838384,11716409.52489,12350705.76778,48.68223458612179,51.31776541387821,0.323,count,91058.5
BTC,24674,2026-01-08 19:59:57,SHORT,MODERATE,197,129,68,65.48223350253807,34.51776649746193,11787699.24271,12175130.86581,49.19159877747026,50.80840122252973,0.31,count,90928.5
BTC,24705,2026-01-08 20:30:33,SHORT,MODERATE,196,130,66,66.3265306122449,33.6734693877551,12250184.00807,12112053.96756,50.28349210086564,49.71650789913436,0.327,count,90656.5
BTC,24764,2026-01-08 21:31:44,SHORT,MODERATE,194,129,65,66.49484536082474,33.50515463917525,12349159.14309,12274434.3125,50.15173421118402,49.84826578881597,0.33,count,91080.5
BTC,24823,2026-01-08 22:32:55,SHORT,MODERATE,197,131,66,66.49746192893402,33.50253807106599,12242027.771879999,12286118.87705,49.91012140908754,50.08987859091246,0.33,count,91112.5
BTC,24880,2026-01-08 23:34:06,SHORT,MODERATE,198,131,67,66.16161616161617,33.83838383838384,11829909.68097,12369832.23732,48.88444563133557,51.11555436866443,0.323,count,91179.5
BTC,24937,2026-01-09 00:35:17,SHORT,MODERATE,197,131,66,66.49746192893402,33.50253807106599,11847881.33865,12407645.68599,48.84610969951021,51.15389030048978,0.33,count,91078.5
BTC,24992,2026-01-09 01:36:28,SHORT,MODERATE,198,133,65,67.17171717171718,32.82828282828283,12346312.22446,12424910.93524,49.84135076763616,50.15864923236385,0.343,count,91074.5
BTC,25048,2026-01-09 02:37:39,SHORT,MODERATE,196,130,66,66.3265306122449,33.6734693877551,12616994.82352,11017632.25594,53.38351555580487,46.61648444419513,0.327,count,91218.5
BTC,25104,2026-01-09 03:38:50,SHORT,MODERATE,194,131,63,67.5257731958763,32.47422680412371,12369531.85324,10048040.97491,55.17783726214748,44.822162737852516,0.351,count,91194.5
BTC,25161,2026-01-09 04:40:02,SHORT,MODERATE,195,132,63,67.6923076923077,32.30769230769231,12308607.343600001,10008120.24468,55.15417659202002,44.84582340797999,0.354,count,90975.5
BTC,25215,2026-01-09 05:41:15,SHORT,MODERATE,196,133,63,67.85714285714286,32.142857142857146,12365539.029450001,9734691.40781,55.95208187785343,44.04791812214658,0.357,count,91023.5
BTC,25271,2026-01-09 06:42:27,SHORT,MODERATE,198,137,61,69.1919191919192,30.808080808080806,12435393.381550001,9684220.10087,56.2188547798689,43.78114522013111,0.384,count,91125.5
BTC,25328,2026-01-09 07:43:39,SHORT,MODERATE,197,136,61,69.03553299492386,30.96446700507614,12527281.559489999,9658093.32163,56.466395662084835,43.53360433791518,0.381,count,90996.5
BTC,25384,2026-01-09 08:44:50,SHORT,MODERATE,196,132,64,67.3469387755102,32.6530612244898,12827341.74981,10048332.08621,56.07415913411079,43.92584086588921,0.347,count,90318.5
BTC,25438,2026-01-09 09:46:01,SHORT,MODERATE,190,127,63,66.84210526315789,33.1578947368421,12754077.78025,9716495.355349999,56.75902302662582,43.240976973374174,0.337,count,90276.5
BTC,25492,2026-01-09 10:47:13,SHORT,MODERATE,192,126,66,65.625,34.375,12341184.69008,9870647.84143,55.56130802162601,44.438691978373996,0.312,count,90509.5
BTC,25547,2026-01-09 11:48:25,SHORT,MODERATE,192,125,67,65.10416666666666,34.89583333333333,13123922.83639,9766388.05784,57.333964999567435,42.666035000432565,0.302,count,90447.5
BTC,25601,2026-01-09 12:49:36,SHORT,MODERATE,189,118,71,62.43386243386243,37.56613756613756,12997522.41919,10009381.50264,56.49400920415615,43.505990795843864,0.249,count,90438.5
BTC,25655,2026-01-09 13:50:48,SHORT,MODERATE,194,126,68,64.94845360824742,35.051546391752574,13354066.912010001,10101583.0081,56.933263232926755,43.06673676707324,0.299,count,90505.5
BTC,25712,2026-01-09 14:51:59,SHORT,MODERATE,198,130,68,65.65656565656566,34.34343434343434,13533816.66167,10137816.83493,57.17314212225314,42.82685787774685,0.313,count,90120.5
BTC,25766,2026-01-09 15:53:11,SHORT,MODERATE,191,128,63,67.01570680628272,32.98429319371728,14264594.29912,8949638.77239,61.447622478756045,38.55237752124395,0.34,count,91337.5
BTC,25817,2026-01-09 16:54:22,SHORT,MODERATE,187,125,62,66.84491978609626,33.155080213903744,13740680.3593,9834903.38579,58.283521239051915,41.71647876094809,0.337,count,91617.5
BTC,25869,2026-01-09 17:55:33,SHORT,MODERATE,189,124,65,65.60846560846561,34.39153439153439,12747235.70728,9560169.8418,57.14351531931386,42.856484680686144,0.312,count,91468.0
BTC,25920,2026-01-09 18:56:45,SHORT,MODERATE,180,118,62,65.55555555555556,34.44444444444444,11976479.622440001,9572059.72689,55.579078601503355,44.420921398496645,0.311,count,90915.5
BTC,25969,2026-01-09 19:57:57,SHORT,MODERATE,185,122,63,65.94594594594595,34.054054054054056,12310858.48077,9999384.63044,55.18029731636715,44.81970268363285,0.319,count,90376.5
BTC,26017,2026-01-09 20:59:08,SHORT,MODERATE,184,122,62,66.30434782608695,33.69565217391305,12420167.75274,10029933.322689999,55.32343801486475,44.67656198513525,0.326,count,90261.5
BTC,26041,2026-01-09 21:29:44,SHORT,MODERATE,183,122,61,66.66666666666666,33.33333333333333,12383284.37161,9871795.0401,55.64250813274681,44.35749186725318,0.333,count,90565.5
BTC,26090,2026-01-09 22:30:55,SHORT,MODERATE,185,123,62,66.48648648648648,33.513513513513516,12465642.72702,9889851.97625,55.7609790902843,44.2390209097157,0.33,count,90567.5
BTC,26137,2026-01-09 23:32:06,SHORT,MODERATE,182,123,59,67.58241758241759,32.417582417582416,12468693.5663,9914438.96117,55.705757677115244,44.29424232288475,0.352,count,90672.5
BTC,26185,2026-01-10 00:33:18,SHORT,MODERATE,181,122,59,67.40331491712708,32.59668508287293,12409035.13145,8971238.07058,58.039647174722695,41.9603528252773,0.348,count,90636.5
BTC,26233,2026-01-10 01:34:29,SHORT,MODERATE,183,123,60,67.21311475409836,32.78688524590164,12421559.8003,9815994.03077,55.85848108412343,44.141518915876574,0.344,count,90682.5
BTC,26281,2026-01-10 02:35:40,SHORT,MODERATE,185,126,59,68.10810810810811,31.891891891891895,12518773.27323,10774111.74342,53.74505246680027,46.25494753319973,0.362,count,90743.5
BTC,26329,2026-01-10 03:36:51,SHORT,MODERATE,185,126,59,68.10810810810811,31.891891891891895,12593350.48578,10666567.70115,54.14185202446817,45.858147975531836,0.362,count,90609.5
BTC,26377,2026-01-10 04:38:03,SHORT,MODERATE,184,123,61,66.84782608695652,33.15217391304348,12500866.20699,11575211.675619999,51.922353250149996,48.07764674984999,0.337,count,90500.5
BTC,26423,2026-01-10 05:39:14,SHORT,MODERATE,186,124,62,66.66666666666666,33.33333333333333,12512234.39342,12469278.45822,50.085975448034525,49.91402455196547,0.333,count,90566.5
BTC,26472,2026-01-10 06:40:26,SHORT,MODERATE,185,123,62,66.48648648648648,33.513513513513516,12508423.25766,12769157.19959,49.48425850652328,50.51574149347672,0.33,count,90537.5
BTC,26521,2026-01-10 07:41:37,SHORT,MODERATE,186,122,64,65.59139784946237,34.40860215053764,12467654.48844,12833023.8806,49.27794546290289,50.722054537097115,0.312,count,90599.5
BTC,26569,2026-01-10 08:42:48,SHORT,MODERATE,188,123,65,65.42553191489363,34.57446808510639,12581091.97256,12828337.18752,49.513477431148985,50.48652256885101,0.309,count,90638.5
BTC,26618,2026-01-10 09:44:00,SHORT,MODERATE,188,123,65,65.42553191489363,34.57446808510639,12580286.45758,12801930.22281,49.563387689852085,50.43661231014791,0.309,count,90652.5
BTC,26667,2026-01-10 10:45:11,SHORT,MODERATE,188,125,63,66.48936170212765,33.51063829787234,12656597.79138,12847200.67913,49.62632451011093,50.37367548988907,0.33,count,90768.5
BTC,26720,2026-01-10 11:46:23,SHORT,MODERATE,187,125,62,66.84491978609626,33.155080213903744,12674610.84481,12863017.84283,49.631118847555356,50.368881152444644,0.337,count,90738.5
BTC,26774,2026-01-10 12:47:34,SHORT,MODERATE,189,129,60,68.25396825396825,31.746031746031743,12677912.31671,12709733.472,49.937329448435605,50.062670551564395,0.365,count,90698.5
BTC,26828,2026-01-10 13:48:45,SHORT,MODERATE,189,126,63,66.66666666666666,33.33333333333333,11777492.03516,13600592.866390001,46.40811976494204,53.59188023505794,0.333,count,90698.5
BTC,26882,2026-01-10 14:49:57,SHORT,MODERATE,192,128,64,66.66666666666666,33.33333333333333,11694253.00807,13615071.75338,46.20531412154523,53.79468587845477,0.333,count,90562.5
BTC,26939,2026-01-10 15:51:09,SHORT,MODERATE,191,126,65,65.96858638743456,34.031413612565444,11698292.65419,13591199.51668,46.257522986819076,53.74247701318093,0.319,count,90625.5
BTC,26994,2026-01-10 16:52:20,SHORT,MODERATE,191,126,65,65.96858638743456,34.031413612565444,11687357.49115,13596940.18003,46.22377747305077,53.77622252694923,0.319,count,90650.5
BTC,27050,2026-01-10 17:53:32,SHORT,MODERATE,191,127,64,66.49214659685863,33.50785340314136,11719419.79092,13466872.44016,46.530945021189666,53.46905497881033,0.33,count,90558.5
BTC,27106,2026-01-10 18:54:44,SHORT,MODERATE,194,130,64,67.0103092783505,32.98969072164948,11726067.63567,15210388.49403,43.53233246128802,56.46766753871197,0.34,count,90555.5
BTC,27162,2026-01-10 19:55:56,SHORT,MODERATE,194,129,65,66.49484536082474,33.50515463917525,11611246.68123,15219692.56612,43.27558783607176,56.72441216392824,0.33,count,90591.5
BTC,27218,2026-01-10 20:57:08,SHORT,MODERATE,194,129,65,66.49484536082474,33.50515463917525,11599947.16361,15233003.900009999,43.230232619986246,56.76976738001375,0.33,count,90540.5
BTC,27273,2026-01-10 21:58:19,SHORT,MODERATE,197,129,68,65.48223350253807,34.51776649746193,11622241.79771,15210479.72535,43.31368992042742,56.686310079572564,0.31,count,90477.5
BTC,27325,2026-01-10 22:59:30,SHORT,MODERATE,196,127,69,64.79591836734694,35.204081632653065,11567899.56245,15522354.18635,42.70133336407901,57.298666635920995,0.296,count,90391.5
BTC,27351,2026-01-10 23:30:06,SHORT,MODERATE,196,128,68,65.3061224489796,34.69387755102041,11648813.20994,15534102.23728,42.853435763937995,57.14656423606201,0.306,count,90514.5
BTC,27403,2026-01-11 00:31:17,SHORT,MODERATE,195,127,68,65.12820512820512,34.87179487179487,11594676.32883,15513811.70241,42.77138701158183,57.22861298841817,0.303,count,90573.5
BTC,27457,2026-01-11 01:32:29,SHORT,MODERATE,196,127,69,64.79591836734694,35.204081632653065,11641738.25692,15565084.86273,42.78977448312152,57.21022551687849,0.296,count,90546.5
BTC,27510,2026-01-11 02:33:40,SHORT,MODERATE,195,126,69,64.61538461538461,35.38461538461539,11615800.22376,15666044.06039,42.57703439246027,57.422965607539744,0.292,count,90632.5
BTC,27562,2026-01-11 03:34:51,SHORT,MODERATE,194,126,68,64.94845360824742,35.051546391752574,11615182.33078,15417261.55703,42.96756289954881,57.0324371004512,0.299,count,90681.5
BTC,27615,2026-01-11 04:36:03,SHORT,MODERATE,193,127,66,65.80310880829016,34.196891191709845,11992903.86786,13619889.69828,46.82388056144944,53.176119438550565,0.316,count,90746.5
BTC,27668,2026-01-11 05:37:14,SHORT,MODERATE,193,127,66,65.80310880829016,34.196891191709845,12003088.84991,13759491.75256,46.59117436690018,53.40882563309982,0.316,count,90754.5
BTC,27720,2026-01-11 06:38:26,SHORT,MODERATE,189,127,62,67.1957671957672,32.804232804232804,12029059.073,13473050.4549,47.16887855822234,52.831121441777654,0.344,count,90635.5
BTC,27773,2026-01-11 07:39:37,SHORT,MODERATE,190,128,62,67.36842105263158,32.631578947368425,12024038.673659999,13479100.2348,47.147289268268615,52.85271073173138,0.347,count,90674.5
BTC,27825,2026-01-11 08:40:49,SHORT,MODERATE,192,130,62,67.70833333333334,32.29166666666667,12101088.46816,13483435.7258,47.29846987350591,52.7015301264941,0.354,count,90649.5
BTC,27877,2026-01-11 09:42:00,SHORT,MODERATE,194,130,64,67.0103092783505,32.98969072164948,12115381.054,13518063.50031,47.26396028567656,52.73603971432343,0.34,count,90640.5
BTC,27930,2026-01-11 10:43:11,SHORT,MODERATE,196,131,65,66.83673469387756,33.16326530612245,12138650.47109,13524262.7119,47.300360580792486,52.699639419207514,0.337,count,90705.5
BTC,27986,2026-01-11 11:44:23,SHORT,MODERATE,197,131,66,66.49746192893402,33.50253807106599,12154447.23256,13447272.71961,47.47511985627274,52.52488014372726,0.33,count,90708.5
BTC,28038,2026-01-11 12:45:34,SHORT,MODERATE,199,133,66,66.83417085427136,33.165829145728644,12384633.49819,12592577.44928,49.583732644274555,50.41626735572544,0.337,count,90875.5
BTC,28088,2026-01-11 13:46:45,SHORT,MODERATE,195,133,62,68.2051282051282,31.794871794871792,12260429.69667,12564896.6206,49.38678162768359,50.6132183723164,0.364,count,90818.5
BTC,28140,2026-01-11 14:47:57,SHORT,MODERATE,193,134,59,69.43005181347151,30.569948186528496,13097064.86627,12559886.30528,51.04684800114844,48.953151998851574,0.389,count,91013.5
BTC,28194,2026-01-11 15:49:08,SHORT,MODERATE,188,129,59,68.61702127659575,31.382978723404253,12806283.95072,12270524.46182,51.06823699429008,48.931763005709925,0.372,count,90692.5
BTC,28247,2026-01-11 16:50:20,SHORT,MODERATE,187,130,57,69.5187165775401,30.481283422459892,12893389.8078,12228143.97691,51.32405496533594,48.67594503466405,0.39,count,90992.5
BTC,28302,2026-01-11 17:51:32,SHORT,MODERATE,188,131,57,69.68085106382979,30.319148936170215,12978442.90822,12308114.30107,51.325464359584174,48.67453564041583,0.394,count,90936.5
BTC,28356,2026-01-11 18:52:44,SHORT,MODERATE,188,130,58,69.14893617021278,30.851063829787233,12997063.81013,12304902.65186,51.36780111401579,48.63219888598422,0.383,count,90811.5
BTC,28410,2026-01-11 19:53:56,SHORT,MODERATE,187,129,58,68.98395721925134,31.016042780748666,13059830.9823,12347287.57148,51.402251517250455,48.59774848274955,0.38,count,90702.5
BTC,28463,2026-01-11 20:55:07,SHORT,MODERATE,178,121,57,67.97752808988764,32.02247191011236,12701520.0174,12239471.85092,50.92628266133011,49.073717338669894,0.36,count,90636.5
BTC,28515,2026-01-11 21:56:18,SHORT,MODERATE,179,122,57,68.15642458100558,31.843575418994412,12578362.24166,14136828.24622,47.08318380648075,52.91681619351925,0.363,count,90766.5
BTC,28567,2026-01-11 22:57:29,SHORT,MODERATE,179,119,60,66.4804469273743,33.5195530726257,12721105.12528,14220641.71518,47.21707616291595,52.78292383708405,0.33,count,90568.5
BTC,28619,2026-01-11 23:58:41,SHORT,MODERATE,178,119,59,66.85393258426966,33.146067415730336,12582296.68758,14370818.77849,46.682160744717095,53.317839255282905,0.337,count,90949.5
BTC,28673,2026-01-12 00:59:52,SHORT,MODERATE,179,117,62,65.36312849162012,34.63687150837989,12658123.74957,14960975.09914,45.83105270344916,54.16894729655084,0.307,count,91226.5
BTC,28698,2026-01-12 01:30:27,SHORT,MODERATE,181,121,60,66.85082872928176,33.14917127071823,11893367.13082,13265757.35362,47.272579529449104,52.7274204705509,0.337,count,91447.5
BTC,28751,2026-01-12 02:31:39,SHORT,MODERATE,180,122,58,67.77777777777779,32.22222222222222,11776721.977289999,13923587.62556,45.823268899391145,54.17673110060887,0.356,count,91727.5
BTC,28805,2026-01-12 03:32:50,SHORT,MODERATE,170,116,54,68.23529411764706,31.76470588235294,10596912.631169999,14250381.74429,42.648155050780325,57.351844949219675,0.365,count,92190.0
BTC,28858,2026-01-12 04:34:02,SHORT,MODERATE,168,117,51,69.64285714285714,30.357142857142854,10348028.23868,14564416.68236,41.5375860196704,58.46241398032961,0.393,count,92079.5
BTC,28913,2026-01-12 05:35:13,SHORT,MODERATE,169,118,51,69.8224852071006,30.17751479289941,10394308.38451,13746326.99851,43.05731071113866,56.94268928886134,0.396,count,92142.5
BTC,28967,2026-01-12 06:36:24,SHORT,STRONG,174,122,52,70.11494252873564,29.88505747126437,10473666.75837,13732476.42259,43.26863094244749,56.73136905755251,0.402,count,91857.5
BTC,29021,2026-01-12 07:37:36,SHORT,MODERATE,173,117,56,67.63005780346822,32.369942196531795,10303654.58347,13959974.8807,42.46542999135955,57.53457000864044,0.353,count,91607.5
BTC,29075,2026-01-12 08:38:47,SHORT,MODERATE,167,116,51,69.46107784431138,30.538922155688624,10817826.62269,13113447.17924,45.20372259422968,54.79627740577032,0.389,count,90691.5
BTC,29128,2026-01-12 09:39:59,SHORT,STRONG,170,120,50,70.58823529411765,29.411764705882355,11331675.53308,13142422.52153,46.30068698668771,53.6993130133123,0.412,count,90757.5
BTC,29180,2026-01-12 10:41:10,SHORT,MODERATE,173,120,53,69.36416184971098,30.63583815028902,12041727.406609999,13123084.05077,47.85145093180726,52.14854906819275,0.387,count,90563.5
BTC,29233,2026-01-12 11:42:22,SHORT,MODERATE,176,122,54,69.31818181818183,30.681818181818183,12237799.094870001,13169955.509440001,48.16560646722423,51.83439353277577,0.386,count,90537.5
BTC,29283,2026-01-12 12:43:33,SHORT,MODERATE,176,122,54,69.31818181818183,30.681818181818183,12460535.08372,13080095.71769,48.78710780718893,51.21289219281107,0.386,count,90698.5
BTC,29336,2026-01-12 13:44:44,SHORT,MODERATE,179,122,57,68.15642458100558,31.843575418994412,12517508.24645,13076054.702779999,48.908814576856706,51.09118542314328,0.363,count,90604.5
BTC,29388,2026-01-12 14:45:55,SHORT,MODERATE,182,124,58,68.13186813186813,31.868131868131865,12684360.52929,13268042.49381,48.87547607055795,51.12452392944205,0.363,count,90703.5
BTC,29436,2026-01-12 15:47:06,SHORT,MODERATE,182,123,59,67.58241758241759,32.417582417582416,12160590.0106,14689337.28314,45.29096067025557,54.70903932974443,0.352,count,91426.5
BTC,29485,2026-01-12 16:48:18,SHORT,MODERATE,176,118,58,67.04545454545455,32.95454545454545,10665419.78095,17355679.32743,38.06210363019057,61.93789636980943,0.341,count,92055.5
BTC,29533,2026-01-12 17:49:29,SHORT,MODERATE,178,120,58,67.41573033707866,32.58426966292135,12636094.18953,15849094.86317,44.36022582174955,55.639774178250455,0.348,count,91440.5
BTC,29582,2026-01-12 18:50:40,SHORT,MODERATE,181,126,55,69.61325966850829,30.386740331491712,14319805.75591,13731538.91139,51.048553735118716,48.95144626488128,0.392,count,91658.5
BTC,29632,2026-01-12 19:51:52,SHORT,STRONG,179,126,53,70.39106145251397,29.608938547486037,13896122.41055,13689490.80931,50.374527837378714,49.62547216262128,0.408,count,91770.5
BTC,29681,2026-01-12 20:53:03,SHORT,MODERATE,180,124,56,68.88888888888889,31.11111111111111,14169377.72648,13588643.96552,51.04606475094615,48.95393524905384,0.378,count,91411.5
BTC,29730,2026-01-12 21:54:14,SHORT,MODERATE,183,124,59,67.75956284153006,32.240437158469945,14077112.14198,13578319.76224,50.90179820996376,49.09820179003625,0.355,count,90984.5
BTC,29777,2026-01-12 22:55:25,SHORT,MODERATE,182,123,59,67.58241758241759,32.417582417582416,14416721.42885,13727070.67418,51.2252271338299,48.774772866170096,0.352,count,91195.5
BTC,29826,2026-01-12 23:56:37,SHORT,MODERATE,179,121,58,67.59776536312849,32.402234636871505,14500073.20106,13723615.30555,51.3755429155338,48.62445708446621,0.352,count,91217.5
BTC,29874,2026-01-13 00:57:48,SHORT,MODERATE,183,123,60,67.21311475409836,32.78688524590164,14042220.52515,13746350.99532,50.532358292710455,49.46764170728953,0.344,count,91460.5
BTC,29922,2026-01-13 01:58:59,SHORT,MODERATE,181,123,58,67.95580110497238,32.04419889502763,13913209.03641,13653199.59784,50.47160557260069,49.52839442739931,0.359,count,91128.5
BTC,29946,2026-01-13 02:29:35,SHORT,MODERATE,183,125,58,68.30601092896174,31.693989071038253,13357982.91829,13670155.84993,49.422503831438334,50.577496168561666,0.366,count,91243.5
BTC,29994,2026-01-13 03:30:46,SHORT,MODERATE,183,125,58,68.30601092896174,31.693989071038253,13104185.992800001,13668287.17576,48.94649033840018,51.053509661599826,0.366,count,91334.5
BTC,30042,2026-01-13 04:31:58,SHORT,MODERATE,181,124,57,68.50828729281768,31.491712707182316,12886186.49293,13641458.73096,48.57644311876234,51.423556881237666,0.37,count,91398.5
BTC,30090,2026-01-13 05:33:10,SHORT,STRONG,176,124,52,70.45454545454545,29.545454545454547,11925218.189580001,13500830.84721,46.90157787521338,53.09842212478664,0.409,count,91963.5
BTC,30138,2026-01-13 06:34:21,SHORT,STRONG,179,126,53,70.39106145251397,29.608938547486037,12007552.52585,13791107.81953,46.54331800604639,53.456681993953616,0.408,count,91971.5
BTC,30186,2026-01-13 07:35:32,SHORT,MODERATE,179,124,55,69.27374301675978,30.726256983240223,11854945.28919,14057403.83333,45.750175845257736,54.249824154742264,0.385,count,91996.5
BTC,30234,2026-01-13 08:36:43,SHORT,MODERATE,180,125,55,69.44444444444444,30.555555555555557,11901757.30364,14147299.44792,45.68978223339023,54.31021776660976,0.389,count,92071.5
BTC,30282,2026-01-13 09:37:55,SHORT,STRONG,177,124,53,70.05649717514125,29.943502824858758,11673924.48204,14419842.0344,44.73836490674895,55.26163509325106,0.401,count,92385.5
BTC,30330,2026-01-13 10:39:07,SHORT,MODERATE,182,127,55,69.78021978021978,30.21978021978022,11950296.66094,14363564.88757,45.41445442703059,54.58554557296941,0.396,count,92263.5
BTC,30378,2026-01-13 11:40:21,SHORT,MODERATE,182,124,58,68.13186813186813,31.868131868131865,12732678.44005,14443593.10268,46.85219022789811,53.14780977210189,0.363,count,92062.5
BTC,30426,2026-01-13 12:41:32,SHORT,MODERATE,180,124,56,68.88888888888889,31.11111111111111,12629140.39623,14344088.118239999,46.82101880927972,53.178981190720286,0.378,count,92093.5
BTC,30474,2026-01-13 13:42:43,SHORT,MODERATE,183,126,57,68.85245901639344,31.147540983606557,12352095.70746,14540452.99274,45.931294371396405,54.068705628603595,0.377,count,92208.5
BTC,30521,2026-01-13 14:43:54,SHORT,STRONG,180,128,52,71.11111111111111,28.888888888888886,12702665.04234,14546684.81644,46.616396751378204,53.3836032486218,0.422,count,92843.5
BTC,30573,2026-01-13 15:45:06,SHORT,STRONG,178,125,53,70.2247191011236,29.775280898876407,12770569.288900001,15159128.85967,45.72397890219896,54.27602109780104,0.404,count,92926.5
BTC,30622,2026-01-13 16:46:17,SHORT,MODERATE,179,122,57,68.15642458100558,31.843575418994412,12737126.25001,15864018.983550001,44.533623202837745,55.46637679716224,0.363,count,93587.5
BTC,30674,2026-01-13 17:47:29,SHORT,MODERATE,182,122,60,67.03296703296702,32.967032967032964,12791915.67053,15694737.79019,44.90494360163668,55.09505639836332,0.341,count,93352.5
BTC,30726,2026-01-13 18:48:40,SHORT,MODERATE,185,126,59,68.10810810810811,31.891891891891895,13157981.54917,15936360.89269,45.22522402925568,54.77477597074433,0.362,count,93736.5
BTC,30782,2026-01-13 19:49:52,SHORT,MODERATE,187,125,62,66.84491978609626,33.155080213903744,13050263.20936,16092844.61553,44.7799297445356,55.22007025546439,0.337,count,94008.5
BTC,30833,2026-01-13 20:51:03,SHORT,MODERATE,183,124,59,67.75956284153006,32.240437158469945,11885624.17543,16477933.947449999,41.90455980148075,58.095440198519256,0.355,count,94236.5
BTC,30886,2026-01-13 21:52:15,SHORT,MODERATE,185,123,62,66.48648648648648,33.513513513513516,11630755.33032,16360118.93995,41.55195446207765,58.448045537922354,0.33,count,94060.5
BTC,30939,2026-01-13 22:53:26,SHORT,MODERATE,179,122,57,68.15642458100558,31.843575418994412,15607228.48938,13546700.34557,53.533877295707434,46.466122704292566,0.363,count,95634.5
BTC,30993,2026-01-13 23:54:37,SHORT,MODERATE,181,121,60,66.85082872928176,33.14917127071823,16116251.03005,13009455.73622,55.33342472813042,44.66657527186958,0.337,count,95283.5
BTC,31047,2026-01-14 00:55:48,SHORT,MODERATE,187,125,62,66.84491978609626,33.155080213903744,11544021.82406,13055946.55377,46.926978306458764,53.07302169354124,0.337,count,95234.5
BTC,31100,2026-01-14 01:57:00,SHORT,MODERATE,183,124,59,67.75956284153006,32.240437158469945,11110273.00024,12692220.32538,46.67692937983674,53.32307062016326,0.355,count,95269.5
BTC,31154,2026-01-14 02:58:11,SHORT,MODERATE,186,125,61,67.20430107526882,32.795698924731184,11128442.45805,12862538.06687,46.38594261076833,53.61405738923166,0.344,count,95270.5
BTC,31210,2026-01-14 03:59:23,SHORT,MODERATE,186,125,61,67.20430107526882,32.795698924731184,11788126.78191,12705523.79624,48.12727585991535,51.87272414008466,0.344,count,95671.5
BTC,31235,2026-01-14 04:29:59,SHORT,MODERATE,185,125,60,67.56756756756756,32.432432432432435,11844906.3193,12672638.34955,48.311959779354154,51.688040220645846,0.351,count,95431.5
BTC,31287,2026-01-14 05:31:10,SHORT,MODERATE,184,123,61,66.84782608695652,33.15217391304348,11080117.13039,12644712.50049,46.7026204309102,53.297379569089806,0.337,count,94981.5
BTC,31341,2026-01-14 06:32:21,SHORT,MODERATE,179,119,60,66.4804469273743,33.5195530726257,14490645.33831,12717619.55067,53.25824854115948,46.74175145884051,0.33,count,94671.5
BTC,31392,2026-01-14 07:33:32,SHORT,MODERATE,183,122,61,66.66666666666666,33.33333333333333,14973598.22413,12365533.44019,54.76983836934324,45.230161630656774,0.333,count,94835.5
BTC,31445,2026-01-14 08:34:44,SHORT,MODERATE,183,124,59,67.75956284153006,32.240437158469945,15016355.341810001,12061270.98743,55.45669018112738,44.54330981887262,0.355,count,95115.5
BTC,31502,2026-01-14 09:35:56,SHORT,MODERATE,184,126,58,68.47826086956522,31.521739130434785,15257826.72947,12035602.547629999,55.90293024215822,44.09706975784179,0.37,count,95073.5
BTC,31561,2026-01-14 10:37:08,SHORT,MODERATE,185,125,60,67.56756756756756,32.432432432432435,15009231.58747,12160576.20372,55.242317880279046,44.75768211972097,0.351,count,94961.5
BTC,31618,2026-01-14 11:38:19,SHORT,MODERATE,184,121,63,65.76086956521739,34.23913043478261,12229587.59764,12308137.913519999,49.839939696439515,50.16006030356047,0.315,count,94931.5
BTC,31678,2026-01-14 12:39:31,SHORT,MODERATE,183,120,63,65.57377049180327,34.42622950819672,12324255.59591,12250459.17444,50.15014705594678,49.84985294405321,0.311,count,95123.5
BTC,31734,2026-01-14 13:40:42,SHORT,MODERATE,187,125,62,66.84491978609626,33.155080213903744,12399433.63413,12224903.57648,50.35438528996183,49.64561471003817,0.337,count,95094.5
BTC,31792,2026-01-14 14:41:53,SHORT,MODERATE,180,123,57,68.33333333333333,31.666666666666664,12408647.75876,12182952.31565,50.458887267251995,49.541112732748005,0.367,count,95959.5
BTC,31850,2026-01-14 15:43:05,SHORT,MODERATE,185,125,60,67.56756756756756,32.432432432432435,13522451.93886,12614435.94801,51.73703922743256,48.262960772567446,0.351,count,96371.5
BTC,31906,2026-01-14 16:44:17,SHORT,MODERATE,183,123,60,67.21311475409836,32.78688524590164,12783237.43949,13465878.10774,48.6996882485017,51.300311751498306,0.344,count,97523.5
BTC,31965,2026-01-14 17:45:31,SHORT,MODERATE,178,122,56,68.53932584269663,31.46067415730337,12635902.47001,14292777.53224,46.92358655884439,53.0764134411556,0.371,count,97160.5
BTC,32024,2026-01-14 18:46:43,SHORT,MODERATE,173,114,59,65.89595375722543,34.104046242774565,12351436.3314,14587592.65976,45.8495973832357,54.15040261676432,0.318,count,96456.5
BTC,32078,2026-01-14 19:47:55,SHORT,MODERATE,172,117,55,68.02325581395348,31.976744186046513,12178369.92363,14813090.40476,45.119344323955005,54.880655676044995,0.36,count,97375.5
BTC,32130,2026-01-14 20:49:06,SHORT,MODERATE,178,119,59,66.85393258426966,33.146067415730336,12284266.95257,15336695.02973,44.474435613220045,55.525564386779955,0.337,count,97450.5
BTC,32185,2026-01-14 21:50:18,SHORT,MODERATE,177,115,62,64.97175141242938,35.02824858757062,11044999.32821,15353967.54687,41.83875596524278,58.16124403475722,0.299,count,97543.5
BTC,32236,2026-01-14 22:51:29,SHORT,MODERATE,175,111,64,63.42857142857142,36.57142857142857,10119578.33794,15169412.64735,40.01574575998828,59.98425424001174,0.269,count,97191.5
BTC,32287,2026-01-14 23:52:41,SHORT,MODERATE,171,107,64,62.57309941520468,37.42690058479532,9915082.59958,15257345.44592,39.388661998191665,60.611338001808335,0.251,count,97030.5
BTC,32337,2026-01-15 00:53:52,SHORT,MODERATE,172,107,65,62.2093023255814,37.7906976744186,10191943.11734,15247886.30148,40.062938117816756,59.937061882183244,0.244,count,96527.5
BTC,32385,2026-01-15 01:55:03,SHORT,MODERATE,176,110,66,62.5,37.5,10358283.56883,14916909.74503,40.9820152123224,59.017984787677605,0.25,count,96502.5
BTC,32435,2026-01-15 02:56:14,SHORT,MODERATE,176,111,65,63.06818181818182,36.93181818181818,10129189.96725,14898135.13246,40.472523239678424,59.527476760321576,0.261,count,96251.5
BTC,32488,2026-01-15 03:57:26,SHORT,MODERATE,178,109,69,61.23595505617978,38.764044943820224,10637553.212820001,14860773.04237,41.718633240308485,58.28136675969152,0.225,count,95934.5
BTC,32531,2026-01-15 04:58:37,SHORT,MODERATE,177,111,66,62.71186440677966,37.28813559322034,10686038.29709,14762835.9157,41.99022010851643,58.00977989148357,0.254,count,96158.5
BTC,32577,2026-01-15 05:59:48,SHORT,MODERATE,175,110,65,62.857142857142854,37.142857142857146,10317573.13049,14724641.94355,41.200720862691206,58.7992791373088,0.257,count,96431.5
BTC,32601,2026-01-15 06:30:24,SHORT,MODERATE,175,112,63,64.0,36.0,10217073.46897,14663689.88861,41.06414792075637,58.93585207924363,0.28,count,96498.5
BTC,32649,2026-01-15 07:31:35,SHORT,MODERATE,174,111,63,63.793103448275865,36.206896551724135,9504438.75127,14685107.71902,39.29151281502325,60.708487184976754,0.276,count,96523.5
BTC,32697,2026-01-15 08:32:46,SHORT,MODERATE,173,109,64,63.005780346820806,36.99421965317919,9493933.72826,14493234.49335,39.579218524456465,60.42078147554353,0.26,count,96316.5
BTC,32745,2026-01-15 09:33:58,SHORT,MODERATE,176,113,63,64.20454545454545,35.79545454545455,10628819.81616,14728486.54693,41.91620223365393,58.083797766346066,0.284,count,96772.5
BTC,32791,2026-01-15 10:35:10,SHORT,MODERATE,176,117,59,66.47727272727273,33.52272727272727,10904092.08329,14724763.02851,42.54615368389809,57.45384631610191,0.33,count,96824.5
BTC,32839,2026-01-15 11:36:21,SHORT,MODERATE,178,118,60,66.29213483146067,33.70786516853933,10843657.10016,14729147.49514,42.40308120976666,57.59691879023333,0.326,count,96724.5
BTC,32887,2026-01-15 12:37:33,SHORT,MODERATE,181,123,58,67.95580110497238,32.04419889502763,11133929.83729,14684954.50301,43.12320273231694,56.87679726768305,0.359,count,96642.5
BTC,32937,2026-01-15 13:38:44,SHORT,MODERATE,177,119,58,67.2316384180791,32.7683615819209,11316982.95463,14541425.429779999,43.76519539173569,56.23480460826431,0.345,count,96744.5
BTC,32986,2026-01-15 14:39:56,SHORT,MODERATE,178,119,59,66.85393258426966,33.146067415730336,11912317.821899999,14501530.63831,45.09875885691097,54.90124114308903,0.337,count,96203.5
BTC,33032,2026-01-15 15:41:07,SHORT,MODERATE,178,120,58,67.41573033707866,32.58426966292135,13064797.09296,14043451.46302,48.19491405348629,51.80508594651371,0.348,count,95655.5
BTC,33080,2026-01-15 16:42:18,SHORT,MODERATE,179,124,55,69.27374301675978,30.726256983240223,12293824.58596,14026271.41006,46.708889617344155,53.29111038265585,0.385,count,96718.5
BTC,33104,2026-01-15 17:12:54,SHORT,MODERATE,178,123,55,69.10112359550563,30.89887640449438,11653586.61445,14122696.36306,45.2105007716506,54.789499228349406,0.382,count,96569.5
BTC,33156,2026-01-16 08:53:11,SHORT,STRONG,172,121,51,70.34883720930233,29.651162790697676,11538494.51104,15039768.85667,43.41327479303311,56.58672520696688,0.407,count,95720.5
BTC,33218,2026-01-16 09:54:27,SHORT,MODERATE,175,121,54,69.14285714285714,30.857142857142854,11339627.0219,14973385.64574,43.09513002228583,56.90486997771417,0.383,count,95643.5
BTC,33282,2026-01-16 10:57:14,SHORT,MODERATE,175,120,55,68.57142857142857,31.428571428571427,11093043.58439,14810193.79089,42.82493119943503,57.17506880056498,0.371,count,95324.5
BTC,33316,2026-01-16 11:29:21,SHORT,MODERATE,183,124,59,67.75956284153006,32.240437158469945,11825109.78139,14828379.42033,44.36608540028186,55.63391459971814,0.355,count,95358.5
BTC,33380,2026-01-16 12:32:39,SHORT,MODERATE,183,123,60,67.21311475409836,32.78688524590164,11914196.89723,14853684.02364,44.50930177271115,55.490698227288846,0.344,count,95485.5
BTC,33442,2026-01-16 13:36:23,SHORT,MODERATE,187,127,60,67.9144385026738,32.0855614973262,13128307.749640001,14786366.96518,47.030129792879634,52.969870207120366,0.358,count,95441.5
BTC,33501,2026-01-16 14:38:43,SHORT,MODERATE,185,127,58,68.64864864864865,31.351351351351354,13082559.98264,14785358.98078,46.94487593355082,53.055124066449174,0.373,count,95412.5
BTC,33562,2026-01-16 15:42:29,SHORT,MODERATE,183,123,60,67.21311475409836,32.78688524590164,14222514.2108,15153605.8254,48.41522363495822,51.584776365041776,0.344,count,94542.5
BTC,33624,2026-01-16 16:46:12,SHORT,MODERATE,193,131,62,67.87564766839378,32.12435233160622,15444265.88123,15283293.76427,50.26193443087755,49.738065569122455,0.358,count,94987.5
BTC,33687,2026-01-16 17:52:27,SHORT,MODERATE,194,129,65,66.49484536082474,33.50515463917525,13060123.54651,15996203.38249,44.94760668966453,55.05239331033548,0.33,count,94895.5
BTC,33717,2026-01-19 07:48:46,SHORT,MODERATE,187,130,57,69.5187165775401,30.481283422459892,13471244.87294,17211701.33285,43.90466542094292,56.095334579057074,0.39,count,92622.5
BTC,33780,2026-01-19 08:50:42,SHORT,MODERATE,195,133,62,68.2051282051282,31.794871794871792,13554694.84541,17865575.36717,43.13996905088038,56.86003094911961,0.364,count,93196.5
BTC,33844,2026-01-19 09:56:09,SHORT,MODERATE,205,136,69,66.34146341463415,33.65853658536586,13451497.35951,17913372.90507,42.887144904599296,57.112855095400704,0.327,count,92988.5
BTC,33908,2026-01-19 10:59:02,SHORT,MODERATE,208,140,68,67.3076923076923,32.69230769230769,13702832.34347,17904531.67083,43.353290509358764,56.646709490641236,0.346,count,93018.5
BTC,33937,2026-01-19 11:29:44,SHORT,MODERATE,208,139,69,66.82692307692307,33.17307692307692,13687666.18816,17961062.05679,43.24870839113119,56.751291608868804,0.337,count,93083.5
BTC,33999,2026-01-19 12:31:40,SHORT,MODERATE,205,136,69,66.34146341463415,33.65853658536586,13734912.15668,17982601.9512,43.30387340560102,56.696126594398976,0.327,count,93105.5
BTC,34056,2026-01-19 13:35:04,SHORT,MODERATE,207,135,72,65.21739130434783,34.78260869565217,13648325.56307,18067142.87152,43.03365593107449,56.9663440689255,0.304,count,93001.5
BTC,34113,2026-01-19 14:39:55,SHORT,MODERATE,209,136,73,65.07177033492823,34.92822966507177,13762824.82913,17949556.63089,43.39890035215703,56.60109964784298,0.301,count,92711.5
BTC,34171,2026-01-19 15:41:27,SHORT,MODERATE,217,140,77,64.51612903225806,35.483870967741936,14364673.27846,18018594.25026,44.35831951090263,55.64168048909737,0.29,count,92946.5
BTC,34223,2026-01-19 16:44:22,SHORT,MODERATE,220,140,80,63.63636363636363,36.36363636363637,14474953.40219,18922482.6076,43.341511000865054,56.658488999134946,0.273,count,93154.5
BTC,34276,2026-01-19 17:48:17,SHORT,MODERATE,225,144,81,64.0,36.0,14006301.48203,18980935.38666,42.45975962698516,57.54024037301484,0.28,count,93172.5
BTC,34329,2026-01-19 18:53:17,SHORT,MODERATE,230,146,84,63.47826086956522,36.52173913043478,14311292.87532,20040484.18992,41.66099718259223,58.33900281740777,0.27,count,93010.5
BTC,34383,2026-01-19 19:58:44,SHORT,MODERATE,231,150,81,64.93506493506493,35.064935064935064,16405810.48532,19200630.79015,46.07540067932117,53.92459932067882,0.299,count,93071.5
BTC,34410,2026-01-19 20:29:35,SHORT,MODERATE,232,149,83,64.22413793103449,35.775862068965516,16438563.404,19312801.091310002,45.9802405755911,54.019759424408896,0.284,count,93230.5
BTC,34463,2026-01-19 21:34:06,SHORT,MODERATE,236,151,85,63.983050847457626,36.016949152542374,22090820.55634,19382538.607019998,53.265086315593955,46.73491368440604,0.28,count,93007.5
BTC,34520,2026-01-19 22:37:10,SHORT,MODERATE,234,147,87,62.82051282051282,37.17948717948718,21497382.20463,19421269.8568,52.53687773574895,47.46312226425105,0.256,count,92836.5
BTC,34578,2026-01-19 23:38:50,SHORT,MODERATE,235,146,89,62.12765957446808,37.87234042553192,22488804.08558,18894059.4123,54.34327686563323,45.65672313436678,0.243,count,92578.5
BTC,34636,2026-01-20 00:43:29,SHORT,MODERATE,240,151,89,62.916666666666664,37.083333333333336,22507251.72666,18448949.67539,54.95444146715577,45.045558532844225,0.258,count,92697.5
BTC,34695,2026-01-20 01:46:06,SHORT,MODERATE,238,149,89,62.60504201680672,37.39495798319328,22320208.9518,12120593.84445,64.80745842030802,35.192541579691984,0.252,count,92646.5
BTC,34754,2026-01-20 02:51:15,SHORT,MODERATE,236,150,86,63.559322033898304,36.440677966101696,23937987.93268,11729112.93718,67.1150369636812,32.884963036318794,0.271,count,92527.5
BTC,34812,2026-01-20 03:52:55,SHORT,MODERATE,234,148,86,63.24786324786324,36.75213675213676,23787187.92069,11686801.67491,67.0552937289028,32.944706271097196,0.265,count,92408.5
BTC,34872,2026-01-20 04:58:29,SHORT,MODERATE,229,144,85,62.882096069869,37.117903930131,23838169.49135,11461734.2455,67.53040934348226,32.469590656517724,0.258,count,92041.0
BTC,34906,2026-01-20 05:31:15,SHORT,MODERATE,223,132,91,59.19282511210763,40.80717488789238,20633648.27853,11790738.81763,63.63620141018372,36.36379858981627,0.184,count,91639.5
BTC,34964,2026-01-20 06:32:55,SHORT,MODERATE,220,128,92,58.18181818181818,41.81818181818181,20438055.33686,11394540.12203,64.20480341684546,35.795196583154535,0.164,count,90827.5
BTC,35018,2026-01-20 07:36:37,SHORT,MODERATE,233,136,97,58.36909871244635,41.63090128755365,34769347.00595,11303721.58279,75.46566371845141,24.53433628154858,0.167,count,91087.5
BTC,35073,2026-01-20 08:42:43,SHORT,MODERATE,242,140,102,57.85123966942148,42.14876033057851,35533821.84466,10786918.16078,76.71255217530386,23.28744782469616,0.157,count,90726.5
BTC,35126,2026-01-20 09:47:19,SHORT,MODERATE,251,147,104,58.56573705179283,41.43426294820717,36011890.29015,10767468.98186,76.98243595161293,23.01756404838708,0.171,count,90958.5
BTC,35195,2026-01-20 10:49:08,SHORT,MODERATE,263,157,106,59.6958174904943,40.3041825095057,37143463.234009996,10975916.12401,77.19023754993495,22.809762450065058,0.194,count,91176.5
BTC,35271,2026-01-20 11:50:54,SHORT,MODERATE,261,158,103,60.53639846743295,39.46360153256705,39662237.143980004,11441482.46885,77.6112530447245,22.388746955275487,0.211,count,91229.5
BTC,35344,2026-01-20 12:53:09,SHORT,MODERATE,263,163,100,61.97718631178707,38.02281368821293,43194047.90427,11007570.70685,79.6914354424986,20.308564557501402,0.24,count,91156.5
BTC,35424,2026-01-20 13:58:23,SHORT,MODERATE,268,170,98,63.43283582089553,36.56716417910448,46570316.82235,11209837.28784,80.59915647427626,19.400843525723744,0.269,count,90902.5
BTC,35466,2026-01-20 14:31:14,SHORT,MODERATE,263,171,92,65.0190114068441,34.98098859315589,44971356.97861,10657457.27037,80.84183994526647,19.15816005473353,0.3,count,90872.5
BTC,35550,2026-01-20 15:36:36,SHORT,MODERATE,265,169,96,63.77358490566037,36.22641509433962,47856777.0477,10937287.76162,81.39729274189216,18.602707258107838,0.275,count,90661.5
BTC,35634,2026-01-20 16:40:27,SHORT,MODERATE,279,184,95,65.94982078853047,34.05017921146953,49638669.51153,9805743.72439,83.50434769122296,16.495652308777036,0.319,count,90417.0
BTC,35729,2026-01-20 17:42:55,SHORT,MODERATE,277,174,103,62.8158844765343,37.18411552346571,60887313.03733,10569899.64185,85.20807173195314,14.791928268046872,0.256,count,89759.5
BTC,35825,2026-01-20 18:45:22,SHORT,MODERATE,273,169,104,61.904761904761905,38.095238095238095,55246162.24016,13939552.79176,79.85197842455086,20.14802157544914,0.238,count,89491.5
BTC,35925,2026-01-20 19:49:21,SHORT,MODERATE,273,168,105,61.53846153846154,38.46153846153847,44946129.69532,13870267.69227,76.4176856993343,23.58231430066569,0.231,count,89441.0
BTC,36023,2026-01-20 20:55:37,SHORT,MODERATE,277,170,107,61.371841155234655,38.628158844765345,44719457.41394,14354191.03653,75.70119433444982,24.298805665550177,0.227,count,89564.5
BTC,36073,2026-01-20 21:28:05,SHORT,MODERATE,280,170,110,60.71428571428571,39.285714285714285,46984169.29207,14241899.90459,76.7388302214134,23.261169778586606,0.214,count,89656.5
BTC,36174,2026-01-20 22:34:20,SHORT,MODERATE,273,164,109,60.07326007326007,39.92673992673993,47162132.09499,14167590.5118,76.89930769354,23.100692306460004,0.201,count,88421.5
BTC,36281,2026-01-20 23:38:46,SHORT,MODERATE,281,168,113,59.7864768683274,40.213523131672595,47828639.027839996,11507927.5857,80.6056732930786,19.39432670692141,0.196,count,88432.5
BTC,36380,2026-01-21 00:43:12,SHORT,MODERATE,278,165,113,59.352517985611506,40.647482014388494,48406423.00062,11623255.13909,80.63748549169524,19.36251450830476,0.187,count,88821.5
BTC,36489,2026-01-21 01:45:16,SHORT,MODERATE,281,162,119,57.65124555160143,42.34875444839858,47535118.36562,12483044.33929,79.20122213559733,20.79877786440267,0.153,count,88968.5
BTC,36579,2026-01-21 02:49:46,SHORT,MODERATE,299,176,123,58.862876254180605,41.1371237458194,47777323.97975,14538652.34344,76.6694623092511,23.330537690748894,0.177,count,89126.5
BTC,36678,2026-01-21 03:54:40,SHORT,MODERATE,293,180,113,61.43344709897611,38.56655290102389,47211087.91189,14555878.48202,76.43420207948701,23.565797920512992,0.229,count,89395.5
BTC,36780,2026-01-21 04:59:41,SHORT,MODERATE,295,180,115,61.016949152542374,38.983050847457626,48218118.42623,14514881.18965,76.86244675286378,23.13755324713623,0.22,count,89424.5
BTC,36829,2026-01-21 05:32:10,SHORT,MODERATE,297,182,115,61.27946127946128,38.72053872053872,47568311.8974,15256306.22694,75.71603826266747,24.283961737332525,0.226,count,89593.5
BTC,36928,2026-01-21 06:34:45,SHORT,MODERATE,296,182,114,61.48648648648649,38.513513513513516,46941702.17798,15229735.86717,75.50364549053876,24.496354509461238,0.23,count,89709.5
BTC,37029,2026-01-21 07:38:16,SHORT,MODERATE,289,177,112,61.245674740484425,38.75432525951557,46265739.94941,15096178.50038,75.39813147671939,24.601868523280604,0.225,count,89291.5
BTC,37130,2026-01-21 08:41:22,SHORT,MODERATE,284,173,111,60.91549295774647,39.08450704225352,45926899.7504,14547961.52375,75.9437868607918,24.056213139208193,0.218,count,89061.5
BTC,37254,2026-01-21 09:46:33,SHORT,MODERATE,291,174,117,59.79381443298969,40.20618556701031,46606213.005720004,14272796.94414,76.55547132600368,23.444528673996317,0.196,count,89339.5
BTC,37371,2026-01-21 10:48:44,SHORT,MODERATE,295,174,121,58.98305084745763,41.01694915254237,46624637.05174,14976661.7015,75.68775008869065,24.31224991130935,0.18,count,89255.5
BTC,37489,2026-01-21 11:56:17,SHORT,MODERATE,298,177,121,59.395973154362416,40.604026845637584,45911347.44784,15185183.4467,75.14558809744621,24.854411902553785,0.188,count,88937.5
BTC,37609,2026-01-21 12:59:00,SHORT,MODERATE,300,176,124,58.666666666666664,41.333333333333336,45093524.61307,16656002.37541,73.02651018117541,26.973489818824596,0.173,count,88683.5
BTC,37669,2026-01-21 13:30:09,SHORT,MODERATE,303,177,126,58.415841584158414,41.584158415841586,45370446.22155,16648517.75264,73.15576287348415,26.844237126515846,0.168,count,88788.5
BTC,37779,2026-01-21 14:32:23,SHORT,MODERATE,300,184,116,61.33333333333333,38.666666666666664,41164594.39,16734886.76981,71.09665503975836,28.90334496024164,0.227,count,89853.5
BTC,37907,2026-01-21 15:36:04,SHORT,MODERATE,307,184,123,59.934853420195445,40.06514657980456,40962049.72661,13271678.52125,75.52873654454378,24.471263455456217,0.199,count,90054.5
BTC,38031,2026-01-21 16:38:54,SHORT,MODERATE,300,172,128,57.333333333333336,42.66666666666667,40722650.709130004,13286368.29255,75.39972297564465,24.600277024355346,0.147,count,88741.5
BTC,38141,2026-01-21 17:41:39,SHORT,MODERATE,306,180,126,58.82352941176471,41.17647058823529,36220569.95238,11511057.57195,75.8837941025947,24.11620589740529,0.176,count,87904.5
BTC,38255,2026-01-21 18:45:28,SHORT,MODERATE,308,186,122,60.3896103896104,39.61038961038961,36044074.40176,11462671.95443,75.87148598119803,24.128514018801976,0.208,count,88094.5
BTC,38369,2026-01-21 19:48:49,SHORT,MODERATE,305,185,120,60.65573770491803,39.34426229508197,34624004.89588,19900794.582849998,63.50138877518797,36.49861122481203,0.213,count,90320.5
BTC,38494,2026-01-21 20:55:06,SHORT,MODERATE,309,188,121,60.84142394822006,39.15857605177994,34912337.88941,20702857.80321,62.77481802341798,37.22518197658203,0.217,count,90090.5
BTC,38612,2026-01-21 21:57:23,SHORT,MODERATE,318,192,126,60.37735849056604,39.62264150943396,35314584.31814,22663177.39261,60.91056859753196,39.08943140246804,0.208,count,90164.5
BTC,38680,2026-01-21 22:30:32,SHORT,MODERATE,317,186,131,58.67507886435332,41.32492113564668,35331324.14254,25024006.28785,58.53886291499788,41.46113708500213,0.174,count,89940.5
BTC,38799,2026-01-21 23:36:16,SHORT,MODERATE,320,189,131,59.06249999999999,40.9375,34742116.85307,26122954.76131,57.08054871467828,42.91945128532171,0.181,count,89820.5
BTC,38920,2026-01-22 00:38:38,SHORT,MODERATE,319,186,133,58.307210031347964,41.692789968652036,34379720.29815,23641777.5792,59.253417364067914,40.746582635932086,0.166,count,89873.5
BTC,39034,2026-01-22 01:41:30,SHORT,MODERATE,323,193,130,59.75232198142415,40.24767801857585,35537237.29706,25544350.055689998,58.17995051737969,41.820049482620306,0.195,count,89880.5
BTC,39149,2026-01-22 02:46:50,SHORT,MODERATE,334,203,131,60.778443113772454,39.221556886227546,35835814.83425,26671299.21169,57.33077807417607,42.66922192582393,0.216,count,90046.5
BTC,39267,2026-01-22 03:50:38,SHORT,MODERATE,329,205,124,62.31003039513677,37.68996960486322,36171708.67439,26249617.10342,57.94767769454937,42.05232230545063,0.246,count,89808.5
BTC,39386,2026-01-22 04:53:59,SHORT,MODERATE,333,207,126,62.16216216216216,37.83783783783784,36246813.94484,26684778.111640003,57.5971666381952,42.402833361804795,0.243,count,90020.5
BTC,39504,2026-01-22 05:59:18,SHORT,MODERATE,336,208,128,61.904761904761905,38.095238095238095,36202752.19518,26799283.53727,57.46282921542695,42.53717078457306,0.238,count,89912.5
BTC,39564,2026-01-22 06:30:26,SHORT,MODERATE,334,206,128,61.67664670658682,38.32335329341318,36138421.75193,23880057.87071,60.21215795392786,39.78784204607215,0.234,count,89974.5
BTC,39682,2026-01-22 07:38:38,SHORT,MODERATE,342,213,129,62.28070175438597,37.719298245614034,38568964.03142,23898299.6845,61.74268206595155,38.257317934048444,0.246,count,89900.5
BTC,39827,2026-01-22 08:41:37,SHORT,MODERATE,343,209,134,60.932944606414,39.067055393586,38471442.8282,22017677.75793,63.60059867860173,36.39940132139828,0.219,count,89797.5
BTC,39941,2026-01-22 09:46:31,SHORT,MODERATE,343,212,131,61.80758017492711,38.19241982507289,38600391.321890004,21600757.8115,64.11902742315038,35.8809725768496,0.236,count,90058.5
BTC,40066,2026-01-22 10:49:34,SHORT,MODERATE,349,216,133,61.891117478510026,38.108882521489974,38605095.37745,21591837.99402,64.13133230429088,35.868667695709114,0.238,count,90010.5
BTC,40198,2026-01-22 11:54:26,SHORT,MODERATE,347,211,136,60.80691642651297,39.19308357348703,38462787.07947,22438369.40977,63.156086512520645,36.84391348747935,0.216,count,89894.5
BTC,40260,2026-01-22 12:28:33,SHORT,MODERATE,356,216,140,60.67415730337079,39.325842696629216,39329589.66363,22634427.12531,63.47165936255115,36.52834063744885,0.213,count,89955.5
BTC,40378,2026-01-22 13:32:29,SHORT,MODERATE,345,216,129,62.60869565217392,37.391304347826086,39730168.78619,22245953.66651,64.10560585895311,35.894394141046895,0.252,count,90060.5
BTC,40508,2026-01-22 14:36:29,SHORT,MODERATE,355,215,140,60.56338028169014,39.436619718309856,37975699.25222,22236156.0814,63.07013634076779,36.929863659232204,0.211,count,89254.5
BTC,40642,2026-01-22 15:41:50,SHORT,MODERATE,340,196,144,57.647058823529406,42.35294117647059,35621236.05353,19747344.32152,64.33474691285659,35.66525308714341,0.153,count,88849.5
BTC,40770,2026-01-22 16:46:48,SHORT,MODERATE,353,204,149,57.79036827195468,42.20963172804532,35712356.58377,21269824.66152,62.67284930711896,37.32715069288105,0.156,count,89023.5
BTC,40902,2026-01-22 17:50:52,SHORT,MODERATE,363,206,157,56.74931129476584,43.25068870523416,36374365.4877,21861229.01432,62.46070946599214,37.53929053400787,0.135,count,89449.5
BTC,41032,2026-01-22 18:53:27,SHORT,MODERATE,363,207,156,57.02479338842975,42.97520661157025,37493777.47121,21767086.83981,63.26903582511157,36.73096417488843,0.14,count,89354.5
BTC,41097,2026-01-22 19:27:35,SHORT,MODERATE,358,205,153,57.262569832402235,42.737430167597765,37360442.99989,21684250.60762,63.27485285678247,36.72514714321753,0.145,count,89475.5
BTC,41230,2026-01-22 20:34:57,SHORT,MODERATE,350,204,146,58.285714285714285,41.714285714285715,36459428.69182,15096522.33498,70.71817698187262,29.281823018127373,0.166,count,89616.5
BTC,41361,2026-01-22 21:37:28,SHORT,MODERATE,350,201,149,57.42857142857143,42.57142857142857,36458364.30015,14872041.30823,71.02683851420404,28.973161485795956,0.149,count,89486.5
BTC,41488,2026-01-22 22:41:29,SHORT,MODERATE,350,205,145,58.57142857142858,41.42857142857143,36204462.74716,14950818.222000001,70.77365632882868,29.226343671171318,0.171,count,89160.5
BTC,41617,2026-01-22 23:44:36,SHORT,MODERATE,345,203,142,58.84057971014492,41.15942028985507,35733188.98575,14347053.8838,71.35186839813959,28.648131601860417,0.177,count,89436.5
BTC,41748,2026-01-23 00:47:40,SHORT,MODERATE,345,204,141,59.130434782608695,40.869565217391305,35569675.39726,14314506.72578,71.30451755132904,28.695482448670962,0.183,count,89510.5
BTC,41880,2026-01-23 01:50:16,SHORT,MODERATE,352,208,144,59.09090909090909,40.909090909090914,35744756.79627,14471768.59053,71.18126258426061,28.818737415739392,0.182,count,89758.5
BTC,42014,2026-01-23 02:52:54,SHORT,MODERATE,349,207,142,59.31232091690545,40.68767908309456,35621005.23193,13983991.17813,71.80930916206252,28.190690837937478,0.186,count,89672.5
BTC,42145,2026-01-23 03:58:06,SHORT,MODERATE,355,211,144,59.436619718309856,40.563380281690144,35927540.66012,14821811.9978,70.79408658134501,29.205913418654987,0.189,count,89860.5
BTC,42212,2026-01-23 04:30:51,SHORT,MODERATE,359,218,141,60.724233983286915,39.27576601671309,35957274.10594,14727541.85675,70.94289171812086,29.057108281879152,0.214,count,89892.5
BTC,42350,2026-01-23 05:33:29,SHORT,MODERATE,356,217,139,60.95505617977528,39.04494382022472,35537812.18822,14824386.79044,70.56445689211954,29.435543107880463,0.219,count,89607.5
BTC,42485,2026-01-23 06:38:29,SHORT,MODERATE,369,229,140,62.05962059620597,37.94037940379404,34515981.74452,14971279.20275,69.74720581383097,30.25279418616904,0.241,count,89490.5
BTC,42623,2026-01-23 07:44:32,SHORT,MODERATE,370,229,141,61.891891891891895,38.108108108108105,30919796.64739,15039247.25522,67.27684917229985,32.723150827700145,0.238,count,89519.5
BTC,42768,2026-01-23 08:49:10,SHORT,MODERATE,375,224,151,59.73333333333334,40.266666666666666,28376288.62578,15023593.04195,65.3833317865454,34.616668213454595,0.195,count,89168.5
BTC,42905,2026-01-23 09:56:44,SHORT,MODERATE,366,215,151,58.7431693989071,41.2568306010929,28813742.9567,14783373.43089,66.09093753022135,33.909062469778654,0.175,count,88923.5
BTC,42971,2026-01-23 10:28:04,SHORT,MODERATE,366,218,148,59.56284153005464,40.43715846994536,29176742.06972,14791909.87825,66.3580546072827,33.6419453927173,0.191,count,89070.5
BTC,43109,2026-01-23 11:33:38,SHORT,MODERATE,372,218,154,58.602150537634415,41.39784946236559,28982088.57009,14794776.4502,66.20412073056666,33.795879269433335,0.172,count,89266.5
BTC,43244,2026-01-23 12:38:16,SHORT,MODERATE,368,218,150,59.2391304347826,40.76086956521739,28989689.12909,14924698.39964,66.01410325972131,33.98589674027869,0.185,count,89113.5
BTC,43382,2026-01-23 13:43:56,SHORT,MODERATE,378,218,160,57.67195767195767,42.32804232804233,29182368.704,15410958.696349999,65.44111059936505,34.55888940063495,0.153,count,89257.5
BTC,43517,2026-01-23 14:49:13,SHORT,MODERATE,377,220,157,58.355437665782496,41.644562334217504,30834560.47683,14214895.08419,68.44602247204573,31.55397752795428,0.167,count,88749.5
BTC,43650,2026-01-23 15:52:58,SHORT,MODERATE,365,218,147,59.726027397260275,40.273972602739725,31099006.112120003,13222939.53312,70.16615732766215,29.833842672337852,0.195,count,89604.5
BTC,43784,2026-01-23 16:55:44,SHORT,MODERATE,372,221,151,59.40860215053764,40.59139784946236,31501451.54685,14544980.34837,68.41236171899806,31.587638281001944,0.188,count,90101.5
BTC,43918,2026-01-23 17:58:27,SHORT,MODERATE,377,219,158,58.09018567639257,41.90981432360743,32617785.036650002,24520545.88505,57.08564550362534,42.91435449637466,0.162,count,90578.5
BTC,43987,2026-01-23 18:29:51,SHORT,MODERATE,376,217,159,57.71276595744681,42.28723404255319,31404466.60659,24244754.90331,56.432894754876564,43.567105245123436,0.154,count,90824.5
BTC,44123,2026-01-23 19:32:34,SHORT,MODERATE,354,199,155,56.21468926553672,43.78531073446328,29178947.45842,13084576.88082,69.04049748479805,30.959502515201958,0.124,count,89779.5
BTC,44253,2026-01-23 20:35:19,SHORT,MODERATE,351,206,145,58.68945868945868,41.31054131054131,29058711.75499,13103320.31988,68.92151617215333,31.078483827846675,0.174,count,89386.5
BTC,44390,2026-01-23 21:38:02,SHORT,MODERATE,351,203,148,57.83475783475783,42.16524216524217,29277475.014030002,13212236.20247,68.90485761329604,31.095142386703966,0.157,count,89467.5
BTC,44523,2026-01-23 22:40:42,SHORT,MODERATE,348,206,142,59.195402298850574,40.804597701149426,29185735.97907,12946003.37796,69.27256368825925,30.727436311740735,0.184,count,89644.5
BTC,44654,2026-01-23 23:43:28,SHORT,MODERATE,349,210,139,60.17191977077364,39.82808022922636,29621009.19538,12665808.95135,70.0478553212464,29.952144678753594,0.203,count,89482.5
BTC,44792,2026-01-24 00:46:09,SHORT,MODERATE,345,203,142,58.84057971014492,41.15942028985507,29535114.12251,12751621.9452,69.84486595328153,30.15513404671848,0.177,count,89390.5
BTC,44926,2026-01-24 01:48:58,SHORT,MODERATE,347,207,140,59.654178674351584,40.345821325648416,31398777.51584,12191636.79215,72.0313812435701,27.968618756429915,0.193,count,89466.5
BTC,45059,2026-01-24 02:51:39,SHORT,MODERATE,349,208,141,59.598853868194844,40.40114613180516,33078646.50817,12207167.96297,73.04416823341126,26.95583176658875,0.192,count,89617.5
BTC,45193,2026-01-24 03:54:22,SHORT,MODERATE,352,210,142,59.65909090909091,40.340909090909086,33546194.94494,13565379.96328,71.20584486995547,28.79415513004453,0.193,count,89709.5
BTC,45329,2026-01-24 04:57:03,SHORT,MODERATE,352,209,143,59.375,40.625,33605556.42497,13646199.41513,71.12022786770346,28.879772132296534,0.188,count,89766.5
BTC,45465,2026-01-24 05:59:48,SHORT,MODERATE,352,208,144,59.09090909090909,40.909090909090914,33698218.783,13693187.14488,71.10618080054805,28.893819199451947,0.182,count,89728.5
BTC,45536,2026-01-24 06:31:08,SHORT,MODERATE,348,203,145,58.333333333333336,41.66666666666667,33429137.70132,13673723.62783,70.97050318816216,29.029496811837845,0.167,count,89623.5
BTC,45676,2026-01-24 07:33:49,SHORT,MODERATE,348,205,143,58.90804597701149,41.09195402298851,33514867.51921,13366867.87499,71.48811202785875,28.51188797214126,0.178,count,89558.5
BTC,45821,2026-01-24 08:36:54,SHORT,MODERATE,353,207,146,58.640226628895185,41.359773371104815,33499052.75995,12206666.30826,73.29291266582395,26.707087334176048,0.173,count,89578.5
BTC,45963,2026-01-24 09:39:36,SHORT,MODERATE,356,210,146,58.98876404494382,41.01123595505618,33880083.68448,12034841.72259,73.78882440537109,26.211175594628912,0.18,count,89566.5
BTC,46112,2026-01-24 10:42:21,SHORT,MODERATE,357,212,145,59.38375350140056,40.61624649859944,34023860.09988,11947775.30261,74.01054977051596,25.989450229484028,0.188,count,89539.5
BTC,46260,2026-01-24 11:45:07,SHORT,MODERATE,353,211,142,59.773371104815865,40.226628895184135,33859758.63414,11980716.39626,73.86432756572711,26.135672434272895,0.195,count,89621.5
BTC,46410,2026-01-24 12:47:54,SHORT,MODERATE,353,208,145,58.92351274787535,41.07648725212464,33956328.05806,12096211.38462,73.7338884434902,26.266111556509784,0.178,count,89489.5
BTC,46554,2026-01-24 13:50:39,SHORT,MODERATE,349,211,138,60.458452722063036,39.541547277936964,34134801.35631,11926223.25462,74.10777689953953,25.89222310046047,0.209,count,89499.5
BTC,46701,2026-01-24 14:53:22,SHORT,MODERATE,351,211,140,60.11396011396012,39.88603988603989,34546182.55206,11930177.16736,74.33065489770918,25.66934510229082,0.202,count,89408.5
BTC,46847,2026-01-24 15:56:09,SHORT,MODERATE,358,214,144,59.77653631284916,40.22346368715084,34056308.10472,12770216.01876,72.72866979175016,27.271330208249843,0.196,count,89249.5
BTC,46991,2026-01-24 16:58:58,SHORT,MODERATE,352,211,141,59.94318181818182,40.05681818181818,34016207.95835,12443978.85942,73.21582259617507,26.784177403824927,0.199,count,89239.5
BTC,47064,2026-01-24 17:30:23,SHORT,MODERATE,357,214,143,59.943977591036415,40.056022408963585,33992063.84339,12223886.96834,73.55050203741025,26.44949796258973,0.199,count,89355.5
BTC,47205,2026-01-24 18:33:09,SHORT,MODERATE,359,218,141,60.724233983286915,39.27576601671309,34156330.87316,12177296.18746,73.71823239409254,26.281767605907465,0.214,count,89371.5
BTC,47353,2026-01-24 19:35:53,SHORT,MODERATE,361,217,144,60.11080332409973,39.88919667590028,34233182.39045,12170715.0607,73.77221369495467,26.22778630504533,0.202,count,89267.5
BTC,47499,2026-01-24 20:38:34,SHORT,MODERATE,360,216,144,60.0,40.0,34334035.72753,12258674.75079,73.68971535473544,26.31028464526456,0.2,count,89336.5
BTC,47644,2026-01-24 21:41:21,SHORT,MODERATE,359,216,143,60.16713091922006,39.83286908077994,34354572.57988,12252780.554,73.71062776552921,26.289372234470793,0.203,count,89277.5
BTC,47790,2026-01-24 22:44:08,SHORT,MODERATE,358,216,142,60.33519553072626,39.66480446927375,34383101.78644,12292646.05797,73.66374053834855,26.336259461651444,0.207,count,89260.5
BTC,47937,2026-01-24 23:46:55,SHORT,MODERATE,358,216,142,60.33519553072626,39.66480446927375,33089145.59386,12051915.13045,73.30165721170209,26.698342788297914,0.207,count,89254.5
BTC,48082,2026-01-25 00:49:41,SHORT,MODERATE,355,213,142,60.0,40.0,33512071.50683,12852062.45218,72.28016280096516,27.719837199034846,0.2,count,89237.5
BTC,48226,2026-01-25 01:52:27,SHORT,MODERATE,347,206,141,59.36599423631124,40.63400576368876,33722098.8072,12884808.69358,72.35429384933045,27.64570615066954,0.187,count,89116.5
BTC,48364,2026-01-25 02:55:10,SHORT,MODERATE,350,207,143,59.14285714285714,40.85714285714286,33857005.60108,12904416.77505,72.40371203584853,27.59628796415148,0.183,count,89124.5
BTC,48514,2026-01-25 03:57:58,SHORT,MODERATE,343,200,143,58.309037900874635,41.690962099125365,33304660.170760002,13128479.4063,71.7260570233204,28.27394297667962,0.166,count,88931.5
BTC,48585,2026-01-25 04:29:19,SHORT,MODERATE,343,199,144,58.01749271137027,41.98250728862974,32944444.13983,13138847.882029999,71.48891212937332,28.511087870626678,0.16,count,88931.5
BTC,48728,2026-01-25 05:32:03,SHORT,MODERATE,343,201,142,58.60058309037901,41.39941690962099,32942398.31066,13125382.34131,71.50854207527638,28.49145792472362,0.172,count,88919.5
BTC,48881,2026-01-25 06:34:56,SHORT,MODERATE,345,200,145,57.971014492753625,42.028985507246375,32546458.41315,13477626.40796,70.71614468740466,29.283855312595325,0.159,count,88709.5
BTC,49026,2026-01-25 07:37:39,SHORT,MODERATE,348,202,146,58.04597701149425,41.95402298850575,32405603.03238,13356770.94241,70.81276651039104,29.187233489608953,0.161,count,88714.5
BTC,49169,2026-01-25 08:40:24,SHORT,MODERATE,343,196,147,57.14285714285714,42.857142857142854,31710718.98981,13127709.60495,70.72219072707611,29.27780927292389,0.143,count,88386.5
BTC,49310,2026-01-25 09:43:09,SHORT,MODERATE,351,208,143,59.25925925925925,40.74074074074074,32215860.58556,11969296.53196,72.91104680215335,27.088953197846642,0.185,count,88443.5
BTC,49460,2026-01-25 10:45:54,SHORT,MODERATE,353,208,145,58.92351274787535,41.07648725212464,32005209.27679,11787501.6592,73.08341637851719,26.916583621482822,0.178,count,88589.5
BTC,49607,2026-01-25 11:48:46,SHORT,MODERATE,355,209,146,58.87323943661972,41.12676056338028,31853173.20054,11841523.44098,72.89940347193568,27.100596528064308,0.177,count,88583.5
BTC,49755,2026-01-25 12:51:27,SHORT,MODERATE,351,209,142,59.54415954415955,40.45584045584046,32012615.4768,11808558.12586,73.05284830358079,26.94715169641921,0.191,count,88713.5
BTC,49902,2026-01-25 13:54:08,SHORT,MODERATE,349,210,139,60.17191977077364,39.82808022922636,32208784.5881,11827295.87508,73.1418061038171,26.858193896182897,0.203,count,88942.5
BTC,50054,2026-01-25 14:56:54,SHORT,MODERATE,353,206,147,58.35694050991501,41.64305949008499,32039823.05329,11623086.83128,73.37995369065524,26.620046309344747,0.167,count,88654.5
BTC,50203,2026-01-25 15:59:40,SHORT,MODERATE,354,207,147,58.47457627118644,41.52542372881356,31699407.48964,11892129.35631,72.71917849940436,27.280821500595646,0.169,count,88417.5
BTC,50278,2026-01-25 16:31:03,SHORT,MODERATE,354,210,144,59.32203389830508,40.67796610169492,33269136.11671,11714869.98605,73.95769963375665,26.042300366243353,0.186,count,88099.5
BTC,50425,2026-01-25 17:33:48,SHORT,MODERATE,359,210,149,58.495821727019504,41.5041782729805,33544497.78835,11691969.50176,74.1536636210401,25.84633637895991,0.17,count,87742.5
BTC,50586,2026-01-25 18:36:31,SHORT,MODERATE,354,192,162,54.23728813559322,45.76271186440678,33746095.36433,12285289.54637,73.31105816128881,26.688941838711184,0.085,count,87429.5
BTC,50723,2026-01-25 19:39:20,SHORT,MODERATE,339,193,146,56.932153392330385,43.067846607669615,34856276.45247,11819270.71303,74.67781005089928,25.322189949100704,0.139,count,86639.5
BTC,50871,2026-01-25 20:42:07,SHORT,MODERATE,352,197,155,55.96590909090909,44.034090909090914,32563618.1466,12133537.51274,72.85389342172928,27.146106578270718,0.119,count,86247.5
BTC,51008,2026-01-25 21:44:51,SHORT,MODERATE,363,210,153,57.85123966942148,42.14876033057851,34661305.7031,11251772.90377,75.4933164031253,24.506683596874705,0.157,count,86505.5
BTC,51151,2026-01-25 22:47:43,SHORT,MODERATE,363,209,154,57.57575757575758,42.42424242424242,35788036.18132,11619760.62181,75.48976876089961,24.51023123910038,0.152,count,86443.5
BTC,51291,2026-01-25 23:50:25,SHORT,MODERATE,366,215,151,58.7431693989071,41.2568306010929,39482000.83988,12046325.8638,76.62193470190894,23.37806529809106,0.175,count,86790.5
BTC,51434,2026-01-26 00:53:11,SHORT,MODERATE,363,220,143,60.60606060606061,39.39393939393939,40025115.38334,11007050.83605,78.43115107297209,21.568848927027908,0.212,count,86829.5
BTC,51579,2026-01-26 01:55:56,SHORT,MODERATE,360,218,142,60.55555555555555,39.44444444444444,34764482.39568,11623918.57669,74.94218741531213,25.057812584687873,0.211,count,87668.5
BTC,51723,2026-01-26 02:58:44,SHORT,MODERATE,360,217,143,60.27777777777777,39.72222222222222,35013413.16923,14284229.67918,71.0245179001683,28.9754820998317,0.206,count,87520.5
BTC,51794,2026-01-26 03:30:08,SHORT,MODERATE,356,214,142,60.1123595505618,39.8876404494382,34588087.33958,14716335.21899,70.15209903024808,29.847900969751922,0.202,count,87399.5
BTC,51939,2026-01-26 04:32:53,SHORT,MODERATE,347,201,146,57.925072046109506,42.07492795389049,33968707.59345,14837316.14449,69.5994162028897,30.400583797110315,0.159,count,87859.5
BTC,52081,2026-01-26 05:35:40,SHORT,MODERATE,353,204,149,57.79036827195468,42.20963172804532,32496476.88251,14917017.869380001,68.53845524899769,31.4615447510023,0.156,count,87871.5
BTC,52219,2026-01-26 06:38:56,SHORT,MODERATE,366,217,149,59.2896174863388,40.7103825136612,32352644.68734,15039889.60056,68.26527674338804,31.734723256611964,0.186,count,87833.5
BTC,52360,2026-01-26 07:41:42,SHORT,MODERATE,365,217,148,59.45205479452055,40.54794520547945,32404140.98733,15090049.12563,68.2275893330534,31.772410666946598,0.189,count,87934.5
BTC,52500,2026-01-26 08:44:26,SHORT,MODERATE,361,219,142,60.664819944598335,39.335180055401665,33619310.66929,15683656.70761,68.18922360653227,31.810776393467727,0.213,count,88026.5
BTC,52639,2026-01-26 09:47:13,SHORT,MODERATE,361,218,143,60.387811634349035,39.612188365650965,33813220.77765,15650362.56965,68.35982856364512,31.640171436354876,0.208,count,87767.5
BTC,52776,2026-01-26 10:50:03,SHORT,MODERATE,371,226,145,60.91644204851752,39.083557951482476,35649725.50756,14361611.44522,71.28328830964861,28.71671169035139,0.218,count,87883.5
BTC,52914,2026-01-26 11:52:40,SHORT,MODERATE,375,228,147,60.8,39.2,37106784.03885,14332255.40461,72.1373968882846,27.862603111715405,0.216,count,87804.5
BTC,53049,2026-01-26 12:55:25,SHORT,MODERATE,370,222,148,60.0,40.0,37082657.69407,14418217.37432,72.00393710752779,27.9960628924722,0.2,count,87793.5
BTC,53180,2026-01-26 13:58:09,SHORT,MODERATE,376,227,149,60.37234042553191,39.62765957446808,37247412.70299,14494460.0127,71.9869822023184,28.0130177976816,0.207,count,87923.5
BTC,53247,2026-01-26 14:29:32,SHORT,MODERATE,379,222,157,58.575197889182064,41.42480211081794,36718601.64379,14691910.88647,71.42236059634223,28.577639403657777,0.172,count,87614.5
BTC,53381,2026-01-26 15:32:20,SHORT,MODERATE,355,206,149,58.028169014084504,41.971830985915496,37936678.90687,14520386.49906,72.3194837784072,27.680516221592804,0.161,count,88252.5
BTC,53512,2026-01-26 16:35:05,SHORT,MODERATE,356,202,154,56.74157303370787,43.258426966292134,38033966.74219,14299237.2983,72.67654912312128,27.32345087687873,0.135,count,87601.0
BTC,53649,2026-01-26 17:37:52,SHORT,MODERATE,355,197,158,55.49295774647888,44.50704225352113,36149007.8104,14388555.02944,71.52898909067069,28.47101090932931,0.11,count,87449.5
BTC,53783,2026-01-26 18:40:36,SHORT,MODERATE,358,196,162,54.7486033519553,45.2513966480447,37242481.24412,14513150.986159999,71.95831572188007,28.041684278119934,0.095,count,88127.5
BTC,53909,2026-01-26 19:43:19,SHORT,MODERATE,350,194,156,55.42857142857143,44.57142857142857,37230087.78865,14828770.03472,71.51537575981327,28.48462424018674,0.109,count,88258.5
BTC,54044,2026-01-26 20:45:59,SHORT,MODERATE,346,187,159,54.04624277456648,45.95375722543353,36266164.66047,14906532.92617,70.87014437546136,29.129855624538642,0.081,count,87785.5
BTC,54170,2026-01-26 21:48:40,SHORT,MODERATE,345,188,157,54.492753623188406,45.507246376811594,36393172.59051,14782105.40261,71.11475309504463,28.88524690495537,0.09,count,88048.5
BTC,54301,2026-01-26 22:51:25,SHORT,MODERATE,350,192,158,54.85714285714286,45.14285714285714,36741538.02786,14858771.97493,71.20410328130471,28.79589671869528,0.097,count,88129.5
BTC,54432,2026-01-26 23:54:10,SHORT,MODERATE,344,190,154,55.23255813953488,44.76744186046512,38025562.18428,15183270.87018,71.46475500667397,28.53524499332602,0.105,count,88378.5
BTC,54561,2026-01-27 00:56:54,SHORT,MODERATE,351,197,154,56.12535612535613,43.87464387464387,37658836.417840004,16548056.93966,69.47241224372725,30.527587756272755,0.123,count,88295.5
BTC,54691,2026-01-27 01:59:38,SHORT,MODERATE,349,196,153,56.16045845272206,43.83954154727794,39476278.43768,16558425.81409,70.44969535363086,29.550304646369145,0.123,count,88523.5
BTC,54759,2026-01-27 02:30:58,SHORT,MODERATE,346,193,153,55.78034682080924,44.21965317919075,39357257.73625,16226304.3771,70.80736865332568,29.192631346674315,0.116,count,88603.5
BTC,54887,2026-01-27 03:33:37,SHORT,MODERATE,344,194,150,56.395348837209305,43.604651162790695,39493837.13218,15768676.81968,71.46587136188496,28.534128638115035,0.128,count,88654.5
BTC,55016,2026-01-27 04:36:15,SHORT,MODERATE,345,199,146,57.68115942028985,42.31884057971014,41220792.34132,14832313.2766,73.53881981543917,26.461180184560828,0.154,count,88762.5
BTC,55143,2026-01-27 05:39:00,SHORT,MODERATE,350,205,145,58.57142857142858,41.42857142857143,42967953.67994,14731782.33668,74.46819803051332,25.53180196948668,0.171,count,88493.5
BTC,55275,2026-01-27 06:41:42,SHORT,MODERATE,348,204,144,58.620689655172406,41.37931034482759,42694515.09305,14899037.63513,74.13071962160785,25.869280378392133,0.172,count,88322.5
BTC,55406,2026-01-27 07:44:29,SHORT,MODERATE,354,208,146,58.75706214689266,41.24293785310734,42932743.26946,14948851.48806,74.17339389026105,25.826606109738947,0.175,count,88426.5
BTC,55541,2026-01-27 08:47:12,SHORT,MODERATE,346,201,145,58.092485549132945,41.90751445086705,42679690.82705,14686019.85043,74.399306350448,25.60069364955201,0.162,count,88159.5
BTC,55671,2026-01-27 09:49:55,SHORT,MODERATE,346,198,148,57.22543352601156,42.77456647398844,41572403.93238,15965612.24954,72.25206340263635,27.747936597363655,0.145,count,87958.5
BTC,55800,2026-01-27 10:52:42,SHORT,MODERATE,346,199,147,57.51445086705203,42.48554913294797,41551692.01606,14784551.1399,73.75659023096237,26.24340976903763,0.15,count,87777.5
BTC,55925,2026-01-27 11:55:24,SHORT,MODERATE,349,204,145,58.45272206303726,41.54727793696275,41908890.95312,14827700.04424,73.86571913541661,26.1342808645834,0.169,count,88024.5
BTC,56062,2026-01-27 12:58:08,SHORT,MODERATE,350,204,146,58.285714285714285,41.714285714285715,42220449.3793,14963212.130280001,73.8330639639555,26.166936036044508,0.166,count,87907.5
BTC,56126,2026-01-27 13:29:28,SHORT,MODERATE,350,203,147,57.99999999999999,42.0,42074155.00071,15045607.42926,73.65954130550486,26.34045869449514,0.16,count,87777.5
BTC,56261,2026-01-27 14:32:10,SHORT,MODERATE,350,200,150,57.14285714285714,42.857142857142854,43730943.624919996,15369733.9281,73.99398016323653,26.00601983676348,0.143,count,88174.5
BTC,56387,2026-01-27 15:34:53,SHORT,MODERATE,354,207,147,58.47457627118644,41.52542372881356,45414222.40225,14909779.02245,75.28383616749748,24.71616383250251,0.169,count,87631.5
BTC,56524,2026-01-27 16:37:36,SHORT,MODERATE,355,202,153,56.901408450704224,43.098591549295776,43012024.54689,15106682.780960001,74.00719411093817,25.992805889061827,0.138,count,88559.5
BTC,56660,2026-01-27 17:40:21,SHORT,MODERATE,339,187,152,55.16224188790561,44.83775811209439,39084809.43965,15502196.4083,71.60094024669394,28.399059753306073,0.103,count,87566.5
BTC,56791,2026-01-27 18:43:05,SHORT,MODERATE,339,188,151,55.45722713864307,44.54277286135693,36714692.647199996,18770364.46765,66.17041516457896,33.829584835421045,0.109,count,87839.5
BTC,56924,2026-01-27 19:45:48,SHORT,MODERATE,332,186,146,56.024096385542165,43.97590361445783,37161397.86091,15504090.78938,70.56119446203101,29.43880553796899,0.12,count,88424.5
BTC,57055,2026-01-27 20:48:35,SHORT,MODERATE,324,181,143,55.8641975308642,44.135802469135804,36844800.85256,15479430.07788,70.41632566284939,29.58367433715061,0.117,count,89294.5
BTC,57195,2026-01-27 21:51:15,SHORT,MODERATE,331,175,156,52.87009063444109,47.129909365558916,36943769.74157,17118708.80686,68.33532374671873,31.664676253281275,0.057,count,89078.5
BTC,57326,2026-01-27 22:54:02,SHORT,MODERATE,325,171,154,52.61538461538462,47.38461538461539,36785473.91986,17120236.46527,68.24040283867096,31.75959716132904,0.052,count,89249.5
BTC,57455,2026-01-27 23:56:43,SHORT,MODERATE,327,175,152,53.51681957186545,46.48318042813456,37295169.68927,17186914.65753,68.45400673709821,31.54599326290179,0.07,count,89208.5
BTC,57591,2026-01-28 00:59:24,SHORT,MODERATE,336,182,154,54.166666666666664,45.83333333333333,37780599.54898,17477577.44489,68.37105674544989,31.6289432545501,0.083,count,89371.5
BTC,57659,2026-01-28 01:30:45,SHORT,MODERATE,335,182,153,54.328358208955216,45.67164179104478,38084022.15136,17278355.80807,68.7904377576922,31.209562242307804,0.087,count,89318.5
BTC,57795,2026-01-28 02:33:32,SHORT,MODERATE,340,186,154,54.70588235294118,45.294117647058826,39845812.81562,17129152.79806,69.93565048515413,30.064349514845862,0.094,count,89236.5
BTC,57935,2026-01-28 03:36:13,SHORT,MODERATE,336,182,154,54.166666666666664,45.83333333333333,32778677.28126,18119545.78208,64.40043543459025,35.59956456540975,0.083,count,89118.5
BTC,58073,2026-01-28 04:38:53,SHORT,MODERATE,332,178,154,53.6144578313253,46.3855421686747,32952975.73116,18250820.65125,64.35650881246046,35.643491187539546,0.072,count,88977.5
BTC,58217,2026-01-28 05:41:38,SHORT,MODERATE,334,177,157,52.99401197604791,47.00598802395209,34468635.23076,18513547.68757,65.0570311228816,34.94296887711841,0.06,count,88984.5
BTC,58350,2026-01-28 06:44:18,SHORT,MODERATE,339,186,153,54.86725663716814,45.13274336283185,35413892.91168,19044014.06772,65.02984575789178,34.97015424210822,0.097,count,89150.5
BTC,58488,2026-01-28 07:47:03,SHORT,MODERATE,341,185,156,54.252199413489734,45.74780058651026,35764374.09756,19449127.785410002,64.77468893997309,35.22531106002692,0.085,count,89228.5
BTC,58624,2026-01-28 08:49:42,SHORT,MODERATE,340,183,157,53.8235294117647,46.1764705882353,35870624.98053,19616260.4768,64.64703269048123,35.35296730951877,0.076,count,89022.5
BTC,58762,2026-01-28 09:52:29,SHORT,MODERATE,344,185,159,53.779069767441854,46.22093023255814,35808960.75054,20208553.0929,63.924580534973984,36.07541946502602,0.076,count,89445.5
BTC,58896,2026-01-28 10:55:09,SHORT,MODERATE,340,187,153,55.00000000000001,45.0,36421931.99513,18486773.90745,66.33179820291237,33.668201797087626,0.1,count,89449.5
BTC,59031,2026-01-28 11:57:52,SHORT,MODERATE,326,182,144,55.828220858895705,44.171779141104295,36730690.109340005,20398959.98054,64.29356744099245,35.70643255900755,0.117,count,90119.5
BTC,59102,2026-01-28 12:29:15,SHORT,MODERATE,333,181,152,54.35435435435435,45.645645645645644,35426855.69726,20011725.64674,63.90289007836268,36.09710992163732,0.087,count,89856.5
BTC,59240,2026-01-28 13:31:56,SHORT,MODERATE,336,182,154,54.166666666666664,45.83333333333333,36023721.3921,20537081.09679,63.690258636581376,36.30974136341862,0.083,count,90185.5
BTC,59378,2026-01-28 14:34:41,SHORT,MODERATE,343,193,150,56.268221574344025,43.731778425655975,36037757.28211,20523216.21034,63.71488158159172,36.28511841840828,0.125,count,89954.5
BTC,59512,2026-01-28 15:37:22,SHORT,MODERATE,345,201,144,58.26086956521739,41.73913043478261,35515839.9275,17447108.90203,67.05789747812871,32.94210252187128,0.165,count,89402.5
BTC,59647,2026-01-28 16:40:05,SHORT,MODERATE,351,205,146,58.4045584045584,41.5954415954416,35910471.7244,17654974.93688,67.04036643524907,32.95963356475093,0.168,count,89682.5
BTC,59783,2026-01-28 17:42:52,SHORT,MODERATE,344,199,145,57.84883720930233,42.151162790697676,35476612.2111,17850584.04776,66.52630308724655,33.47369691275347,0.157,count,89638.0
BTC,59920,2026-01-28 18:45:39,SHORT,MODERATE,339,191,148,56.342182890855455,43.657817109144545,36552127.40819,16865599.63744,68.42696129127093,31.57303870872908,0.127,count,89574.5
BTC,60052,2026-01-28 19:48:27,SHORT,MODERATE,335,190,145,56.71641791044776,43.28358208955223,38906347.576069996,17160692.09456,69.39254828617355,30.60745171382646,0.134,count,89304.5
BTC,60189,2026-01-28 20:51:15,SHORT,MODERATE,334,191,143,57.18562874251497,42.81437125748503,39368256.293630004,18740371.79586,67.74941620201574,32.25058379798427,0.144,count,88949.5
BTC,60329,2026-01-28 21:53:58,SHORT,MODERATE,325,185,140,56.92307692307692,43.07692307692308,39508326.70268,18918169.95944,67.6205642298842,32.379435770115805,0.138,count,89419.5
BTC,60465,2026-01-28 22:56:44,SHORT,MODERATE,324,187,137,57.71604938271605,42.28395061728395,39700531.14976,18477261.24576,68.24000965842278,31.759990341577225,0.154,count,89373.5
BTC,60600,2026-01-28 23:59:30,SHORT,MODERATE,322,186,136,57.7639751552795,42.2360248447205,39559337.20717,18571956.57746,68.05170611501089,31.948293884989106,0.155,count,89242.5
BTC,60667,2026-01-29 00:30:54,SHORT,MODERATE,321,182,139,56.69781931464174,43.30218068535825,39471822.76431,18364996.17205,68.24687714540856,31.753122854591442,0.134,count,89074.5
BTC,60807,2026-01-29 01:33:42,SHORT,MODERATE,317,179,138,56.46687697160884,43.53312302839117,39833849.32237,17498518.54532,69.47881415659897,30.52118584340103,0.129,count,88781.5
BTC,60944,2026-01-29 02:36:22,SHORT,MODERATE,316,174,142,55.06329113924051,44.936708860759495,34847044.91207,15568402.21056,69.11977756997456,30.880222430025427,0.101,count,88229.5
BTC,61082,2026-01-29 03:39:06,SHORT,MODERATE,322,181,141,56.2111801242236,43.7888198757764,32947737.43498,19493573.46328,62.827829569136895,37.17217043086312,0.124,count,88047.5
BTC,61216,2026-01-29 04:41:47,SHORT,MODERATE,327,186,141,56.88073394495413,43.11926605504588,33706079.69571,17820299.86724,65.41519117315654,34.584808826843464,0.138,count,88142.5
BTC,61357,2026-01-29 05:44:29,SHORT,MODERATE,326,184,142,56.44171779141104,43.558282208588956,33942061.92709,17703081.12379,65.72169215147841,34.278307848521585,0.129,count,88301.5
BTC,61492,2026-01-29 06:47:16,SHORT,MODERATE,332,188,144,56.62650602409639,43.373493975903614,34120756.21548,17681297.34271,65.86757449133104,34.13242550866896,0.133,count,88240.5
BTC,61630,2026-01-29 07:50:05,SHORT,MODERATE,336,190,146,56.547619047619044,43.452380952380956,34170760.88979,17663352.77724,65.92330508300928,34.07669491699071,0.131,count,88378.5
BTC,61767,2026-01-29 08:52:52,SHORT,MODERATE,335,188,147,56.11940298507463,43.88059701492537,34713982.141330004,16900128.66908,67.25676679550307,32.74323320449691,0.122,count,87951.5
BTC,61908,2026-01-29 09:55:49,SHORT,MODERATE,331,181,150,54.68277945619335,45.31722054380665,34118572.21453,16939964.32682,66.82246402988639,33.17753597011362,0.094,count,87855.5
BTC,62045,2026-01-29 10:58:57,SHORT,MODERATE,330,182,148,55.15151515151515,44.84848484848485,34270281.7486,17108149.68008,66.70168939698293,33.29831060301706,0.103,count,87914.5
BTC,62116,2026-01-29 11:30:23,SHORT,MODERATE,330,181,149,54.848484848484844,45.151515151515156,34151633.94797,17098588.47311,66.63704533294457,33.36295466705543,0.097,count,87741.5
BTC,62254,2026-01-29 12:33:07,SHORT,MODERATE,336,185,151,55.05952380952381,44.94047619047619,35059943.6978,18957605.74365,64.90472829723926,35.09527170276075,0.101,count,87953.5
BTC,62396,2026-01-29 13:35:58,SHORT,MODERATE,333,186,147,55.85585585585585,44.14414414414414,35597181.998959996,18915469.65215,65.3007713269717,34.699228673028315,0.117,count,88092.5
BTC,62537,2026-01-29 14:38:56,SHORT,MODERATE,331,183,148,55.2870090634441,44.71299093655589,35244653.852,18665040.52766,65.37720953079216,34.62279046920785,0.106,count,87913.5
BTC,62683,2026-01-29 15:41:49,SHORT,MODERATE,319,165,154,51.724137931034484,48.275862068965516,31729954.48916,17354730.76198,64.6432880781752,35.35671192182481,0.034,count,84641.5
BTC,62806,2026-01-29 16:44:33,SHORT,MODERATE,335,186,149,55.52238805970149,44.47761194029851,35173170.64022,14812768.824819999,70.36612898877294,29.63387101122707,0.11,count,84622.0
BTC,62937,2026-01-29 17:47:17,SHORT,MODERATE,339,189,150,55.75221238938053,44.24778761061947,37620104.65918,16083480.70659,70.05138372597109,29.94861627402891,0.115,count,84669.5
BTC,63073,2026-01-29 18:50:04,SHORT,MODERATE,327,180,147,55.04587155963303,44.95412844036697,48810612.13374,16203807.117659999,75.07659484736368,24.923405152636306,0.101,count,83883.5
BTC,63201,2026-01-29 19:52:47,SHORT,MODERATE,334,191,143,57.18562874251497,42.81437125748503,48645837.35486,14835835.16898,76.6297348838619,23.370265116138093,0.144,count,84015.5
BTC,63334,2026-01-29 20:55:30,SHORT,MODERATE,339,196,143,57.817109144542776,42.18289085545723,45179650.12983,14647512.53265,75.51695270042275,24.48304729957725,0.156,count,84275.5
BTC,63462,2026-01-29 21:58:13,SHORT,MODERATE,357,209,148,58.543417366946784,41.45658263305322,44877128.71694,15068216.78352,74.8634082300779,25.136591769922106,0.171,count,84498.5
BTC,63528,2026-01-29 22:29:38,SHORT,MODERATE,354,211,143,59.6045197740113,40.3954802259887,43770497.45403,14812506.67913,74.7153514943328,25.284648505667214,0.192,count,84424.5
BTC,63660,2026-01-29 23:32:23,SHORT,MODERATE,359,215,144,59.888579387186624,40.11142061281337,46674393.74005,14715644.95594,76.02926261569334,23.97073738430666,0.198,count,84583.5
BTC,63794,2026-01-30 00:35:02,SHORT,MODERATE,361,210,151,58.17174515235457,41.82825484764543,39260878.73021,18141938.5087,68.39538653095471,31.604613469045283,0.163,count,84319.5
BTC,63926,2026-01-30 01:37:44,SHORT,MODERATE,362,210,152,58.011049723756905,41.988950276243095,39265725.88339,18099217.13241,68.44899309422317,31.55100690577683,0.16,count,83445.5
BTC,64060,2026-01-30 02:40:26,SHORT,MODERATE,315,181,134,57.460317460317455,42.53968253968254,39742441.641899996,11917397.50446,76.9310208831734,23.0689791168266,0.149,count,81954.5
BTC,64185,2026-01-30 03:43:08,SHORT,MODERATE,323,189,134,58.51393188854489,41.48606811145511,38456129.18574,13078951.03744,74.62126578478244,25.37873421521756,0.17,count,82439.5
BTC,64313,2026-01-30 04:45:52,SHORT,MODERATE,324,193,131,59.5679012345679,40.4320987654321,39133804.914289996,13138045.0522,74.86592676436278,25.13407323563721,0.191,count,82898.5
BTC,64443,2026-01-30 05:48:39,SHORT,MODERATE,336,200,136,59.523809523809526,40.476190476190474,39546062.332669996,13456248.569290001,74.6119587234971,25.3880412765029,0.19,count,83007.5
BTC,64578,2026-01-30 06:51:24,SHORT,MODERATE,330,190,140,57.57575757575758,42.42424242424242,39011081.32426,13800182.92321,73.86886468283872,26.13113531716128,0.152,count,82369.5
BTC,64709,2026-01-30 07:54:08,SHORT,MODERATE,334,193,141,57.784431137724546,42.21556886227545,39779331.52088,14211050.72552,73.67855137482829,26.3214486251717,0.156,count,82815.5
BTC,64841,2026-01-30 08:57:14,SHORT,MODERATE,345,203,142,58.84057971014492,41.15942028985507,41644611.48601,14008190.60157,74.82931662717446,25.17068337282553,0.177,count,82604.5
BTC,64907,2026-01-30 09:28:40,SHORT,MODERATE,343,200,143,58.309037900874635,41.690962099125365,39871800.50818,13933712.32218,74.10356004576944,25.896439954230566,0.166,count,82419.5
BTC,65037,2026-01-30 10:31:29,SHORT,MODERATE,344,201,143,58.43023255813954,41.56976744186046,40119775.70089,12837554.36774,75.75868279027061,24.24131720972939,0.169,count,82528.5
BTC,65168,2026-01-30 11:34:17,SHORT,MODERATE,347,202,145,58.21325648414985,41.78674351585015,40040778.32731,15970774.65723,71.48664194039011,28.51335805960989,0.164,count,82752.5
BTC,65300,2026-01-30 12:37:06,SHORT,MODERATE,349,203,146,58.16618911174785,41.833810888252145,39183553.7832,17164258.88404,69.538730836984,30.461269163016,0.163,count,82742.5
BTC,65434,2026-01-30 13:39:54,SHORT,MODERATE,351,205,146,58.4045584045584,41.5954415954416,40116014.55313,14766802.49848,73.09394216300198,26.90605783699802,0.168,count,82722.5
BTC,65570,2026-01-30 14:42:40,SHORT,MODERATE,345,197,148,57.10144927536231,42.89855072463768,39554492.48983,17501086.80133,69.32624816230451,30.673751837695495,0.142,count,83498.5
BTC,65702,2026-01-30 15:45:25,SHORT,MODERATE,348,206,142,59.195402298850574,40.804597701149426,38564632.26782,14666093.47436,72.44806778439506,27.55193221560493,0.184,count,83210.5
BTC,65836,2026-01-30 16:48:10,SHORT,MODERATE,350,205,145,58.57142857142858,41.42857142857143,39011183.40783,13813965.60814,73.84964194996631,26.150358050033685,0.171,count,83158.5
BTC,65969,2026-01-30 17:51:01,SHORT,MODERATE,345,202,143,58.550724637681164,41.449275362318836,38588418.43732,13943506.74772,73.45708024481308,26.54291975518693,0.171,count,83068.5
BTC,66103,2026-01-30 18:53:58,SHORT,MODERATE,342,198,144,57.89473684210527,42.10526315789473,38357132.37314,14017590.4504,73.2359625126269,26.7640374873731,0.158,count,83734.5
BTC,66238,2026-01-30 19:56:48,SHORT,MODERATE,337,190,147,56.37982195845698,43.62017804154303,38417523.76453,18672944.1807,67.29236096187901,32.70763903812099,0.128,count,84405.5
BTC,66369,2026-01-30 20:59:33,SHORT,MODERATE,333,193,140,57.95795795795796,42.04204204204204,40071445.30399,14890235.38718,72.90796933440168,27.09203066559831,0.159,count,83878.5
BTC,66435,2026-01-30 21:30:55,SHORT,MODERATE,335,190,145,56.71641791044776,43.28358208955223,39291618.182390004,16963160.2023,69.84583231970105,30.154167680298965,0.134,count,84282.5
BTC,66566,2026-01-30 22:33:42,SHORT,MODERATE,336,192,144,57.14285714285714,42.857142857142854,42355020.78303,14607118.60754,74.35644313254465,25.64355686745535,0.143,count,84021.5
BTC,66701,2026-01-30 23:36:23,SHORT,MODERATE,335,189,146,56.4179104477612,43.582089552238806,42170727.07893,14785455.09921,74.04064926092481,25.959350739075195,0.128,count,83990.5
BTC,66834,2026-01-31 00:39:09,SHORT,MODERATE,340,187,153,55.00000000000001,45.0,41509727.724980004,15476514.48385,72.84166513886764,27.158334861132357,0.1,count,84197.5
BTC,66968,2026-01-31 01:41:50,SHORT,MODERATE,336,185,151,55.05952380952381,44.94047619047619,38112134.08446,15332446.55896,71.31150366534365,28.688496334656342,0.101,count,83956.5
BTC,67103,2026-01-31 02:44:33,SHORT,MODERATE,334,185,149,55.38922155688623,44.61077844311377,38064001.52753,15539796.47357,71.00989658745614,28.990103412543846,0.108,count,84105.5
BTC,67236,2026-01-31 03:47:16,SHORT,MODERATE,337,187,150,55.48961424332344,44.510385756676556,38037460.86273,15783979.34183,70.67343556426661,29.32656443573338,0.11,count,84031.5
BTC,67370,2026-01-31 04:50:00,SHORT,MODERATE,341,192,149,56.30498533724341,43.6950146627566,38217706.34041,15778539.47034,70.77845092112184,29.221549078878155,0.126,count,83984.5
BTC,67502,2026-01-31 05:52:45,SHORT,MODERATE,339,189,150,55.75221238938053,44.24778761061947,38131649.1916,15964348.07955,70.48885521135597,29.511144788644028,0.115,count,83971.5
BTC,67636,2026-01-31 06:55:31,SHORT,MODERATE,342,189,153,55.26315789473685,44.73684210526316,38326231.80076,15799771.59973,70.80927722886895,29.19072277113105,0.105,count,83759.5
BTC,67773,2026-01-31 07:58:12,SHORT,MODERATE,335,182,153,54.328358208955216,45.67164179104478,37895781.64475,15499888.920739999,70.97163729458303,29.02836270541696,0.087,count,83519.5
BTC,67840,2026-01-31 08:29:36,SHORT,MODERATE,332,178,154,53.6144578313253,46.3855421686747,37628255.51947,15503935.32632,70.8200714491176,29.1799285508824,0.072,count,83079.5
BTC,67974,2026-01-31 09:32:27,SHORT,MODERATE,332,179,153,53.915662650602414,46.08433734939759,38377524.0374,15720571.30472,70.94061961830256,29.059380381697448,0.078,count,83156.0
BTC,68105,2026-01-31 10:35:16,SHORT,MODERATE,338,184,154,54.437869822485204,45.562130177514796,46948622.43359,15631950.02007,75.02108177159097,24.97891822840903,0.089,count,83090.5
BTC,68239,2026-01-31 11:38:16,SHORT,MODERATE,342,187,155,54.67836257309941,45.32163742690059,47179975.86414,15584903.420359999,75.16938836173506,24.830611638264944,0.094,count,82999.5
BTC,68372,2026-01-31 12:41:01,SHORT,MODERATE,339,186,153,54.86725663716814,45.13274336283185,47735632.13023,14889044.25027,76.22495618211907,23.775043817880924,0.097,count,82911.5
BTC,68504,2026-01-31 13:43:45,SHORT,MODERATE,340,190,150,55.88235294117647,44.11764705882353,48183142.07814,14821224.71632,76.4758770377433,23.5241229622567,0.118,count,82574.5
BTC,68637,2026-01-31 14:46:38,SHORT,MODERATE,318,166,152,52.20125786163522,47.79874213836478,37918471.36365,21109311.17301,64.23834630769032,35.76165369230968,0.044,count,81228.5
BTC,68761,2026-01-31 15:49:27,SHORT,MODERATE,334,184,150,55.08982035928144,44.91017964071856,37927704.03321,21369994.96737,63.961510602357485,36.03848939764253,0.102,count,81463.0
BTC,68897,2026-01-31 16:52:20,SHORT,MODERATE,327,174,153,53.21100917431193,46.788990825688074,39672717.519430004,21841273.60813,64.49381155770189,35.50618844229812,0.064,count,80292.5
BTC,69026,2026-01-31 17:55:06,SHORT,MODERATE,314,164,150,52.22929936305732,47.77070063694268,34044014.43125,20972166.1464,61.88000343498978,38.119996565010226,0.045,count,78943.5
BTC,69151,2026-01-31 18:57:50,LONG,MODERATE,276,132,144,47.82608695652174,52.17391304347826,30922029.49715,12508197.410529999,71.19932751648113,28.800672483518863,0.043,count,77926.5
BTC,69210,2026-01-31 19:29:10,SHORT,MODERATE,291,156,135,53.608247422680414,46.391752577319586,33933854.32474,12520851.26312,73.04718412338389,26.952815876616103,0.072,count,77944.5
BTC,69335,2026-01-31 20:31:55,SHORT,MODERATE,292,149,143,51.02739726027398,48.97260273972603,31854949.028079998,16344255.91274,66.09019602541615,33.909803974583866,0.021,count,77220.5
BTC,69452,2026-01-31 21:34:42,SHORT,MODERATE,290,150,140,51.724137931034484,48.275862068965516,32446635.292779997,12413767.79181,72.32800657541516,27.671993424584844,0.034,count,77899.5
BTC,69573,2026-01-31 22:37:26,SHORT,MODERATE,305,161,144,52.78688524590164,47.21311475409836,33901203.91007,12782008.76011,72.61968911519492,27.38031088480508,0.056,count,78158.5
BTC,69691,2026-01-31 23:40:11,SHORT,MODERATE,297,160,137,53.87205387205387,46.12794612794613,36388878.62942,13892754.6518,72.37012056848023,27.62987943151976,0.077,count,78898.5
BTC,69813,2026-02-01 00:42:54,SHORT,MODERATE,302,166,136,54.966887417218544,45.033112582781456,37050087.60491,14488293.92066,71.88834128702344,28.111658712976556,0.099,count,78841.5
BTC,69937,2026-02-01 01:45:40,SHORT,MODERATE,299,162,137,54.18060200668896,45.819397993311036,39977292.88259,14372440.44866,73.55563759427659,26.444362405723403,0.084,count,78333.5
BTC,70058,2026-02-01 02:48:31,SHORT,MODERATE,306,166,140,54.248366013071895,45.751633986928105,40502097.51521,15040076.915000001,72.92133937986495,27.078660620135057,0.085,count,78831.5
BTC,70180,2026-02-01 03:51:15,SHORT,MODERATE,306,167,139,54.57516339869281,45.42483660130719,40606584.17872,15110936.57075,72.87938090659976,27.12061909340024,0.092,count,78838.5
BTC,70302,2026-02-01 04:53:55,SHORT,MODERATE,309,169,140,54.69255663430421,45.307443365695796,41159774.16242,15151246.41419,73.0936391153184,26.9063608846816,0.094,count,79006.5
BTC,70425,2026-02-01 05:56:39,SHORT,MODERATE,306,169,137,55.22875816993464,44.771241830065364,41798950.24835,14990876.97385,73.60288328542433,26.39711671457567,0.105,count,78570.5
BTC,70552,2026-02-01 06:59:22,SHORT,MODERATE,298,163,135,54.69798657718121,45.302013422818796,42251809.1903,14916521.8176,73.90771856617835,26.092281433821658,0.094,count,78307.5
BTC,70615,2026-02-01 07:30:45,SHORT,MODERATE,296,158,138,53.37837837837838,46.62162162162162,42051799.92697,14790973.183220001,73.97914919712375,26.020850802876254,0.068,count,78156.5
BTC,70735,2026-02-01 08:33:28,SHORT,MODERATE,303,162,141,53.46534653465347,46.53465346534654,41624069.59149,14621270.30486,74.00447693657046,25.995523063429538,0.069,count,78437.5
BTC,70859,2026-02-01 09:36:11,SHORT,MODERATE,307,166,141,54.071661237785015,45.928338762214985,41489723.364199996,14734471.42547,73.79336159354452,26.206638406455486,0.081,count,78782.5
BTC,70981,2026-02-01 10:38:54,SHORT,MODERATE,305,167,138,54.75409836065573,45.24590163934426,41593379.64956,14697152.31728,73.89054286085288,26.109457139147125,0.095,count,78480.5
BTC,71101,2026-02-01 11:41:34,SHORT,MODERATE,316,177,139,56.0126582278481,43.9873417721519,42359183.81746,14697909.96147,74.2399954361194,25.760004563880596,0.12,count,78751.5
BTC,71222,2026-02-01 12:44:24,SHORT,MODERATE,312,172,140,55.12820512820513,44.871794871794876,42549784.38965,14677097.42996,74.3527919689474,25.647208031052603,0.103,count,78479.5
BTC,71344,2026-02-01 13:47:10,SHORT,MODERATE,318,171,147,53.77358490566038,46.22641509433962,42510414.3981,14827204.26367,74.14053005735295,25.859469942647053,0.075,count,78609.5
BTC,71472,2026-02-01 14:49:57,SHORT,MODERATE,299,151,148,50.50167224080268,49.49832775919732,41307322.64227,16235413.08743,71.78546886666307,28.21453113333693,0.01,count,78046.5
BTC,71595,2026-02-01 15:52:44,LONG,MODERATE,292,145,147,49.65753424657534,50.34246575342466,40015152.64857,16122410.6643,71.28052998231257,28.71947001768743,0.007,count,77488.5
BTC,71717,2026-02-01 16:55:28,SHORT,MODERATE,287,145,142,50.522648083623686,49.47735191637631,40369087.08593,16824948.33442,70.58268714427243,29.417312855727566,0.01,count,77395.5
BTC,71839,2026-02-01 17:58:13,SHORT,MODERATE,286,144,142,50.349650349650354,49.65034965034965,40129818.14063,17186619.89167,70.01450110702154,29.985498892978455,0.007,count,77611.5
BTC,71899,2026-02-01 18:29:34,LONG,MODERATE,295,146,149,49.49152542372882,50.50847457627119,40776278.63126,18584263.71796,68.69256414702518,31.307435852974812,0.01,count,78081.5
BTC,72022,2026-02-01 19:32:16,LONG,MODERATE,292,145,147,49.65753424657534,50.34246575342466,40302869.19812,17608883.07462,69.59359303843965,30.40640696156035,0.007,count,77613.5
BTC,72145,2026-02-01 20:35:04,LONG,MODERATE,287,142,145,49.47735191637631,50.522648083623686,40013013.91343,17348911.00679,69.75535421637404,30.244645783625952,0.01,count,77056.5
BTC,72267,2026-02-01 21:37:48,LONG,MODERATE,296,146,150,49.32432432432432,50.67567567567568,40363038.6135,16442613.585409999,71.05461701621743,28.945382983782565,0.014,count,77047.5
BTC,72389,2026-02-01 22:40:33,LONG,MODERATE,281,136,145,48.39857651245551,51.60142348754449,37795937.55472,17968051.16888,67.77839681099479,32.22160318900521,0.032,count,77463.5
BTC,72509,2026-02-01 23:43:21,LONG,MODERATE,291,143,148,49.140893470790374,50.85910652920962,38485928.657400005,18420306.64448,67.63042477373047,32.36957522626954,0.017,count,77204.5
BTC,72629,2026-02-02 00:46:03,SHORT,MODERATE,293,151,142,51.5358361774744,48.4641638225256,38645208.8635,17276949.6662,69.1053598064812,30.894640193518807,0.031,count,77797.5
BTC,72749,2026-02-02 01:48:46,LONG,MODERATE,284,141,143,49.647887323943664,50.352112676056336,39168803.73579,19490230.62684,66.77369336434786,33.22630663565214,0.007,count,77426.5
BTC,72869,2026-02-02 02:51:25,LONG,MODERATE,285,142,143,49.824561403508774,50.175438596491226,38903261.87784,19458482.13641,66.65884053831755,33.341159461682444,0.004,count,76646.5
BTC,72988,2026-02-02 03:54:09,SHORT,MODERATE,278,142,136,51.07913669064749,48.92086330935252,39269186.532460004,22364311.21127,63.71403209296987,36.28596790703011,0.022,count,76002.5
BTC,73108,2026-02-02 04:56:56,LONG,MODERATE,280,139,141,49.642857142857146,50.357142857142854,38922262.46925,24141820.77237,61.7185892009649,38.28141079903509,0.007,count,75788.5
BTC,73229,2026-02-02 05:59:41,SHORT,MODERATE,292,148,144,50.68493150684932,49.31506849315068,39091568.64466,23470064.47802,62.48489160761442,37.51510839238558,0.014,count,75527.5
BTC,73289,2026-02-02 06:31:04,SHORT,MODERATE,290,145,145,50.0,50.0,39237691.41611,23612239.42753,62.430763072320225,37.569236927679775,0.0,count,75688.5
BTC,73409,2026-02-02 07:33:49,LONG,MODERATE,281,138,143,49.11032028469751,50.88967971530249,39554842.92363,22556697.18575,63.68356484797014,36.316435152029854,0.018,count,76505.5
BTC,73528,2026-02-02 08:36:40,LONG,MODERATE,285,142,143,49.824561403508774,50.175438596491226,38358623.910339996,22675652.91925,62.847674950649,37.152325049351006,0.004,count,76814.5
BTC,73644,2026-02-02 09:39:29,SHORT,MODERATE,286,144,142,50.349650349650354,49.65034965034965,39231057.89848,23003085.97014,63.03783656331662,36.96216343668339,0.007,count,77370.5
BTC,73761,2026-02-02 10:42:13,LONG,MODERATE,290,143,147,49.310344827586206,50.689655172413794,38795816.76091,20005425.87115,65.97788588188355,34.02211411811646,0.014,count,77469.5
BTC,73879,2026-02-02 11:45:06,SHORT,MODERATE,297,149,148,50.16835016835017,49.831649831649834,38994183.75567,20691813.40204,65.33221461079819,34.667785389201825,0.003,count,77795.5
BTC,73994,2026-02-02 12:47:54,SHORT,MODERATE,294,151,143,51.36054421768708,48.63945578231292,39660859.567040004,21071510.96221,65.30431666246008,34.695683337539926,0.027,count,77833.5
BTC,74113,2026-02-02 13:50:38,LONG,MODERATE,297,148,149,49.831649831649834,50.16835016835017,39303798.92816,21613443.75954,64.51999006201893,35.48000993798106,0.003,count,77845.5
BTC,74231,2026-02-02 14:53:24,SHORT,MODERATE,294,150,144,51.02040816326531,48.97959183673469,41851425.99516,20227344.25327,67.41664795819379,32.58335204180621,0.02,count,78346.5
BTC,74347,2026-02-02 15:56:13,SHORT,MODERATE,283,147,136,51.9434628975265,48.0565371024735,43562785.65955,22624498.0647,65.81745496769686,34.18254503230314,0.039,count,78680.5
BTC,74466,2026-02-02 16:59:00,SHORT,MODERATE,291,149,142,51.20274914089347,48.797250859106526,43730183.162,21332450.2164,67.212439600574,32.787560399426,0.024,count,78583.5
BTC,74526,2026-02-02 17:30:27,SHORT,MODERATE,290,149,141,51.37931034482759,48.62068965517241,44273507.97118,21789278.00182,67.01731893243903,32.982681067560975,0.028,count,78911.5
BTC,74644,2026-02-02 18:33:13,LONG,MODERATE,284,141,143,49.647887323943664,50.352112676056336,41755074.93714,21521160.57091,65.98855731837575,34.01144268162425,0.007,count,78734.5
BTC,74761,2026-02-02 19:35:54,LONG,MODERATE,280,137,143,48.92857142857142,51.07142857142857,41848015.44609,20965537.12886,66.62258976063544,33.37741023936456,0.021,count,78308.5
BTC,74880,2026-02-02 20:38:34,LONG,MODERATE,278,138,140,49.64028776978417,50.35971223021583,41799527.639199995,20374984.040120002,67.22936217785049,32.77063782214951,0.007,count,78236.5
BTC,74995,2026-02-02 21:41:14,LONG,MODERATE,286,138,148,48.25174825174825,51.74825174825175,42146907.82043,20561964.35168,67.21043826901257,32.789561730987415,0.035,count,78388.5
BTC,75116,2026-02-02 22:44:00,SHORT,MODERATE,284,142,142,50.0,50.0,42213204.61259,20541440.71568,67.26705950096988,32.732940499030114,0.0,count,78793.5
BTC,75234,2026-02-02 23:46:44,SHORT,MODERATE,282,142,140,50.35460992907801,49.645390070921984,42509556.58428,20449500.88674,67.51936622279823,32.480633777201774,0.007,count,78842.5
BTC,75351,2026-02-03 00:49:30,SHORT,MODERATE,283,144,139,50.8833922261484,49.11660777385159,43633877.75997,20645032.88169,67.88210522611176,32.117894773888224,0.018,count,78890.5
BTC,75466,2026-02-03 01:52:15,SHORT,MODERATE,280,146,134,52.142857142857146,47.85714285714286,43542246.66925,20967399.22853,67.4972650419531,32.50273495804689,0.043,count,78945.5
BTC,75584,2026-02-03 02:55:00,SHORT,MODERATE,281,147,134,52.313167259786475,47.686832740213525,42682152.54659,19908345.43482,68.19270324269831,31.80729675730169,0.046,count,77910.5
BTC,75700,2026-02-03 03:57:44,SHORT,MODERATE,274,143,131,52.18978102189781,47.81021897810219,43795278.91869,20042872.25691,68.60361415890954,31.396385841090453,0.044,count,78829.5
BTC,75758,2026-02-03 04:29:09,SHORT,MODERATE,277,145,132,52.34657039711191,47.65342960288809,43744119.09416,19896547.01957,68.73611130340217,31.263888696597835,0.047,count,78438.5
BTC,75874,2026-02-03 05:31:48,SHORT,MODERATE,282,147,135,52.12765957446809,47.87234042553192,45802558.85644,20345725.49171,69.24224763770609,30.75775236229391,0.043,count,78403.5
BTC,75991,2026-02-03 06:34:32,SHORT,MODERATE,284,150,134,52.816901408450704,47.183098591549296,45959519.67115,20491813.25553,69.16267537004875,30.837324629951258,0.056,count,78488.5
BTC,76109,2026-02-03 07:37:18,SHORT,MODERATE,288,153,135,53.125,46.875,46123368.68394,20621365.44537,69.10413126312174,30.895868736878256,0.062,count,78780.5
BTC,76227,2026-02-03 08:40:10,SHORT,MODERATE,294,155,139,52.721088435374156,47.27891156462585,46058411.42388,22820365.06304,66.8688001922137,33.13119980778631,0.054,count,78925.0
BTC,76343,2026-02-03 09:42:54,SHORT,MODERATE,292,156,136,53.42465753424658,46.57534246575342,45932470.544429995,22099737.87743,67.51577173506989,32.484228264930096,0.068,count,78282.5
BTC,76463,2026-02-03 10:45:49,SHORT,MODERATE,297,157,140,52.861952861952865,47.13804713804714,46015737.78075,22092858.36549,67.56230547161314,32.43769452838687,0.057,count,78082.5
BTC,76580,2026-02-03 11:48:39,SHORT,MODERATE,297,157,140,52.861952861952865,47.13804713804714,46287786.18079,21179529.40757,68.60771882967275,31.39228117032726,0.057,count,78269.5
BTC,76695,2026-02-03 12:51:31,SHORT,MODERATE,295,156,139,52.88135593220339,47.11864406779661,46330428.86226001,20304509.45412,69.5287337736924,30.47126622630759,0.058,count,78278.5
BTC,76809,2026-02-03 13:54:17,SHORT,MODERATE,297,159,138,53.535353535353536,46.464646464646464,45939168.35263,20176530.31714,69.48299613694425,30.517003863055734,0.071,count,78215.0
BTC,76933,2026-02-03 14:57:15,SHORT,MODERATE,283,143,140,50.53003533568905,49.46996466431096,45119307.03245,20166011.1978,69.11095519718847,30.889044802811522,0.011,count,77315.5
BTC,76987,2026-02-03 15:28:49,SHORT,MODERATE,282,151,131,53.54609929078015,46.45390070921986,45713266.20779999,20836756.93747,68.69008310938362,31.30991689061638,0.071,count,77816.5
BTC,77108,2026-02-03 16:31:41,SHORT,MODERATE,295,157,138,53.22033898305085,46.779661016949156,47607377.93163,19809791.25225,70.61610344655841,29.38389655344159,0.064,count,76698.5
BTC,77229,2026-02-03 17:34:37,SHORT,MODERATE,293,153,140,52.218430034129696,47.781569965870304,49235361.76719,20243962.769,70.8633281855591,29.136671814440913,0.044,count,75868.5
BTC,77349,2026-02-03 18:37:16,SHORT,MODERATE,271,136,135,50.184501845018445,49.815498154981555,51682414.73465,24075127.41007,68.22081771861187,31.779182281388124,0.004,count,73988.5
BTC,77463,2026-02-03 19:39:58,SHORT,MODERATE,290,159,131,54.82758620689655,45.17241379310345,45650899.83499,27336635.07606,62.54615927312083,37.45384072687917,0.097,count,74931.5
BTC,77577,2026-02-03 20:42:42,SHORT,MODERATE,276,155,121,56.15942028985508,43.84057971014493,47251068.5952,25986147.07415,64.51783859251044,35.482161407489556,0.123,count,76290.5
BTC,77696,2026-02-03 21:45:22,SHORT,MODERATE,291,153,138,52.57731958762887,47.42268041237113,45384972.27343,32325345.12347,58.40276271377124,41.59723728622876,0.052,count,76389.5
BTC,77816,2026-02-03 22:48:07,LONG,MODERATE,287,139,148,48.43205574912892,51.56794425087108,44191953.72856,28467762.56829,60.82043253240151,39.17956746759849,0.031,count,75598.5
BTC,77933,2026-02-03 23:50:56,LONG,MODERATE,290,142,148,48.96551724137931,51.03448275862069,44832074.32966,26275625.8207,63.048128732698196,36.951871267301804,0.021,count,75706.5
BTC,78053,2026-02-04 00:53:42,SHORT,MODERATE,288,147,141,51.041666666666664,48.95833333333333,45423410.92029,25886407.2495,63.698677245447485,36.301322754552515,0.021,count,76101.5
BTC,78171,2026-02-04 01:56:26,SHORT,MODERATE,290,147,143,50.689655172413794,49.310344827586206,45859180.13492,25877098.4175,63.9274591048227,36.07254089517729,0.014,count,76373.5
BTC,78288,2026-02-04 02:59:10,SHORT,MODERATE,288,145,143,50.34722222222222,49.65277777777778,45183723.72118,25997981.78253,63.476596130202324,36.52340386979767,0.007,count,75971.5
BTC,78347,2026-02-04 03:30:30,SHORT,MODERATE,290,147,143,50.689655172413794,49.310344827586206,47492316.919599995,26296185.82386,64.36275998811931,35.637240011880685,0.014,count,76360.5
BTC,78466,2026-02-04 04:33:15,SHORT,MODERATE,290,146,144,50.3448275862069,49.6551724137931,44952417.12923,31411424.37609,58.86610238970014,41.13389761029987,0.007,count,76630.5
BTC,78583,2026-02-04 05:36:02,LONG,MODERATE,292,145,147,49.65753424657534,50.34246575342466,44171597.59542,31462178.6476,58.401946576740514,41.598053423259486,0.007,count,76356.5
BTC,78700,2026-02-04 06:38:39,LONG,MODERATE,292,145,147,49.65753424657534,50.34246575342466,45177537.77263,32115034.61389,58.45003779497584,41.54996220502416,0.007,count,76699.5
BTC,78819,2026-02-04 07:41:25,SHORT,MODERATE,292,146,146,50.0,50.0,44589531.82010999,31970147.26399,58.241534386695726,41.758465613304274,0.0,count,76547.5
BTC,78937,2026-02-04 08:44:23,LONG,MODERATE,296,147,149,49.66216216216216,50.33783783783784,44390185.06161,32436406.00279,57.7797146100103,42.22028538998969,0.007,count,76303.5
BTC,79055,2026-02-04 09:47:19,LONG,MODERATE,292,143,149,48.97260273972603,51.02739726027398,43916574.59554,32237512.77149,57.6680466064559,42.33195339354411,0.021,count,76148.5
BTC,79175,2026-02-04 10:50:08,LONG,MODERATE,293,145,148,49.48805460750853,50.51194539249146,44048551.014410004,32391780.2682,57.62475158768831,42.3752484123117,0.01,count,76230.5
BTC,79290,2026-02-04 11:53:03,LONG,MODERATE,296,141,155,47.63513513513514,52.36486486486487,44152423.88046,22340746.47211,66.40144190200053,33.59855809799949,0.047,count,76067.5
BTC,79411,2026-02-04 12:55:50,LONG,MODERATE,298,142,156,47.651006711409394,52.348993288590606,44303935.01223,22458496.30155,66.36057755896243,33.63942244103757,0.047,count,76129.5
BTC,79530,2026-02-04 13:58:37,LONG,MODERATE,293,133,160,45.39249146757679,54.60750853242321,43388436.58221,23079902.72092,65.27684764973033,34.723152350269665,0.092,count,74838.5
BTC,79588,2026-02-04 14:30:04,LONG,MODERATE,290,129,161,44.48275862068966,55.51724137931034,43721042.329050004,25472434.65646,63.18665318438289,36.813346815617095,0.11,count,75258.5
BTC,79710,2026-02-04 15:33:03,LONG,MODERATE,294,137,157,46.59863945578231,53.40136054421769,49035864.42432,20669328.5544,70.34750544237063,29.652494557629378,0.068,count,74659.5
BTC,79831,2026-02-04 16:35:49,LONG,MODERATE,292,136,156,46.57534246575342,53.42465753424658,43200305.50437,24560274.09296,63.754332919065284,36.24566708093471,0.068,count,73508.5
BTC,79957,2026-02-04 17:38:34,LONG,MODERATE,294,143,151,48.63945578231292,51.36054421768708,43543112.61975,24213892.73947,64.26363206121962,35.73636793878038,0.027,count,72351.5
BTC,80075,2026-02-04 18:41:20,SHORT,MODERATE,292,156,136,53.42465753424658,46.57534246575342,41717540.73616,21181142.2855,66.32498286457606,33.67501713542395,0.068,count,73912.5
BTC,80198,2026-02-04 19:44:06,SHORT,MODERATE,296,156,140,52.702702702702695,47.2972972972973,41109285.52704,21205338.60114,65.97052634463297,34.029473655367035,0.054,count,73587.5
BTC,80322,2026-02-04 20:46:52,SHORT,MODERATE,294,152,142,51.70068027210885,48.29931972789115,40430438.5376,20724123.54922,66.11189281382092,33.888107186179084,0.034,count,73586.5
BTC,80443,2026-02-04 21:49:37,LONG,MODERATE,274,132,142,48.175182481751825,51.82481751824818,38395106.688880004,20542162.36339,65.14571731314584,34.85428268685416,0.036,count,72223.0
BTC,80565,2026-02-04 22:52:21,SHORT,MODERATE,278,139,139,50.0,50.0,36399621.638569996,20103400.29758,64.42066351725857,35.57933648274141,0.0,count,72882.5
BTC,80687,2026-02-04 23:55:06,LONG,MODERATE,281,140,141,49.8220640569395,50.177935943060504,37019809.2028,13458648.29052,73.33783764628498,26.66216235371501,0.004,count,73335.5
BTC,80808,2026-02-05 00:57:55,SHORT,MODERATE,281,142,139,50.5338078291815,49.46619217081851,34698860.55651,14130565.93219,71.06137231519591,28.938627684804086,0.011,count,72868.5
BTC,80869,2026-02-05 01:29:16,SHORT,MODERATE,274,138,136,50.36496350364964,49.63503649635037,34538796.74602,12998823.76564,72.65571220071553,27.344287799284476,0.007,count,73001.5
BTC,80993,2026-02-05 02:32:03,SHORT,MODERATE,281,143,138,50.88967971530249,49.11032028469751,35146706.03414,15865854.87871,68.89814078180613,31.101859218193866,0.018,count,72376.0
BTC,81117,2026-02-05 03:34:51,LONG,MODERATE,284,138,146,48.59154929577465,51.40845070422535,34306257.86191,16769624.81832,67.16723443957036,32.832765560429635,0.028,count,71433.5
BTC,81242,2026-02-05 04:37:36,LONG,MODERATE,278,135,143,48.561151079136685,51.438848920863315,31825304.139689997,16513110.26605,65.83853552281779,34.16146447718222,0.029,count,70996.5
BTC,81364,2026-02-05 05:40:26,LONG,MODERATE,275,129,146,46.909090909090914,53.090909090909086,31902816.24575,17248878.88539,64.90684840193438,35.093151598065624,0.062,count,70745.5
BTC,81486,2026-02-05 06:43:15,SHORT,MODERATE,284,142,142,50.0,50.0,31358165.346970003,17700802.10488,63.919334172182,36.080665827818,0.0,count,70917.5
BTC,81607,2026-02-05 07:46:02,LONG,MODERATE,290,144,146,49.6551724137931,50.3448275862069,30357174.25511,18981505.990790002,61.528144052115486,38.471855947884514,0.007,count,71154.5
BTC,81729,2026-02-05 08:48:52,SHORT,MODERATE,295,149,146,50.50847457627119,49.49152542372882,30391532.356110003,19304055.74079,61.15539330543876,38.84460669456124,0.01,count,71195.0
BTC,81851,2026-02-05 09:51:40,SHORT,MODERATE,293,148,145,50.51194539249146,49.48805460750853,30362693.08054,14551367.82856,67.60175425239325,32.39824574760676,0.01,count,71589.5
BTC,81973,2026-02-05 10:54:26,LONG,MODERATE,289,142,147,49.13494809688581,50.86505190311419,30194095.431560002,15501899.96785,66.07602081461573,33.92397918538426,0.017,count,70816.0
BTC,82095,2026-02-05 11:57:19,LONG,MODERATE,294,146,148,49.65986394557823,50.34013605442177,31122487.35666,13289622.63547,70.0765790280512,29.923420971948804,0.007,count,70240.5
BTC,82156,2026-02-05 12:28:46,LONG,MODERATE,290,144,146,49.6551724137931,50.3448275862069,33360919.49305,13191980.147160001,71.66238784454697,28.337612155453034,0.007,count,69702.5
BTC,82278,2026-02-05 13:31:30,LONG,MODERATE,305,152,153,49.8360655737705,50.1639344262295,31012761.35794,15111758.36719,67.23703909060615,32.762960909393854,0.003,count,69440.5
BTC,82396,2026-02-05 14:34:20,SHORT,MODERATE,311,161,150,51.76848874598071,48.231511254019296,32721542.98648,15370226.08874,68.03979894210266,31.96020105789732,0.035,count,70337.5
BTC,82519,2026-02-05 15:37:22,SHORT,MODERATE,293,150,143,51.19453924914675,48.80546075085324,45972239.25298,14244151.32078,76.34505956757386,23.654940432426145,0.024,count,67116.5
BTC,82636,2026-02-05 16:40:13,SHORT,MODERATE,301,163,138,54.15282392026578,45.84717607973422,37264447.828830004,14123158.52461,72.51641100487927,27.483588995120734,0.083,count,68069.5
BTC,82756,2026-02-05 17:43:07,SHORT,MODERATE,300,161,139,53.666666666666664,46.33333333333333,37936374.262210004,14604806.68977,72.20312443468285,27.79687556531715,0.073,count,66899.5
BTC,82879,2026-02-05 18:45:52,SHORT,MODERATE,276,142,134,51.449275362318836,48.55072463768116,31383506.915680002,14824543.34843,67.91783409233285,32.082165907667154,0.029,count,65773.5
BTC,82997,2026-02-05 19:48:48,SHORT,MODERATE,287,150,137,52.264808362369344,47.73519163763066,31262631.16063,14405629.899939999,68.45592635805914,31.54407364194085,0.045,count,65501.5
BTC,83120,2026-02-05 20:51:44,LONG,MODERATE,274,136,138,49.63503649635037,50.36496350364964,35674584.63206,14107017.5058,71.66218663125086,28.337813368749142,0.007,count,63259.5
BTC,83240,2026-02-05 21:54:29,SHORT,MODERATE,292,149,143,51.02739726027398,48.97260273972603,30438196.799089998,13513186.24918,69.25424113653254,30.745758863467444,0.021,count,63176.5
BTC,83356,2026-02-05 22:57:15,SHORT,MODERATE,295,158,137,53.559322033898304,46.440677966101696,31938801.18372,13196013.2327,70.76311622564398,29.23688377435602,0.071,count,64269.5
BTC,83479,2026-02-05 23:59:57,SHORT,MODERATE,288,149,139,51.736111111111114,48.26388888888889,30745083.321319997,13094311.83588,70.13117587748141,29.868824122518596,0.035,count,62893.5
BTC,83536,2026-02-06 00:31:29,SHORT,MODERATE,271,145,126,53.50553505535055,46.494464944649444,31090620.92691,12402647.90822,71.48375314066473,28.516246859335258,0.07,count,61757.0
BTC,83653,2026-02-06 01:34:17,SHORT,MODERATE,277,156,121,56.317689530685925,43.682310469314075,34338595.91247,9812302.17036,77.77553210366985,22.22446789633016,0.126,count,64354.5
BTC,83770,2026-02-06 02:37:01,SHORT,MODERATE,277,162,115,58.48375451263538,41.51624548736462,39850731.95126,9327728.9947,81.03289770505462,18.967102294945388,0.17,count,64878.5
BTC,83895,2026-02-06 03:39:41,SHORT,MODERATE,285,159,126,55.78947368421052,44.21052631578947,34744995.31052,10817969.44318,76.25709937520799,23.742900624792007,0.116,count,64659.5
BTC,84016,2026-02-06 04:42:24,SHORT,MODERATE,280,149,131,53.214285714285715,46.785714285714285,35203648.831,13875886.57586,71.72775483542877,28.272245164571224,0.064,count,64581.5
BTC,84135,2026-02-06 05:45:08,SHORT,MODERATE,287,156,131,54.35540069686411,45.64459930313589,36224358.30088,11709624.1726,75.57135132871866,24.428648671281334,0.087,count,65913.5
BTC,84248,2026-02-06 06:47:55,SHORT,MODERATE,290,167,123,57.58620689655173,42.41379310344828,38544425.97386,9266666.73679,80.61816576150783,19.381834238492175,0.152,count,65067.5
BTC,84362,2026-02-06 07:50:44,SHORT,MODERATE,285,173,112,60.70175438596491,39.29824561403509,38089625.00333,9380338.94222,80.23942265264908,19.760577347350917,0.214,count,64631.5
BTC,84482,2026-02-06 08:53:25,SHORT,MODERATE,281,169,112,60.14234875444839,39.8576512455516,35413266.56278,9253231.93215,79.28373110956903,20.71626889043097,0.203,count,64978.5
BTC,84608,2026-02-06 09:56:10,SHORT,MODERATE,290,165,125,56.896551724137936,43.103448275862064,35706089.07582,9886166.80958,78.31612711941757,21.683872880582435,0.138,count,65940.5
BTC,84729,2026-02-06 10:58:57,SHORT,MODERATE,290,162,128,55.86206896551724,44.13793103448276,35943628.86411,9449968.60281,79.18215534757618,20.817844652423815,0.117,count,65915.5
BTC,84789,2026-02-06 11:30:15,SHORT,MODERATE,292,163,129,55.821917808219176,44.178082191780824,36138843.24218,9403120.51832,79.35284352741147,20.647156472588534,0.116,count,65981.5
BTC,84908,2026-02-06 12:33:02,SHORT,MODERATE,294,169,125,57.48299319727891,42.517006802721085,36506843.72376,9634101.89199,79.12027644118884,20.87972355881117,0.15,count,66135.5
BTC,85028,2026-02-06 13:35:45,SHORT,MODERATE,295,174,121,58.98305084745763,41.01694915254237,40853663.1103,9685732.4385,80.83528239045198,19.164717609548017,0.18,count,67019.5
BTC,85151,2026-02-06 14:38:39,SHORT,MODERATE,296,175,121,59.12162162162162,40.87837837837838,40253807.10427,10218655.76943,79.75399814548241,20.246001854517583,0.182,count,68270.5
BTC,85276,2026-02-06 15:42:05,SHORT,MODERATE,300,165,135,55.00000000000001,45.0,36113392.35226,14293413.90708,71.64388111886866,28.35611888113133,0.1,count,68527.5
BTC,85394,2026-02-06 16:44:59,SHORT,MODERATE,284,166,118,58.45070422535211,41.54929577464789,37776769.02457,20822303.17404,64.46649683553535,35.53350316446463,0.169,count,69722.5
BTC,85513,2026-02-06 17:48:18,SHORT,MODERATE,273,167,106,61.172161172161175,38.82783882783883,42615430.96237,20094588.73938,67.95633483301357,32.04366516698644,0.223,count,71139.5
BTC,85644,2026-02-06 18:51:46,SHORT,MODERATE,273,141,132,51.64835164835166,48.35164835164835,30602953.86839,24040000.20259,56.00530642731621,43.9946935726838,0.033,count,69914.5
BTC,85761,2026-02-06 19:54:39,SHORT,MODERATE,286,154,132,53.84615384615385,46.15384615384615,30742831.39419,24315158.11158,55.83718488479895,44.16281511520105,0.077,count,70753.5
BTC,85881,2026-02-06 20:57:24,SHORT,MODERATE,289,155,134,53.63321799307958,46.36678200692042,30601187.96339,22653735.37149,57.4617069129219,42.5382930870781,0.073,count,69982.5
BTC,85940,2026-02-06 21:28:47,SHORT,MODERATE,293,160,133,54.60750853242321,45.39249146757679,30601179.01564,22975545.00431,57.116554950700696,42.883445049299304,0.092,count,70412.5
BTC,86062,2026-02-06 22:31:28,SHORT,MODERATE,296,160,136,54.054054054054056,45.94594594594595,30816817.33428,16919568.34905,64.55624340458085,35.44375659541915,0.081,count,70839.5
BTC,86182,2026-02-06 23:34:12,SHORT,MODERATE,281,158,123,56.22775800711744,43.77224199288256,30953195.576139998,16154637.55,65.70710967166978,34.292890328330216,0.125,count,70677.5
BTC,86307,2026-02-07 00:37:00,SHORT,MODERATE,279,149,130,53.40501792114696,46.59498207885305,30228110.39553,15927473.65731,65.49177313177132,34.50822686822867,0.068,count,69754.5
BTC,86429,2026-02-07 01:39:41,SHORT,MODERATE,282,151,131,53.54609929078015,46.45390070921986,30858737.18169,16106027.53291,65.70614665955497,34.29385334044503,0.071,count,70243.5
BTC,86550,2026-02-07 02:42:26,SHORT,MODERATE,286,157,129,54.89510489510489,45.10489510489511,31954561.67963,16029826.08003,66.5936634216971,33.406336578302906,0.098,count,70423.5
BTC,86672,2026-02-07 03:45:12,SHORT,MODERATE,284,152,132,53.52112676056338,46.478873239436616,31362553.21554,16540401.05472,65.4710209282668,34.5289790717332,0.07,count,70668.0
BTC,86798,2026-02-07 04:47:59,SHORT,MODERATE,280,148,132,52.85714285714286,47.14285714285714,31538477.805779997,16532081.0843,65.60871879583739,34.39128120416261,0.057,count,70617.0
BTC,86920,2026-02-07 05:50:41,SHORT,MODERATE,282,146,136,51.77304964539007,48.226950354609926,31555237.11623,17327565.18481,64.55283991678736,35.447160083212644,0.035,count,70150.5
BTC,87042,2026-02-07 06:53:24,SHORT,MODERATE,281,149,132,53.02491103202846,46.97508896797153,31838661.296309996,16955625.86476,65.25079706812919,34.74920293187081,0.06,count,69536.0
BTC,87162,2026-02-07 07:56:59,LONG,MODERATE,269,133,136,49.44237918215613,50.55762081784386,31714623.07325,15475785.91984,67.20565417836049,32.794345821639496,0.011,count,68077.5
BTC,87221,2026-02-07 08:28:34,LONG,MODERATE,272,131,141,48.161764705882355,51.83823529411765,31759030.994250003,15453237.53573,67.26859772493854,32.73140227506146,0.037,count,68481.5
BTC,87342,2026-02-07 09:31:27,LONG,MODERATE,281,139,142,49.46619217081851,50.5338078291815,31751512.20955,13822548.04422,69.67014137592324,30.32985862407676,0.011,count,68399.5
BTC,87459,2026-02-07 10:34:14,LONG,MODERATE,280,134,146,47.85714285714286,52.142857142857146,31246179.53987,15894554.17104,66.28276032249907,33.71723967750093,0.043,count,67892.5
BTC,87580,2026-02-07 11:37:07,LONG,MODERATE,286,133,153,46.50349650349651,53.4965034965035,31436467.08755,16087664.35042,66.14843056854573,33.85156943145427,0.07,count,67888.5
BTC,87706,2026-02-07 12:40:00,LONG,MODERATE,271,134,137,49.44649446494465,50.55350553505535,34127003.85521,13646304.81848,71.43529473394969,28.564705266050318,0.011,count,69240.5
BTC,87825,2026-02-07 13:42:51,LONG,MODERATE,271,127,144,46.86346863468634,53.13653136531366,32951091.846780002,15049892.72044,68.64669994557234,31.353300054427656,0.063,count,68909.5
BTC,87946,2026-02-07 14:45:41,LONG,MODERATE,269,124,145,46.09665427509294,53.90334572490706,31769907.203610003,15374093.96331,67.38907690741851,32.61092309258149,0.078,count,68768.5
BTC,88070,2026-02-07 15:48:38,LONG,MODERATE,269,131,138,48.698884758364315,51.301115241635685,32580408.941359997,15148742.5405,68.26102691924567,31.738973080754327,0.026,count,69304.5
BTC,88134,2026-02-07 16:20:07,LONG,MODERATE,274,134,140,48.9051094890511,51.09489051094891,32819014.64514,15008958.51428,68.61886983115049,31.38113016884952,0.022,count,69256.5
BTC,88194,2026-02-09 07:42:29,SHORT,MODERATE,278,144,134,51.798561151079134,48.201438848920866,34983044.98888,11350391.851470001,75.50280612556377,24.49719387443623,0.036,count,70438.5
BTC,88315,2026-02-09 08:50:37,LONG,MODERATE,288,139,149,48.26388888888889,51.736111111111114,34499936.77692,12678241.87497,73.12689417597494,26.873105824025068,0.035,count,69853.5
BTC,88435,2026-02-09 09:56:48,LONG,MODERATE,295,142,153,48.13559322033898,51.864406779661024,34289477.15299,13420865.83937,71.87011243763408,28.12988756236593,0.037,count,69528.0
BTC,88493,2026-02-09 10:30:39,LONG,MODERATE,296,134,162,45.27027027027027,54.729729729729726,33298658.861730002,13434799.19143,71.25228957774166,28.747710422258322,0.095,count,68956.5
BTC,88615,2026-02-09 11:36:55,LONG,MODERATE,302,143,159,47.35099337748344,52.64900662251656,34822891.97402,11651190.26122,74.92970339415282,25.07029660584718,0.053,count,68821.5
BTC,88734,2026-02-09 12:45:27,LONG,MODERATE,312,152,160,48.717948717948715,51.28205128205128,37517064.55297,12666377.84217,74.75984659952967,25.240153400470334,0.026,count,69117.0
BTC,88854,2026-02-09 13:53:37,LONG,MODERATE,320,150,170,46.875,53.125,35442983.82918,12663517.78821,73.67607836269624,26.323921637303737,0.062,count,68841.5
BTC,88912,2026-02-09 14:26:59,LONG,MODERATE,318,147,171,46.22641509433962,53.77358490566038,34997538.05772,12719169.79463,73.34441044426832,26.655589555731673,0.075,count,68855.5
BTC,89035,2026-02-09 15:34:13,LONG,MODERATE,325,160,165,49.23076923076923,50.76923076923077,36114520.55599,13273984.832390001,73.1233315768388,26.87666842316121,0.015,count,68867.5
BTC,89155,2026-02-09 16:40:37,LONG,MODERATE,331,163,168,49.244712990936556,50.755287009063444,36693375.566879995,12844701.88404,74.0710529253665,25.928947074633506,0.015,count,69448.5
BTC,89215,2026-02-09 17:13:32,SHORT,MODERATE,315,163,152,51.746031746031754,48.25396825396825,35772874.42386,13196746.52359,73.05115647566149,26.94884352433852,0.035,count,69994.5
BTC,89276,2026-02-10 07:44:55,LONG,MODERATE,321,155,166,48.28660436137071,51.71339563862928,44766923.35419,13796498.97232,76.44178153489722,23.558218465102776,0.034,count,68928.5
BTC,89397,2026-02-10 08:48:00,LONG,MODERATE,324,155,169,47.839506172839506,52.160493827160494,43595092.76965,14118474.23586,75.53699248131365,24.463007518686357,0.043,count,69114.5
BTC,89520,2026-02-10 09:54:19,LONG,MODERATE,327,163,164,49.84709480122324,50.15290519877675,44227361.562810004,13712724.93477,76.33292291453043,23.66707708546956,0.003,count,69057.5
BTC,89582,2026-02-10 10:29:43,SHORT,MODERATE,328,166,162,50.609756097560975,49.390243902439025,44308053.619950004,13633815.94767,76.4698377021492,23.530162297850783,0.012,count,69152.5
BTC,89705,2026-02-10 11:35:37,SHORT,MODERATE,339,174,165,51.32743362831859,48.67256637168141,43585192.89249,13702822.14064,76.0808222579966,23.919177742003413,0.027,count,69010.0
BTC,89830,2026-02-10 12:42:02,SHORT,MODERATE,349,179,170,51.28939828080229,48.71060171919771,43627716.33181,15556739.39949,73.71482223285406,26.285177767145946,0.026,count,68572.5
BTC,89953,2026-02-10 13:47:55,SHORT,MODERATE,357,190,167,53.221288515406165,46.778711484593835,46121057.9217,13748667.33791,77.03569328522495,22.964306714775063,0.064,count,69090.5
BTC,90081,2026-02-10 14:54:10,SHORT,MODERATE,339,171,168,50.442477876106196,49.557522123893804,44191251.200449996,14340082.34923,75.50016123063644,24.49983876936356,0.009,count,68253.5
BTC,90144,2026-02-10 15:27:12,SHORT,MODERATE,344,176,168,51.162790697674424,48.837209302325576,45638906.61487,15461475.96367,74.69496047132697,25.30503952867304,0.023,count,69244.0
BTC,90271,2026-02-10 16:35:38,SHORT,MODERATE,347,178,169,51.29682997118156,48.70317002881844,45216361.37526,16280090.84328,73.52678039795624,26.473219602043752,0.026,count,69442.5
BTC,90391,2026-02-10 17:42:07,SHORT,MODERATE,344,184,160,53.48837209302325,46.51162790697674,47864000.380890004,14362788.84021,76.9186406369496,23.081359363050396,0.07,count,69919.5
BTC,90459,2026-02-11 07:30:22,LONG,MODERATE,319,149,170,46.70846394984326,53.29153605015674,43904178.033319995,12978586.44944,77.18362219653802,22.816377803461968,0.066,count,66948.5
BTC,90583,2026-02-11 08:38:49,LONG,MODERATE,338,158,180,46.74556213017752,53.25443786982249,42904934.36327,14807047.40475,74.34320057788234,25.65679942211765,0.065,count,66912.5
BTC,90708,2026-02-11 09:45:05,LONG,MODERATE,350,169,181,48.285714285714285,51.714285714285715,41837434.527729996,14699839.24954,73.99973810649169,26.000261893508313,0.034,count,66818.5
BTC,90831,2026-02-11 10:52:13,LONG,MODERATE,358,173,185,48.324022346368714,51.675977653631286,41799906.20397,16145926.75089,72.13617282287109,27.863827177128908,0.034,count,66491.5
BTC,90955,2026-02-11 11:59:16,SHORT,MODERATE,361,186,175,51.52354570637119,48.476454293628805,43515406.30024,13955534.12606,75.7172337488432,24.282766251156787,0.03,count,67029.5
BTC,91016,2026-02-11 12:33:21,SHORT,MODERATE,365,189,176,51.78082191780822,48.21917808219178,43912372.99559,14430044.04147,75.26663313879538,24.73336686120463,0.036,count,67208.0
BTC,91139,2026-02-11 13:38:31,SHORT,MODERATE,357,185,172,51.820728291316534,48.17927170868347,42190365.243990004,15169595.05306,73.55368627436067,26.44631372563932,0.036,count,67311.5
BTC,91262,2026-02-11 14:43:42,SHORT,MODERATE,357,182,175,50.98039215686274,49.01960784313725,41905350.64856,15337379.50389,73.20641509752735,26.793584902472645,0.02,count,67086.5
BTC,91385,2026-02-11 15:46:59,SHORT,MODERATE,361,192,169,53.18559556786704,46.81440443213297,43197117.45565,14391755.1901,75.00948615780536,24.990513842194645,0.064,count,66601.0
BTC,91513,2026-02-11 16:51:17,SHORT,MODERATE,357,184,173,51.540616246498594,48.4593837535014,42222643.639359996,14988528.15666,73.80139632500466,26.19860367499535,0.031,count,66079.5
BTC,91571,2026-02-11 17:24:21,SHORT,MODERATE,362,195,167,53.86740331491713,46.13259668508287,42724618.81012,14214507.40756,75.03560670527766,24.96439329472235,0.077,count,66538.5
BTC,91640,2026-02-12 08:45:37,SHORT,MODERATE,362,186,176,51.38121546961326,48.61878453038674,44331707.42219,15127284.3012,74.55845808557628,25.44154191442372,0.028,count,66962.5
BTC,91761,2026-02-12 09:48:53,SHORT,MODERATE,371,196,175,52.83018867924528,47.16981132075472,45419261.93859,15100859.83221,75.04819985425752,24.95180014574248,0.057,count,67364.5
BTC,91884,2026-02-12 10:52:14,SHORT,MODERATE,374,200,174,53.475935828877006,46.524064171122994,47247456.62035,15471437.84831,75.33209413306714,24.667905866932845,0.07,count,67806.5
BTC,92011,2026-02-12 11:57:33,SHORT,MODERATE,391,211,180,53.96419437340153,46.03580562659847,49429454.14843,17879127.37147,73.43707597494983,26.562924025050176,0.079,count,68051.5
BTC,92076,2026-02-12 12:32:09,SHORT,MODERATE,386,206,180,53.36787564766839,46.63212435233161,45099541.38413,18158080.51036,71.29503138665785,28.704968613342135,0.067,count,67946.5
BTC,92209,2026-02-12 13:40:22,SHORT,MODERATE,385,202,183,52.467532467532465,47.53246753246753,47658501.90795,18825951.96151,71.6836781144745,28.316321885525486,0.049,count,67955.5
BTC,92334,2026-02-12 14:49:32,SHORT,MODERATE,389,209,180,53.72750642673522,46.27249357326478,46106918.79498,20784243.18839,68.92826709519977,31.071732904800236,0.075,count,67639.5
BTC,92470,2026-02-12 15:58:09,SHORT,MODERATE,389,198,191,50.899742930591266,49.10025706940874,45112520.93606,19758007.22875,69.54239808476227,30.45760191523773,0.018,count,67108.5
BTC,92526,2026-02-12 16:29:50,LONG,MODERATE,376,174,202,46.27659574468085,53.72340425531915,41649370.78835,20558574.16814,66.95185127475398,33.04814872524603,0.074,count,65987.0
BTC,92654,2026-02-12 17:37:05,SHORT,MODERATE,377,200,177,53.05039787798409,46.94960212201592,38762493.98156,20914994.1819,64.95329340167157,35.04670659832842,0.061,count,65885.5
BTC,92713,2026-02-13 08:56:22,SHORT,MODERATE,392,206,186,52.55102040816326,47.44897959183674,37003258.829509996,22664373.30048,62.01563143798949,37.98436856201051,0.051,count,66559.5
BTC,92833,2026-02-13 09:59:45,SHORT,MODERATE,382,210,172,54.973821989528794,45.0261780104712,37540283.42762,22448333.18167,62.5790117350471,37.420988264952896,0.099,count,66918.5
BTC,92896,2026-02-13 10:34:50,SHORT,MODERATE,395,217,178,54.936708860759495,45.063291139240505,38449618.98871,22627574.55292,62.95249791152057,37.04750208847943,0.099,count,66966.5
BTC,93022,2026-02-13 11:39:48,SHORT,MODERATE,396,206,190,52.02020202020202,47.97979797979798,37145901.18863,24863540.55348,59.90362135997845,40.09637864002155,0.04,count,66909.5
BTC,93143,2026-02-13 12:43:41,SHORT,MODERATE,391,206,185,52.685421994884905,47.31457800511509,37309148.2014,25069103.92482,59.811147202243454,40.188852797756546,0.054,count,67051.5
BTC,93265,2026-02-13 13:49:59,SHORT,MODERATE,393,206,187,52.41730279898219,47.58269720101781,37216578.8715,26993873.84466,57.96031221896932,42.03968778103068,0.048,count,67237.5
BTC,93391,2026-02-13 14:58:16,SHORT,MODERATE,390,201,189,51.53846153846153,48.46153846153846,37524583.92672,28484748.21607,56.847392192285184,43.15260780771481,0.031,count,67645.5
BTC,93450,2026-02-13 15:30:02,SHORT,MODERATE,386,203,183,52.59067357512953,47.40932642487047,39723057.02025,24999237.58029,61.374611739922116,38.625388260077884,0.052,count,68862.0
BTC,93566,2026-02-13 16:37:24,SHORT,MODERATE,397,213,184,53.65239294710328,46.34760705289673,38699513.39938,26028332.84762,59.78804431666632,40.21195568333368,0.073,count,69237.5
BTC,93694,2026-02-13 17:42:17,SHORT,MODERATE,410,215,195,52.4390243902439,47.5609756097561,41618937.58862,26447960.42441,61.1441667000205,38.855833299979516,0.049,count,69154.5
BTC,93754,2026-02-13 18:14:00,SHORT,MODERATE,414,215,199,51.93236714975845,48.06763285024155,40272359.41198,27012518.5617,59.853507392453686,40.146492607546314,0.039,count,69122.0
BTC,93817,2026-02-14 07:46:29,SHORT,MODERATE,412,215,197,52.18446601941748,47.81553398058252,38711682.43862,27077817.49779,58.8417338268834,41.158266173116594,0.044,count,69164.5
BTC,93937,2026-02-14 08:51:31,SHORT,MODERATE,409,226,183,55.256723716381416,44.743276283618584,41550233.50897,28553243.65192,59.26986105640769,40.73013894359231,0.105,count,69704.5
BTC,94066,2026-02-14 09:55:21,SHORT,MODERATE,409,224,185,54.76772616136919,45.2322738386308,41405132.300680004,28099258.82257,59.571966075147046,40.428033924852954,0.095,count,69692.5
BTC,94125,2026-02-14 10:28:03,SHORT,MODERATE,411,227,184,55.23114355231144,44.76885644768856,41394484.80079,27994810.27146,59.65543353292313,40.34456646707688,0.105,count,69569.5
BTC,94253,2026-02-14 11:32:55,SHORT,MODERATE,415,229,186,55.18072289156627,44.81927710843374,41879303.14137,26721866.1257,61.047506316299696,38.95249368370031,0.104,count,70154.5
BTC,94378,2026-02-16 08:35:13,SHORT,MODERATE,388,209,179,53.865979381443296,46.134020618556704,40144554.42268,27802655.57488,59.081976175506846,40.91802382449317,0.077,count,68663.0
BTC,94499,2026-02-16 09:38:52,SHORT,MODERATE,387,216,171,55.81395348837209,44.18604651162791,39751303.29248,25949774.47318,60.50327429066441,39.496725709335585,0.116,count,68976.5
BTC,94625,2026-02-16 10:42:21,SHORT,MODERATE,393,216,177,54.961832061068705,45.038167938931295,40842828.14987,25812597.89639,61.27457368815613,38.72542631184386,0.099,count,68732.5
BTC,94751,2026-02-16 11:45:50,SHORT,MODERATE,393,213,180,54.19847328244275,45.80152671755725,40932852.40463,25746424.372729998,61.38766702779861,38.61233297220139,0.084,count,68567.5
BTC,94873,2026-02-16 12:50:57,SHORT,MODERATE,389,218,171,56.041131105398456,43.958868894601544,44806151.47685,25950174.58315,63.3245873151402,36.6754126848598,0.121,count,69559.5
BTC,94995,2026-02-16 13:54:26,SHORT,MODERATE,395,231,164,58.48101265822785,41.51898734177215,44493498.77849,25409293.20392,63.65053171221848,36.34946828778151,0.17,count,68314.5
BTC,95121,2026-02-16 14:59:25,SHORT,MODERATE,406,242,164,59.60591133004927,40.39408866995074,49776272.553959996,24919746.31958,66.63845450482573,33.36154549517426,0.192,count,68376.5
BTC,95184,2026-02-16 15:31:12,SHORT,MODERATE,407,238,169,58.47665847665847,41.52334152334152,52984327.15192,26169215.00706,66.9386684496076,33.061331550392396,0.17,count,67743.0
BTC,95313,2026-02-16 16:34:47,SHORT,MODERATE,390,221,169,56.666666666666664,43.333333333333336,40185025.69788,24834657.16817,61.80440126210242,38.195598737897576,0.133,count,67654.5
BTC,95440,2026-02-16 17:40:53,SHORT,MODERATE,395,220,175,55.69620253164557,44.303797468354425,40104344.32336,23737518.92716,62.81825479621062,37.18174520378938,0.114,count,67985.5
BTC,95501,2026-02-17 07:27:27,SHORT,MODERATE,381,214,167,56.16797900262467,43.832020997375324,40264482.63054,16186406.73823,71.32656913075188,28.67343086924812,0.123,count,68215.5
BTC,95627,2026-02-17 08:36:00,SHORT,MODERATE,388,216,172,55.670103092783506,44.329896907216494,40569851.31288,24206285.6621,62.63085946071505,37.36914053928495,0.113,count,68237.5
BTC,95753,2026-02-17 09:40:34,SHORT,MODERATE,403,220,183,54.59057071960298,45.40942928039702,40335458.51698,24663048.60263,62.05597682844446,37.94402317155555,0.092,count,67994.5
BTC,95880,2026-02-17 10:44:45,SHORT,MODERATE,408,215,193,52.69607843137255,47.30392156862745,40518897.74307,24545280.64999,62.2752776470807,37.72472235291931,0.054,count,67751.5
BTC,95999,2026-02-17 11:49:21,SHORT,MODERATE,408,224,184,54.90196078431373,45.09803921568628,40916080.8598,24783406.98351,62.2776252950142,37.72237470498581,0.098,count,67735.5
BTC,96121,2026-02-17 12:53:28,SHORT,MODERATE,405,225,180,55.55555555555556,44.44444444444444,41133899.35147,23904460.02595,63.24559805201798,36.75440194798201,0.111,count,67998.5
BTC,96248,2026-02-17 13:57:08,SHORT,MODERATE,412,228,184,55.33980582524271,44.66019417475729,42477045.713080004,24389270.99335,63.52532606150763,36.47467393849238,0.107,count,68148.5
BTC,96311,2026-02-17 14:28:59,SHORT,MODERATE,418,230,188,55.02392344497608,44.97607655502392,42324536.18637,24829051.7345,63.026470359622245,36.97352964037774,0.1,count,68049.5
BTC,96430,2026-02-17 15:43:29,SHORT,MODERATE,414,240,174,57.971014492753625,42.028985507246375,41076591.79528,23097222.32564,64.00833791471567,35.99166208528432,0.159,count,66918.5
BTC,96559,2026-02-17 16:48:19,SHORT,MODERATE,407,233,174,57.24815724815725,42.75184275184275,40354513.70344,24221097.0769,62.49188078252897,37.508119217471034,0.145,count,67580.5
BTC,96620,2026-02-17 17:20:48,SHORT,MODERATE,416,237,179,56.97115384615385,43.02884615384615,40282281.77131,24149977.59085,62.51880994098295,37.48119005901705,0.139,count,67295.5
BTC,96685,2026-02-18 07:28:23,SHORT,MODERATE,422,240,182,56.872037914691944,43.127962085308056,40748468.40623,23538287.15485,63.38547971597998,36.61452028402001,0.137,count,67705.5
BTC,96812,2026-02-18 08:32:16,SHORT,MODERATE,412,242,170,58.7378640776699,41.262135922330096,41787384.84609,22838850.55315,64.66009444607292,35.33990555392707,0.175,count,68220.5
BTC,96948,2026-02-18 09:36:06,SHORT,MODERATE,424,239,185,56.367924528301884,43.63207547169811,41670361.10256,23107802.74761,64.32778983816571,35.67221016183427,0.127,count,68191.5
BTC,97077,2026-02-18 10:40:26,SHORT,MODERATE,431,244,187,56.61252900232019,43.38747099767982,41477136.88198,23044864.86678,64.28371060694366,35.71628939305635,0.132,count,67878.5
BTC,97205,2026-02-18 11:47:06,SHORT,MODERATE,431,247,184,57.30858468677494,42.69141531322506,41153581.210149996,22012044.67753,65.15186168396173,34.84813831603827,0.146,count,67472.5
BTC,97335,2026-02-18 12:51:49,SHORT,MODERATE,436,249,187,57.11009174311926,42.88990825688073,41372368.56056,23017864.03391,64.25255336647622,35.74744663352378,0.142,count,67549.5
BTC,97465,2026-02-18 13:58:58,SHORT,MODERATE,440,251,189,57.04545454545455,42.95454545454545,41010608.8563,23185459.44497,63.88336535477311,36.116634645226895,0.141,count,67204.5
BTC,97530,2026-02-18 14:30:51,SHORT,MODERATE,442,256,186,57.9185520361991,42.081447963800905,41402029.9002,22298064.09506,64.9952414564424,35.0047585435576,0.158,count,67043.0
BTC,97663,2026-02-18 15:36:03,SHORT,MODERATE,445,256,189,57.528089887640455,42.47191011235955,41165280.80552,22046046.80839,65.12326565414733,34.87673434585267,0.151,count,67566.5
BTC,97795,2026-02-18 16:41:52,SHORT,MODERATE,435,252,183,57.931034482758626,42.06896551724138,42203407.55787,22006820.32538,65.72692380816058,34.273076191839436,0.159,count,67204.5
BTC,97862,2026-02-18 17:15:16,SHORT,MODERATE,441,258,183,58.50340136054422,41.49659863945578,42850776.32574,21030337.93543,67.07894316080638,32.921056839193625,0.17,count,67092.5
BTC,97931,2026-02-19 07:28:31,SHORT,MODERATE,439,257,182,58.54214123006833,41.45785876993166,43106616.25006,12957045.278309999,76.88869238097601,23.111307619023993,0.171,count,67206.5
BTC,98078,2026-02-19 08:34:37,SHORT,MODERATE,451,255,196,56.54101995565411,43.45898004434589,42930930.82919,13108690.75697,76.60817402770002,23.391825972299976,0.131,count,66809.5
BTC,98219,2026-02-19 09:40:09,SHORT,MODERATE,449,257,192,57.23830734966593,42.761692650334076,43252628.46253,13178785.749160001,76.64636633113129,23.353633668868714,0.145,count,67015.5
BTC,98365,2026-02-19 10:45:04,SHORT,MODERATE,454,258,196,56.82819383259912,43.17180616740088,43497395.61094,13094678.72896,76.8612851151002,23.138714884899798,0.137,count,66922.5
BTC,98511,2026-02-19 11:49:01,SHORT,MODERATE,466,260,206,55.793991416309005,44.20600858369099,43414477.64478,13323585.77253,76.5173765721705,23.48262342782951,0.116,count,66663.5
BTC,98649,2026-02-19 12:39:20,SHORT,MODERATE,458,260,198,56.76855895196506,43.23144104803494,43288137.15655,13267992.21607,76.54013391076704,23.459866089232957,0.135,count,66498.5
BTC,98793,2026-02-19 13:44:46,SHORT,MODERATE,453,252,201,55.62913907284768,44.370860927152314,42386626.68288,13467872.25456,75.88757842113179,24.11242157886821,0.113,count,65967.5
BTC,98938,2026-02-19 14:50:14,SHORT,MODERATE,459,254,205,55.33769063180828,44.66230936819172,42781182.56961,13370881.6853,76.18808522407822,23.811914775921768,0.107,count,66254.5
BTC,99082,2026-02-19 15:54:44,SHORT,MODERATE,471,257,214,54.56475583864119,45.43524416135881,42267573.33015,14207442.44387,74.84295975990537,25.15704024009463,0.091,count,66270.5
BTC,99155,2026-02-19 16:27:13,SHORT,MODERATE,475,255,220,53.68421052631579,46.31578947368421,42188035.31585,13137346.18413,76.25439567165976,23.74560432834024,0.074,count,66145.5
BTC,99223,2026-02-19 17:00:42,SHORT,MODERATE,471,259,212,54.989384288747345,45.010615711252655,42345992.29723,12904188.95333,76.64407851476649,23.355921485233512,0.1,count,66317.5
BTC,99295,2026-02-20 07:43:33,SHORT,MODERATE,483,272,211,56.31469979296067,43.68530020703933,44371030.72143,13967350.30441,76.0580426491037,23.941957350896313,0.126,count,67886.5
BTC,99443,2026-02-20 08:52:30,SHORT,MODERATE,495,274,221,55.35353535353536,44.64646464646464,44292913.51305,14768623.47048,74.99451550914023,25.005484490859768,0.107,count,67835.5
BTC,99590,2026-02-20 09:58:25,SHORT,MODERATE,492,279,213,56.70731707317073,43.292682926829265,44370759.79487,13815446.53183,76.25649203823332,23.743507961766678,0.134,count,68180.5
BTC,99664,2026-02-20 10:31:51,SHORT,MODERATE,496,282,214,56.85483870967742,43.145161290322584,44558659.30334,13920230.98073,76.19614374843576,23.80385625156426,0.137,count,68254.5
BTC,99822,2026-02-20 11:38:55,SHORT,MODERATE,496,279,217,56.25,43.75,43194361.01175,15287743.04806,73.85910904911161,26.140890950888384,0.125,count,67656.5
BTC,99972,2026-02-20 12:46:24,SHORT,MODERATE,479,274,205,57.20250521920668,42.79749478079332,44352900.10671,14399090.34023,75.49174039774178,24.50825960225821,0.144,count,67466.5
BTC,100125,2026-02-20 13:51:50,SHORT,MODERATE,463,250,213,53.99568034557235,46.00431965442765,41076563.77574,14424606.59754,74.01026590876279,25.989734091237217,0.08,count,66728.5
BTC,100270,2026-02-20 14:56:47,SHORT,MODERATE,482,268,214,55.601659751037346,44.398340248962654,43286442.17219,13954694.41624,75.62121360975802,24.378786390241984,0.112,count,67072.5
BTC,100339,2026-02-20 15:29:45,SHORT,MODERATE,472,270,202,57.20338983050848,42.79661016949153,43541184.47412,14511876.71814,75.0023919150799,24.997608084920103,0.144,count,67361.5
BTC,100494,2026-02-20 16:38:08,SHORT,MODERATE,467,262,205,56.102783725910065,43.897216274089935,43483534.722679995,14323152.24162,75.22232635392922,24.777673646070795,0.122,count,67423.5
BTC,100559,2026-02-20 17:12:32,SHORT,MODERATE,472,275,197,58.26271186440678,41.73728813559322,44528955.55733,14154358.27215,75.88009717160953,24.119902828390465,0.165,count,67244.5
BTC,100636,2026-03-02 08:31:58,SHORT,MODERATE,417,225,192,53.956834532374096,46.043165467625904,41042216.35384,17389236.22486,70.23993849641367,29.76006150358633,0.079,count,65751.0
BTC,100765,2026-03-02 09:36:11,SHORT,MODERATE,413,232,181,56.17433414043583,43.82566585956417,41793786.43131,16724137.38067,71.42048744858891,28.579512551411085,0.123,count,66406.5
BTC,100894,2026-03-02 10:42:11,SHORT,MODERATE,416,230,186,55.28846153846154,44.71153846153847,42628455.49735,16050845.04618,72.64649561684358,27.35350438315641,0.106,count,66283.5
BTC,101021,2026-03-02 11:47:11,SHORT,MODERATE,426,237,189,55.633802816901415,44.36619718309859,41758787.6245,16334124.98796,71.88275771792411,28.11724228207589,0.113,count,66364.5
BTC,101151,2026-03-02 12:51:19,SHORT,MODERATE,435,242,193,55.632183908045974,44.36781609195402,41908292.72864,16610255.61708,71.61540043859468,28.38459956140532,0.113,count,65956.5
BTC,101284,2026-03-02 13:55:24,SHORT,MODERATE,444,247,197,55.63063063063063,44.36936936936937,41824793.06038,15691797.03956,72.717789750237,27.282210249763,0.113,count,65363.5
BTC,101413,2026-03-02 14:59:33,SHORT,MODERATE,442,255,187,57.692307692307686,42.30769230769231,42525358.01705,17906248.47602,70.36939853969727,29.630601460302735,0.154,count,66994.5
BTC,101480,2026-03-02 15:31:35,SHORT,MODERATE,452,258,194,57.07964601769911,42.92035398230089,43770626.48278,20561637.26095,68.0383744261541,31.961625573845897,0.142,count,68581.5
BTC,101618,2026-03-02 16:37:04,SHORT,MODERATE,463,251,212,54.21166306695464,45.78833693304535,41947435.13469,22470821.20835,65.11730915427387,34.88269084572612,0.084,count,69225.5
BTC,101683,2026-03-02 17:09:39,SHORT,MODERATE,479,257,222,53.65344467640919,46.34655532359081,42398305.00451,23775567.1318,64.07106556674624,35.928934433253765,0.073,count,69249.5
BTC,101798,2026-03-04 08:51:29,SHORT,MODERATE,440,280,160,63.63636363636363,36.36363636363637,52825885.11023,15292625.81538,77.54997047413356,22.450029525866437,0.273,count,70668.5
BTC,101952,2026-03-04 09:58:37,SHORT,MODERATE,467,271,196,58.02997858672377,41.97002141327623,50844584.24156,18676765.49492,73.13520872981594,26.864791270184053,0.161,count,71439.5
BTC,102023,2026-03-04 10:30:48,SHORT,MODERATE,475,272,203,57.263157894736835,42.73684210526316,50741076.43576,19067806.93863,72.685701279065,27.314298720934975,0.145,count,71427.5
BTC,102172,2026-03-04 11:36:26,SHORT,MODERATE,490,274,216,55.91836734693878,44.08163265306123,50528995.3755,19509080.26762,72.14503669828281,27.854963301717184,0.118,count,70941.5
BTC,102312,2026-03-04 12:43:31,SHORT,MODERATE,503,277,226,55.069582504970185,44.93041749502982,50120983.62116,19081067.83318,72.42701996230586,27.572980037694144,0.101,count,70994.5
BTC,102455,2026-03-04 13:51:08,SHORT,MODERATE,519,292,227,56.26204238921002,43.73795761078998,51768890.31153,19250491.91939,72.89403073544501,27.105969264554986,0.125,count,71329.5
BTC,102610,2026-03-04 14:57:21,SHORT,MODERATE,530,282,248,53.20754716981132,46.79245283018868,53601004.38745,17270687.51492,75.63104950462957,24.368950495370427,0.064,count,71631.5
BTC,102676,2026-03-04 15:30:28,SHORT,MODERATE,533,291,242,54.59662288930581,45.40337711069418,53976189.22863,18444890.4949,74.53104736174328,25.468952638256724,0.092,count,72857.0
BTC,102822,2026-03-04 16:38:40,SHORT,MODERATE,529,276,253,52.17391304347826,47.82608695652174,52819176.3709,21140594.89206,71.41608940771903,28.58391059228097,0.043,count,73032.5
BTC,102893,2026-03-04 17:12:17,SHORT,MODERATE,531,272,259,51.2241054613936,48.7758945386064,52338702.9925,21017566.59586,71.34864311694086,28.651356883059144,0.024,count,73438.5
BTC,103033,2026-03-05 08:39:57,SHORT,MODERATE,533,267,266,50.093808630394,49.906191369606,57584560.59188,36001966.98396,61.53082295442047,38.46917704557954,0.002,count,72036.5
BTC,103167,2026-03-05 09:49:32,SHORT,MODERATE,528,277,251,52.46212121212122,47.53787878787879,76064152.74503,21864870.45041,77.67273711413051,22.32726288586949,0.049,count,72421.5
BTC,103298,2026-03-05 10:55:19,SHORT,MODERATE,531,306,225,57.6271186440678,42.3728813559322,76580241.05181,21849691.94188,77.80178114793524,22.198218852064755,0.153,count,73409.5
BTC,103434,2026-03-05 11:59:34,SHORT,MODERATE,540,303,237,56.111111111111114,43.888888888888886,75445401.99575,21975575.17617,77.44266603137285,22.557333968627134,0.122,count,72906.5
BTC,103503,2026-03-05 12:31:46,SHORT,MODERATE,550,308,242,56.00000000000001,44.0,75657573.30733,21536029.9167,77.84213240138888,22.157867598611126,0.12,count,72737.5
BTC,103641,2026-03-05 13:40:01,SHORT,MODERATE,551,308,243,55.898366606170605,44.1016333938294,69623920.41591,21429608.38714,76.46482385818068,23.53517614181931,0.118,count,72322.5
BTC,103781,2026-03-05 14:46:41,SHORT,MODERATE,552,296,256,53.62318840579711,46.3768115942029,76662898.79428999,21629360.8932,77.99484825970194,22.005151740298068,0.072,count,72042.5
BTC,103913,2026-03-05 15:52:02,SHORT,MODERATE,536,300,236,55.970149253731336,44.02985074626866,57044081.08885,34889711.69795,62.049089197416954,37.950910802583046,0.119,count,71584.0
BTC,104047,2026-03-06 10:40:35,SHORT,MODERATE,556,324,232,58.27338129496403,41.726618705035975,52151143.98794,19598584.85339,72.68479592901176,27.31520407098825,0.165,count,70527.5
BTC,104189,2026-03-06 11:45:00,SHORT,MODERATE,566,325,241,57.42049469964664,42.579505300353354,51719112.608950004,20712814.60451,71.40375052638261,28.596249473617412,0.148,count,70345.5
BTC,104327,2026-03-06 12:49:30,SHORT,MODERATE,542,319,223,58.85608856088561,41.14391143911439,53798967.91335,17811865.74738,75.12685604001328,24.873143959986717,0.177,count,69699.5
BTC,104470,2026-03-06 13:53:54,SHORT,MODERATE,553,323,230,58.40867992766727,41.591320072332735,55331335.9518,18723694.37128,74.7165124508165,25.283487549183505,0.168,count,69866.5
BTC,104543,2026-03-06 14:28:32,SHORT,MODERATE,546,323,223,59.15750915750916,40.84249084249084,45820862.690620005,31329901.82203,59.39132681323851,40.608673186761486,0.183,count,68971.5
BTC,104689,2026-03-06 15:35:55,SHORT,MODERATE,541,327,214,60.44362292051756,39.55637707948244,48097178.1242,31298177.11312,60.57933487473306,39.420665125266936,0.209,count,68872.5
BTC,104832,2026-03-06 16:41:21,SHORT,MODERATE,563,344,219,61.101243339254,38.898756660746,50680455.29281,35367037.07925,58.89823618993244,41.10176381006756,0.222,count,68614.5
BTC,104903,2026-03-06 17:13:34,SHORT,MODERATE,566,350,216,61.83745583038869,38.16254416961131,56714865.5161,35774681.165190004,61.320297861912884,38.67970213808711,0.237,count,68507.5
BTC,104975,2026-03-07 07:35:04,SHORT,MODERATE,529,334,195,63.13799621928167,36.86200378071834,52890423.880320005,16059760.58018,76.70816879484889,23.291831205151123,0.263,count,67699.5
BTC,105122,2026-03-07 08:41:13,SHORT,MODERATE,545,331,214,60.73394495412844,39.26605504587156,52021876.3983,16012742.42431,76.46383164714892,23.53616835285108,0.215,count,67871.5
BTC,105270,2026-03-07 09:45:50,SHORT,MODERATE,562,331,231,58.89679715302491,41.10320284697509,54320198.50755,17580625.825290002,75.5487840530081,24.451215946991894,0.178,count,67934.5
BTC,105410,2026-03-07 10:50:23,SHORT,MODERATE,572,340,232,59.44055944055944,40.55944055944056,54881643.40483,17501754.24062,75.82076165262718,24.179238347372817,0.189,count,67942.5
BTC,105550,2026-03-07 11:54:54,SHORT,MODERATE,577,356,221,61.69844020797227,38.30155979202773,56958090.453779995,16321729.492109999,77.7268428004299,22.273157199570093,0.234,count,68037.5
BTC,105695,2026-03-07 12:59:26,SHORT,MODERATE,588,361,227,61.39455782312925,38.605442176870746,57116546.41703,17747552.73759,76.2936401586357,23.70635984136432,0.228,count,67946.0
BTC,105765,2026-03-07 13:31:43,SHORT,MODERATE,593,364,229,61.38279932546374,38.61720067453626,57299417.61745,17949070.81327,76.1469350579774,23.85306494202259,0.228,count,68015.5
BTC,105920,2026-03-07 14:36:18,SHORT,MODERATE,583,350,233,60.03430531732419,39.96569468267582,56003295.18642,18390464.6957,75.27956010713741,24.720439892862593,0.201,count,67819.5
BTC,106073,2026-03-07 15:43:19,SHORT,MODERATE,590,354,236,60.0,40.0,54925956.01536,18543795.03807,74.75995934083915,25.24004065916087,0.2,count,67790.5
BTC,106226,2026-03-07 16:48:20,SHORT,MODERATE,596,355,241,59.56375838926174,40.43624161073826,55624733.17551,15345673.46178,78.37736291943843,21.622637080561574,0.191,count,67766.5
BTC,106376,2026-03-07 17:54:22,SHORT,MODERATE,602,358,244,59.46843853820598,40.53156146179402,55959039.357429996,15377656.70623,78.4435535218688,21.556446478131207,0.189,count,67852.5
BTC,106445,2026-03-09 08:39:37,SHORT,MODERATE,548,331,217,60.4014598540146,39.5985401459854,51153744.42073,38420327.90897,57.10775795974278,42.89224204025723,0.208,count,67663.5
BTC,106577,2026-03-09 09:48:51,SHORT,MODERATE,534,333,201,62.35955056179775,37.640449438202246,62264568.78382,13314840.657850001,82.38297870251817,17.617021297481834,0.247,count,68230.5
BTC,106721,2026-03-09 10:57:24,SHORT,MODERATE,553,342,211,61.84448462929476,38.155515370705245,60314911.15207,16169914.32432,78.8586635014138,21.141336498586206,0.237,count,67551.5
BTC,106797,2026-03-09 11:30:42,SHORT,MODERATE,558,338,220,60.57347670250897,39.42652329749104,50034244.91304,20286091.10626,71.15188542231607,28.848114577683926,0.211,count,67464.5
BTC,106933,2026-03-09 12:35:47,SHORT,MODERATE,557,348,209,62.47755834829444,37.52244165170557,55345924.25379,13114475.57374,80.84370584048756,19.15629415951245,0.25,count,67989.5
BTC,107072,2026-03-09 13:40:29,SHORT,MODERATE,547,342,205,62.52285191956124,37.47714808043875,53910650.61033,14683524.74035,78.59362742494953,21.406372575050483,0.25,count,68807.5
BTC,107216,2026-03-09 14:47:36,SHORT,MODERATE,553,337,216,60.94032549728752,39.059674502712475,49175222.00825,22370511.347149998,68.73257104511661,31.267428954883385,0.219,count,69244.5
BTC,107372,2026-03-09 15:56:07,SHORT,MODERATE,572,327,245,57.16783216783217,42.83216783216783,47960989.36954,24874128.37085,65.84871536899253,34.151284631007464,0.143,count,68907.0
BTC,107444,2026-03-09 16:30:25,SHORT,MODERATE,574,332,242,57.8397212543554,42.1602787456446,54476750.90136,18444290.2838,74.70649076860198,25.293509231398026,0.157,count,68892.5
BTC,107591,2026-03-09 17:36:28,SHORT,MODERATE,571,323,248,56.56742556917689,43.43257443082312,56183746.05408,18752856.50427,74.97503774651656,25.024962253483444,0.131,count,68585.5
BTC,107660,2026-03-10 07:45:32,SHORT,MODERATE,544,310,234,56.98529411764706,43.01470588235294,56259070.30517,20926381.09778,72.88817942058417,27.111820579415824,0.14,count,70252.5
BTC,107797,2026-03-10 08:55:33,SHORT,MODERATE,545,323,222,59.26605504587156,40.73394495412844,58785031.81771,19348190.3739,75.2369224880404,24.763077511959597,0.185,count,70690.5
BTC,107867,2026-03-10 09:27:53,SHORT,MODERATE,550,333,217,60.54545454545455,39.45454545454545,61747766.89756,19285622.75166,76.20039981649016,23.79960018350983,0.211,count,71179.5
BTC,108006,2026-03-10 10:34:31,SHORT,MODERATE,549,333,216,60.65573770491803,39.34426229508197,59317320.71973,21999059.58786,72.94633688237765,27.05366311762235,0.213,count,70808.5
BTC,108149,2026-03-10 11:40:07,SHORT,MODERATE,556,340,216,61.15107913669065,38.84892086330935,59392609.771060005,19896960.89417,74.90595455715439,25.094045442845612,0.223,count,70580.5
BTC,108301,2026-03-10 12:47:43,SHORT,MODERATE,559,335,224,59.92844364937389,40.07155635062612,58627254.04557,20040057.93667,74.52555905152288,25.474440948477127,0.199,count,70460.5
BTC,108445,2026-03-10 13:56:48,SHORT,MODERATE,567,335,232,59.082892416225754,40.917107583774246,56525216.71826,22702107.25049,71.34560892218889,28.654391077811102,0.182,count,70062.5
BTC,108522,2026-03-10 14:30:37,SHORT,MODERATE,569,327,242,57.46924428822495,42.53075571177504,57060436.90745,24300368.28367,70.13258629067472,29.86741370932527,0.149,count,69880.5
BTC,108669,2026-03-10 15:36:20,SHORT,MODERATE,567,327,240,57.67195767195767,42.32804232804233,53281761.20294,26244401.47932,66.99903453888845,33.00096546111154,0.153,count,71319.5
BTC,108829,2026-03-10 16:45:05,SHORT,MODERATE,583,328,255,56.26072041166381,43.739279588336196,60665045.91912,25535263.12239,70.37683112006776,29.623168879932226,0.125,count,71342.5
BTC,108982,2026-03-10 17:51:53,SHORT,MODERATE,586,328,258,55.972696245733786,44.027303754266214,62326468.63719,31066819.51488,66.73549017323957,33.26450982676042,0.119,count,70807.5
BTC,109063,2026-03-10 18:24:20,SHORT,MODERATE,583,313,270,53.687821612349914,46.312178387650086,53098198.50512,28691397.60856,64.92048014434305,35.07951985565695,0.074,count,70260.5
BTC,109128,2026-03-12 10:45:12,SHORT,MODERATE,565,321,244,56.81415929203539,43.1858407079646,56023710.65087,23591085.28225,70.36846605489315,29.631533945106845,0.136,count,70334.5
BTC,109292,2026-03-12 11:52:58,SHORT,MODERATE,575,322,253,56.00000000000001,44.0,56933247.94522,24003422.69898,70.34295763844827,29.65704236155173,0.12,count,70467.5
BTC,109452,2026-03-12 12:58:09,SHORT,MODERATE,584,320,264,54.794520547945204,45.20547945205479,55129207.471650004,24744556.74338,69.02041992566595,30.979580074334056,0.096,count,70321.5
BTC,109531,2026-03-12 13:30:29,SHORT,MODERATE,580,314,266,54.137931034482754,45.86206896551724,54864391.13394,25249603.85145,68.48290507038796,31.51709492961205,0.083,count,70027.5
BTC,109688,2026-03-12 14:35:11,SHORT,MODERATE,600,321,279,53.5,46.5,63292638.98053,26901701.91547,70.1736254755834,29.826374524416593,0.07,count,69781.5
BTC,109844,2026-03-12 15:39:53,SHORT,MODERATE,593,320,273,53.96290050590219,46.0370994940978,64517809.10274,29167927.78937,68.86620230893817,31.133797691061833,0.079,count,70479.5
BTC,110003,2026-03-12 16:44:36,SHORT,MODERATE,587,317,270,54.00340715502555,45.99659284497445,56836722.42948,30465903.60345,65.10310744609394,34.896892553906056,0.08,count,70349.5
BTC,110148,2026-03-13 08:41:29,SHORT,MODERATE,596,343,253,57.5503355704698,42.4496644295302,57942778.27019,27175709.73789,68.07308215424325,31.926917845756737,0.151,count,71998.5
BTC,110300,2026-03-13 09:46:47,SHORT,MODERATE,600,352,248,58.666666666666664,41.333333333333336,58717113.343059994,26607346.22108,68.81627336756964,31.183726632430364,0.173,count,71865.5
BTC,110457,2026-03-13 10:51:41,SHORT,MODERATE,596,348,248,58.38926174496645,41.61073825503356,60450070.72942,26215330.40952,69.75110013338289,30.2488998666171,0.168,count,72532.5
BTC,110617,2026-03-13 11:59:29,SHORT,MODERATE,595,346,249,58.15126050420169,41.84873949579832,60669337.724870004,25851133.646730002,70.12136753659027,29.878632463409733,0.163,count,72208.5
BTC,110692,2026-03-13 12:32:52,SHORT,MODERATE,601,348,253,57.90349417637272,42.09650582362729,60809234.82409,26009490.78739,70.04161187094091,29.95838812905908,0.158,count,72428.0
BTC,110849,2026-03-13 13:37:49,SHORT,MODERATE,580,329,251,56.72413793103448,43.275862068965516,61416958.725889996,24652220.88728,71.35766717182952,28.642332828170474,0.134,count,72848.0
BTC,111012,2026-03-13 14:42:45,SHORT,MODERATE,602,329,273,54.65116279069767,45.348837209302324,60134974.77759,29871503.54719,66.81182943365313,33.188170566346855,0.093,count,73289.5
BTC,111175,2026-03-13 15:47:41,SHORT,MODERATE,610,314,296,51.47540983606558,48.52459016393443,58432150.069919996,28296481.16224,67.37354117062631,32.626458829373675,0.03,count,72201.5
BTC,111324,2026-03-13 16:53:08,SHORT,MODERATE,602,320,282,53.156146179402,46.84385382059801,60062640.34387,30159340.13273,66.5720703830569,33.42792961694311,0.063,count,71965.5
BTC,111398,2026-03-13 17:26:35,SHORT,MODERATE,605,330,275,54.54545454545454,45.45454545454545,60620934.40902,31390528.10811,65.88411133855637,34.11588866144362,0.091,count,71723.5
BTC,111481,2026-03-13 18:01:25,SHORT,MODERATE,597,311,286,52.09380234505863,47.90619765494137,58416467.92864,32826463.88601,64.02300623932892,35.976993760671085,0.042,count,71723.5
BTC,111560,2026-03-14 07:53:01,SHORT,MODERATE,587,309,278,52.640545144804086,47.35945485519591,55529938.94781,43126696.82946,56.2860658183966,43.713934181603406,0.053,count,70510.5
BTC,111718,2026-03-14 08:58:45,SHORT,MODERATE,595,311,284,52.268907563025216,47.73109243697479,56443405.0495,29334425.06079,65.80185693311095,34.19814306688904,0.045,count,70524.5
BTC,111797,2026-03-14 09:31:15,SHORT,MODERATE,602,318,284,52.823920265780735,47.176079734219265,56751082.30427,29358526.1121,65.90563277196514,34.09436722803486,0.056,count,70628.5
BTC,111950,2026-03-14 10:36:14,SHORT,MODERATE,602,321,281,53.32225913621262,46.67774086378738,56649756.940189995,29105882.58604,66.05951194948828,33.940488050511725,0.066,count,70393.5
BTC,112095,2026-03-14 11:42:15,SHORT,MODERATE,610,331,279,54.26229508196722,45.73770491803278,57594614.27974,29480382.75767,66.14368790043788,33.856312099562125,0.085,count,70658.5
BTC,112260,2026-03-14 12:47:18,SHORT,MODERATE,617,328,289,53.16045380875203,46.83954619124797,56959459.28584,29472140.8056,65.90119727689867,34.09880272310134,0.063,count,70666.5
BTC,112404,2026-03-14 13:52:48,SHORT,MODERATE,612,333,279,54.41176470588235,45.588235294117645,56481178.32087,29238795.59821,65.89033540092821,34.10966459907179,0.088,count,70769.5
BTC,112565,2026-03-14 14:57:48,SHORT,MODERATE,617,329,288,53.322528363047006,46.677471636953,56355587.74249,29371661.07509,65.73824369706497,34.26175630293501,0.066,count,70593.5
BTC,112636,2026-03-14 15:30:17,SHORT,MODERATE,624,339,285,54.32692307692307,45.67307692307692,56737648.86357,29420038.96861,65.85326311690832,34.146736883091684,0.087,count,70571.5
BTC,112791,2026-03-14 16:35:20,SHORT,MODERATE,626,342,284,54.632587859424916,45.367412140575084,56846633.02038,27519260.7726,67.38105941231686,32.618940587683134,0.093,count,70638.5
BTC,112939,2026-03-14 17:40:23,SHORT,MODERATE,622,343,279,55.14469453376206,44.855305466237944,57321958.44927,27982843.83891,67.19663713142754,32.80336286857247,0.103,count,70613.5
BTC,113100,2026-03-14 18:45:26,SHORT,MODERATE,626,343,283,54.7923322683706,45.20766773162939,58174695.286520004,27987343.24731,67.51777961204891,32.48222038795109,0.096,count,70596.5
BTC,113169,2026-03-16 08:40:01,SHORT,MODERATE,583,320,263,54.8885077186964,45.1114922813036,61382036.24352,32138422.242,65.6348752321653,34.36512476783469,0.098,count,73174.5
BTC,113320,2026-03-16 09:47:11,SHORT,MODERATE,594,331,263,55.72390572390572,44.27609427609428,62364397.58887,32774549.841789998,65.55085932007285,34.44914067992715,0.114,count,73182.5
BTC,113393,2026-03-16 10:19:51,SHORT,MODERATE,589,332,257,56.36672325976231,43.63327674023769,62404431.75977,32096413.72888,66.03584490391154,33.96415509608846,0.127,count,73343.5
BTC,113462,2026-03-19 08:51:42,SHORT,MODERATE,555,312,243,56.21621621621622,43.78378378378379,62678351.44648,25604093.40368,70.99752567213412,29.002474327865873,0.124,count,69983.5
BTC,113617,2026-03-19 09:56:53,SHORT,MODERATE,577,318,259,55.11265164644714,44.88734835355286,62991556.58103,24614275.002749998,71.90338296234235,28.09661703765765,0.102,count,70453.5
BTC,113690,2026-03-19 10:29:25,SHORT,MODERATE,580,321,259,55.344827586206904,44.6551724137931,62517141.49771,24623369.69922,71.7429134153536,28.2570865846464,0.107,count,70367.5
BTC,113838,2026-03-19 11:34:31,SHORT,MODERATE,583,321,262,55.06003430531733,44.93996569468268,62682013.322009996,24749559.24477,71.69265230147111,28.307347698528872,0.101,count,70127.0
BTC,113989,2026-03-19 12:39:37,SHORT,MODERATE,575,320,255,55.65217391304348,44.34782608695652,61429351.9712,26372125.00224,69.96391642680729,30.036083573192723,0.113,count,69567.5
BTC,114142,2026-03-19 13:44:40,SHORT,MODERATE,562,314,248,55.871886120996436,44.128113879003564,58578527.44342,25094748.97446,70.00864547345783,29.991354526542175,0.117,count,69646.5
BTC,114293,2026-03-19 14:49:45,SHORT,MODERATE,574,320,254,55.749128919860624,44.25087108013937,58609586.1802,26944771.07839,68.50567061482467,31.494329385175334,0.115,count,69231.5
BTC,114450,2026-03-19 15:54:50,SHORT,MODERATE,574,320,254,55.749128919860624,44.25087108013937,56454232.01478,26044938.34872,68.43006028549952,31.569939714500485,0.115,count,69395.5
BTC,114525,2026-03-19 16:27:22,SHORT,MODERATE,580,322,258,55.51724137931034,44.48275862068966,55159246.3614,25330349.48745,68.52965998858112,31.47034001141889,0.11,count,69475.5
BTC,114590,2026-03-20 08:40:32,SHORT,MODERATE,581,348,233,59.896729776247845,40.103270223752155,67573522.27798,24359925.20985,73.50265232566773,26.497347674332268,0.198,count,71092.5
BTC,114741,2026-03-20 09:45:38,SHORT,MODERATE,578,341,237,58.99653979238755,41.003460207612456,56795841.06743,24268705.71034,70.06249134178208,29.937508658217908,0.18,count,70601.5
BTC,114889,2026-03-20 10:50:51,SHORT,MODERATE,577,343,234,59.44540727902946,40.55459272097054,57583722.88758,24275231.99523,70.34505017809886,29.654949821901145,0.189,count,70539.5
BTC,115047,2026-03-20 11:55:54,SHORT,MODERATE,588,337,251,57.31292517006803,42.68707482993197,56888199.05716,26937930.16675,67.86451859801919,32.13548140198081,0.146,count,70387.5
BTC,115121,2026-03-20 12:28:27,SHORT,MODERATE,591,341,250,57.69881556683587,42.30118443316413,56903068.821490005,25725522.33033,68.86607653389312,31.13392346610688,0.154,count,70399.5
BTC,115271,2026-03-20 13:33:34,SHORT,MODERATE,584,333,251,57.02054794520548,42.97945205479452,56862473.1656,26966884.17955,67.83121685101385,32.16878314898616,0.14,count,70047.5
BTC,115428,2026-03-20 14:38:41,SHORT,MODERATE,582,333,249,57.21649484536082,42.78350515463917,60434569.87581,27265083.34868,68.91084246492063,31.08915753507936,0.144,count,69994.5
BTC,115577,2026-03-20 15:43:40,SHORT,MODERATE,580,330,250,56.896551724137936,43.103448275862064,53937124.6926,27756429.82945,66.02372122030971,33.976278779690304,0.138,count,69892.5
BTC,115727,2026-03-20 16:48:42,SHORT,MODERATE,587,337,250,57.41056218057922,42.58943781942078,55652216.53933,27960401.25274,66.5595911345909,33.4404088654091,0.148,count,69767.5
BTC,115879,2026-03-20 17:53:48,SHORT,MODERATE,581,335,246,57.6592082616179,42.3407917383821,55453150.28653,28848082.387,65.7797620840032,34.220237915996805,0.153,count,69742.5
BTC,116016,2026-03-23 08:43:18,SHORT,MODERATE,565,334,231,59.11504424778761,40.884955752212385,56911398.829289995,17322926.77967,76.6645326975542,23.335467302445785,0.182,count,68562.5
BTC,116170,2026-03-23 09:48:13,SHORT,MODERATE,574,328,246,57.14285714285714,42.857142857142854,56783930.74424,18511164.43394,75.41517891685405,24.58482108314594,0.143,count,68201.5
BTC,116315,2026-03-23 10:53:08,SHORT,MODERATE,573,325,248,56.719022687609076,43.280977312390924,55812889.25095,18476060.84444,75.12946296762037,24.87053703237964,0.134,count,68474.5
BTC,116470,2026-03-23 11:58:04,SHORT,MODERATE,537,293,244,54.56238361266295,45.43761638733706,54212333.66097,21148400.2286,71.93710950375053,28.062890496249477,0.091,count,70081.5
BTC,116540,2026-03-23 12:30:31,SHORT,MODERATE,534,292,242,54.68164794007491,45.31835205992509,54131363.08593,22065859.98412,71.04112316030951,28.95887683969048,0.094,count,70204.5
BTC,116694,2026-03-23 13:35:27,SHORT,MODERATE,549,297,252,54.09836065573771,45.90163934426229,54106563.567269996,24087462.87833,69.19526468548364,30.80473531451635,0.082,count,70768.5
BTC,116827,2026-03-23 14:40:22,SHORT,MODERATE,528,299,229,56.628787878787875,43.371212121212125,55842692.09974,22840928.2898,70.97117776645109,29.028822233548894,0.133,count,71442.5
BTC,116989,2026-03-23 15:45:17,SHORT,MODERATE,538,286,252,53.159851301115246,46.84014869888476,54199269.86222,22572693.55736,70.59773835144219,29.402261648557808,0.063,count,70615.0
BTC,117130,2026-03-23 16:50:12,SHORT,MODERATE,536,292,244,54.47761194029851,45.52238805970149,56603385.676759996,24076723.5399,70.15779505795675,29.84220494204325,0.09,count,70596.5
BTC,117278,2026-03-23 17:55:08,SHORT,MODERATE,550,295,255,53.63636363636364,46.36363636363636,56240893.01742,22875565.14318,71.08621180090688,28.91378819909311,0.073,count,71036.5
BTC,117361,2026-03-23 18:27:35,SHORT,MODERATE,545,288,257,52.84403669724771,47.1559633027523,56144887.36482,22592769.67,71.30627133087177,28.69372866912822,0.057,count,70916.5
BTC,117504,2026-03-23 19:32:31,SHORT,MODERATE,550,289,261,52.545454545454554,47.45454545454545,56058597.607540004,23516141.93073,70.44772993643248,29.552270063567533,0.051,count,70987.5
BTC,117650,2026-03-23 20:37:27,SHORT,MODERATE,565,298,267,52.743362831858406,47.256637168141594,55556640.804519996,22901494.72851,70.8105544786127,29.1894455213873,0.055,count,70954.5
BTC,117796,2026-03-23 21:42:22,SHORT,MODERATE,566,300,266,53.003533568904594,46.996466431095406,55918934.59346,21628002.20218,72.10979170050724,27.89020829949277,0.06,count,70901.5
BTC,117946,2026-03-23 22:47:17,SHORT,MODERATE,572,298,274,52.09790209790209,47.9020979020979,48565507.69053,28898777.67891,62.694062765715906,37.30593723428409,0.042,count,70667.5
BTC,118096,2026-03-23 23:52:13,SHORT,MODERATE,572,300,272,52.44755244755245,47.55244755244755,48423090.0279,28938150.37081,62.593476757008496,37.40652324299152,0.049,count,70779.0
BTC,118242,2026-03-24 00:57:08,SHORT,MODERATE,558,298,260,53.40501792114696,46.59498207885305,48748131.12714,29271957.72159,62.4815119368241,37.51848806317591,0.068,count,70676.0
BTC,118318,2026-03-24 01:29:35,SHORT,MODERATE,561,299,262,53.297682709447415,46.702317290552585,48756997.61541,29262616.18668,62.49325680987143,37.50674319012857,0.066,count,70802.5
BTC,118464,2026-03-24 02:34:31,SHORT,MODERATE,558,298,260,53.40501792114696,46.59498207885305,48542087.28641,28516173.45812,62.99400845204747,37.00599154795254,0.068,count,70493.5
BTC,118616,2026-03-24 03:39:26,SHORT,MODERATE,557,297,260,53.3213644524237,46.678635547576306,48419495.51656,28233804.08278,63.166877055057526,36.83312294494247,0.066,count,70432.5
BTC,118769,2026-03-24 04:44:22,SHORT,MODERATE,558,292,266,52.32974910394266,47.67025089605735,48422072.51852,28563690.79846,62.8974376978607,37.10256230213928,0.047,count,70323.5
BTC,118918,2026-03-24 05:49:17,SHORT,MODERATE,562,295,267,52.49110320284698,47.50889679715303,48831463.69799,29213420.78817,62.56843612427856,37.43156387572145,0.05,count,70325.5
BTC,119067,2026-03-24 06:54:13,SHORT,MODERATE,565,299,266,52.92035398230088,47.07964601769912,49155670.12367,29277908.80635,62.671716367205,37.32828363279499,0.058,count,70462.5
BTC,119211,2026-03-24 07:59:08,SHORT,MODERATE,542,298,244,54.981549815498155,45.018450184501845,49270839.68688,28401026.94665,63.434602285726946,36.56539771427306,0.1,count,71356.5
BTC,119283,2026-03-24 08:31:35,SHORT,MODERATE,547,309,238,56.48994515539305,43.51005484460695,49659322.81627,27822243.312710002,64.09179021188653,35.90820978811346,0.13,count,70880.5
BTC,119431,2026-03-24 09:36:31,SHORT,MODERATE,557,317,240,56.91202872531418,43.08797127468581,50925428.81324,27636274.22667,64.82220578564781,35.177794214352176,0.138,count,71010.5
BTC,119586,2026-03-24 10:41:26,SHORT,MODERATE,557,310,247,55.65529622980251,44.34470377019748,50540669.581369996,27842705.98994,64.47881226471314,35.52118773528685,0.113,count,71203.5
BTC,119732,2026-03-24 11:46:21,SHORT,MODERATE,562,312,250,55.51601423487544,44.48398576512456,50832788.82695,28221194.29684,64.30136321828509,35.698636781714924,0.11,count,71281.5
BTC,119884,2026-03-24 12:51:16,SHORT,MODERATE,564,313,251,55.49645390070922,44.50354609929078,51964560.220240004,28469739.33321,64.60497637044584,35.39502362955415,0.11,count,70904.5
BTC,120037,2026-03-24 13:56:12,SHORT,MODERATE,543,292,251,53.77532228360957,46.224677716390424,53228191.66341,28446197.6895,65.17121472854149,34.828785271458514,0.076,count,70086.5
BTC,120116,2026-03-24 14:28:39,SHORT,MODERATE,534,278,256,52.05992509363296,47.940074906367045,53298132.911639996,28725527.0028,64.97897431940493,35.02102568059507,0.041,count,70052.5
BTC,120254,2026-03-24 15:33:34,SHORT,MODERATE,543,305,238,56.16942909760589,43.83057090239411,51028298.45123,27069440.62395,65.3390214050987,34.660978594901295,0.123,count,69771.5
BTC,120397,2026-03-24 16:38:30,SHORT,MODERATE,539,298,241,55.287569573283854,44.712430426716146,54474745.41597,26641800.08118,67.15614561998815,32.84385438001184,0.106,count,69540.5
BTC,120539,2026-03-24 17:43:25,SHORT,MODERATE,537,297,240,55.3072625698324,44.6927374301676,53639718.62697,26277714.97868,67.11892037431214,32.881079625687846,0.106,count,69124.5
BTC,120681,2026-03-24 18:48:21,SHORT,MODERATE,543,311,232,57.2744014732965,42.7255985267035,54615628.14148,25903882.4637,67.82906121881777,32.170938781182244,0.145,count,69465.5
BTC,120825,2026-03-24 19:53:16,SHORT,MODERATE,554,318,236,57.400722021660656,42.59927797833935,53799955.00284,25280725.38838,68.03173004668935,31.968269953310635,0.148,count,69309.5
BTC,120968,2026-03-24 20:58:12,SHORT,MODERATE,537,315,222,58.659217877094974,41.340782122905026,49497876.73291,25293539.92897,66.18122632531747,33.81877367468253,0.173,count,70036.5
BTC,121041,2026-03-24 21:30:39,SHORT,MODERATE,545,322,223,59.082568807339456,40.91743119266055,49620964.54864,25181652.47594,66.33586700895056,33.66413299104944,0.182,count,70103.5
BTC,121185,2026-03-24 22:35:35,SHORT,MODERATE,540,321,219,59.44444444444444,40.55555555555556,50196837.50693,24852902.53167,66.88475866953368,33.115241330466326,0.189,count,70148.5
BTC,121329,2026-03-24 23:40:30,SHORT,MODERATE,537,321,216,59.77653631284916,40.22346368715084,50490148.14766,25123734.22535,66.77364865169547,33.22635134830451,0.196,count,70743.5
BTC,121472,2026-03-25 00:45:25,SHORT,MODERATE,532,318,214,59.77443609022557,40.225563909774436,51650324.105110005,25779001.76696,66.70641068275283,33.293589317247175,0.195,count,70916.5
BTC,121617,2026-03-25 01:50:20,SHORT,MODERATE,536,311,225,58.02238805970149,41.97761194029851,50776656.227919996,26244085.09618,65.92595105551374,34.07404894448628,0.16,count,70766.5
BTC,121755,2026-03-25 02:55:16,SHORT,MODERATE,541,317,224,58.59519408502772,41.40480591497228,50615180.19498,25880904.25742,66.16702091003822,33.83297908996178,0.172,count,70564.5
BTC,121831,2026-03-25 03:27:43,SHORT,MODERATE,538,309,229,57.43494423791822,42.56505576208178,50428240.07801,25989357.78449,65.99034972120783,34.00965027879216,0.149,count,70427.5
BTC,121971,2026-03-25 04:32:38,SHORT,MODERATE,537,309,228,57.54189944134078,42.45810055865922,50061098.70863,26775581.42192,65.15260501048884,34.847394989511166,0.151,count,70804.5
BTC,122114,2026-03-25 05:37:33,SHORT,MODERATE,535,312,223,58.3177570093458,41.6822429906542,48968930.14905,28445113.29505,63.255874477619855,36.744125522380145,0.166,count,71180.5
BTC,122255,2026-03-25 06:42:29,SHORT,MODERATE,534,310,224,58.052434456928836,41.947565543071164,48614903.322060004,24734264.64558,66.27873862660282,33.72126137339717,0.161,count,71203.5
BTC,122397,2026-03-25 07:47:33,SHORT,MODERATE,538,311,227,57.80669144981413,42.193308550185876,48570636.03585,24814738.0607,66.18571702305107,33.81428297694893,0.156,count,70875.5
BTC,122544,2026-03-25 08:52:28,SHORT,MODERATE,530,312,218,58.867924528301884,41.132075471698116,48772257.183400005,24692771.91343,66.3883997365823,33.6116002634177,0.177,count,71291.5
BTC,122692,2026-03-25 09:57:24,SHORT,MODERATE,536,316,220,58.95522388059702,41.04477611940299,48488273.67341,26457309.27078,64.69797387461506,35.30202612538495,0.179,count,71243.5
BTC,122763,2026-03-25 10:29:52,SHORT,MODERATE,546,324,222,59.34065934065934,40.65934065934066,48602379.937079996,25381927.08672,65.69282310293872,34.30717689706128,0.187,count,71362.5
BTC,122909,2026-03-25 11:34:47,SHORT,MODERATE,538,323,215,60.03717472118959,39.96282527881041,48296393.570659995,26344217.2722,64.70524962923713,35.29475037076287,0.201,count,71925.5
BTC,123061,2026-03-25 12:39:44,SHORT,MODERATE,540,315,225,58.333333333333336,41.66666666666667,47748605.684080005,29002361.96885,62.21238265034067,37.78761734965933,0.167,count,71355.5
BTC,123212,2026-03-25 13:44:39,SHORT,MODERATE,545,320,225,58.71559633027523,41.284403669724774,50050506.28259,27803466.885900002,64.28767119472721,35.71232880527278,0.174,count,71724.5
BTC,123363,2026-03-25 14:49:35,SHORT,MODERATE,550,315,235,57.27272727272727,42.72727272727273,49899131.33341,27223726.2355,64.70083306861997,35.299166931380036,0.145,count,71364.5
BTC,123518,2026-03-25 15:54:30,SHORT,MODERATE,542,296,246,54.61254612546126,45.38745387453875,49088681.97942,26975905.94036,64.53552608631811,35.464473913681886,0.092,count,70838.5
BTC,123656,2026-03-25 16:59:25,SHORT,MODERATE,521,301,220,57.77351247600768,42.226487523992326,48656224.53123,27286473.626480002,64.06965476810655,35.93034523189347,0.155,count,71302.5
BTC,123730,2026-03-25 17:31:53,SHORT,MODERATE,528,302,226,57.1969696969697,42.803030303030305,49247793.38637,27020207.9872,64.57202561943153,35.427974380568486,0.144,count,70984.5
BTC,123882,2026-03-25 18:36:52,SHORT,MODERATE,531,297,234,55.932203389830505,44.06779661016949,49402646.81342,28098918.01803,63.74406364679296,36.255936353207034,0.119,count,70885.5
BTC,124025,2026-03-25 19:41:48,SHORT,MODERATE,517,290,227,56.09284332688588,43.907156673114116,50058665.12107,28045479.94947,64.09220032542365,35.907799674576346,0.122,count,71021.5
BTC,124172,2026-03-25 20:46:43,SHORT,MODERATE,517,287,230,55.512572533849124,44.48742746615087,48796069.702250004,28273958.01952,63.313938173745534,36.686061826254466,0.11,count,70867.5
BTC,124312,2026-03-25 21:51:38,SHORT,MODERATE,518,294,224,56.75675675675676,43.24324324324324,48600705.97327,27867997.95264,63.55633543934377,36.44366456065623,0.135,count,70995.5
BTC,124455,2026-03-25 22:56:33,SHORT,MODERATE,513,291,222,56.72514619883041,43.27485380116959,48094147.74975,27945784.19278,63.24854128762101,36.75145871237899,0.135,count,71293.0
BTC,124527,2026-03-25 23:29:01,SHORT,MODERATE,516,294,222,56.97674418604651,43.02325581395349,49541148.60657,27191037.56308,64.563713194666,35.43628680533399,0.14,count,71354.5
BTC,124675,2026-03-26 00:33:56,SHORT,MODERATE,526,295,231,56.083650190114064,43.91634980988593,49614082.22732,27205982.55609,64.58479613002697,35.41520386997302,0.122,count,71334.5
BTC,124815,2026-03-26 01:38:52,SHORT,MODERATE,535,304,231,56.82242990654206,43.177570093457945,49825204.60147,27388554.50095,64.528919690828,35.471080309171995,0.136,count,71275.5
BTC,124964,2026-03-26 02:43:47,SHORT,MODERATE,525,288,237,54.85714285714286,45.14285714285714,49323972.17047,26926535.95283,64.68674555022143,35.31325444977856,0.097,count,70833.5
BTC,125105,2026-03-26 03:48:43,SHORT,MODERATE,527,288,239,54.64895635673624,45.35104364326376,47476482.10948,27660570.11607,63.18651145238281,36.8134885476172,0.093,count,70810.5
BTC,125242,2026-03-26 04:53:39,SHORT,MODERATE,530,293,237,55.283018867924525,44.716981132075475,47624768.238800004,27396536.016119998,63.48165859256799,36.518341407432004,0.106,count,70788.5
BTC,125392,2026-03-26 05:58:34,SHORT,MODERATE,505,268,237,53.069306930693074,46.930693069306926,45315340.47418,27926526.82072,61.87081535172084,38.12918464827915,0.061,count,69982.5
BTC,125459,2026-03-26 06:31:02,SHORT,MODERATE,516,281,235,54.45736434108527,45.542635658914726,46234989.72047,28606584.15385,61.77714781641487,38.22285218358513,0.089,count,70038.5
BTC,125600,2026-03-26 07:35:58,SHORT,MODERATE,520,285,235,54.807692307692314,45.19230769230769,45978140.45232,28530889.07963,61.708145631670384,38.291854368329616,0.096,count,69939.5
BTC,125740,2026-03-26 08:40:54,SHORT,MODERATE,530,287,243,54.15094339622642,45.84905660377358,46259092.58129,25403579.84253,64.55116871404019,35.44883128595981,0.083,count,69806.5
BTC,125888,2026-03-26 09:45:49,SHORT,MODERATE,517,276,241,53.38491295938105,46.61508704061896,44799866.64946,29952708.2853,59.93086751668273,40.06913248331727,0.068,count,69468.5
BTC,126029,2026-03-26 10:50:45,SHORT,MODERATE,522,287,235,54.98084291187739,45.01915708812261,44664173.00502,30004966.11379,59.816108143355564,40.18389185664444,0.1,count,69503.5
BTC,126172,2026-03-26 11:40:53,SHORT,MODERATE,523,288,235,55.06692160611855,44.93307839388145,44981595.95592,29238958.74319,60.605308244158664,39.39469175584134,0.101,count,69410.5
BTC,126319,2026-03-26 12:46:01,SHORT,MODERATE,531,295,236,55.55555555555556,44.44444444444444,44235413.74687,29734143.96904,59.80218770100267,40.197812298997334,0.111,count,69371.5
BTC,126457,2026-03-26 13:51:11,SHORT,MODERATE,532,315,217,59.210526315789465,40.78947368421053,48493330.93218,20436715.47626,70.3515135400262,29.648486459973817,0.184,count,69613.5
BTC,126605,2026-03-26 14:56:15,SHORT,MODERATE,532,313,219,58.83458646616542,41.16541353383459,52704017.48086,21051864.92724,71.45737500534865,28.542624994651334,0.177,count,69367.5
BTC,126681,2026-03-26 15:28:50,SHORT,MODERATE,526,306,220,58.174904942965775,41.825095057034225,52708557.263560005,21205279.64983,71.31081197330114,28.689188026698847,0.163,count,69053.5
BTC,126825,2026-03-26 16:33:51,SHORT,MODERATE,526,300,226,57.03422053231939,42.96577946768061,53094873.31763,20855648.46339,71.79783460467378,28.20216539532622,0.141,count,68902.5
BTC,126897,2026-03-26 17:06:24,SHORT,MODERATE,528,302,226,57.1969696969697,42.803030303030305,53459240.20639,20881492.49257,71.9111021179616,28.088897882038395,0.144,count,69002.5
BTC,127051,2026-03-27 08:55:34,SHORT,MODERATE,500,283,217,56.599999999999994,43.4,45764688.37932,25309591.68266,64.3899429433701,35.610057056629884,0.132,count,67933.5
BTC,127121,2026-03-27 09:28:06,SHORT,MODERATE,512,290,222,56.640625,43.359375,46059879.31068,25626125.64912,64.25226142328535,35.747738576714646,0.133,count,67912.5
BTC,127275,2026-03-27 10:33:24,SHORT,MODERATE,531,297,234,55.932203389830505,44.06779661016949,46856615.91348,23909457.65724,66.21338948055934,33.78661051944066,0.119,count,67666.5
BTC,127420,2026-03-27 11:38:32,SHORT,MODERATE,521,291,230,55.85412667946257,44.145873320537426,47675363.89753,23385986.79391,67.09042740341964,32.90957259658035,0.117,count,66653.5
BTC,127573,2026-03-27 12:43:39,SHORT,MODERATE,522,286,236,54.78927203065134,45.21072796934866,47382704.39271,22896441.48932,67.42071748032656,32.57928251967345,0.096,count,66593.5
BTC,127714,2026-03-27 13:48:46,SHORT,MODERATE,521,295,226,56.62188099808061,43.37811900191939,47251753.36683,22881972.58553,67.37379588092449,32.626204119075496,0.132,count,66473.5
BTC,127863,2026-03-27 14:53:54,SHORT,MODERATE,524,289,235,55.152671755725194,44.847328244274806,47289313.26775,23920002.43879,66.40888597024794,33.59111402975207,0.103,count,65989.5
BTC,128005,2026-03-27 15:58:58,SHORT,MODERATE,528,301,227,57.00757575757576,42.99242424242424,49815076.93228,23504002.4411,67.94285656342595,32.057143436574044,0.14,count,66107.5
BTC,128078,2026-03-27 16:31:30,SHORT,MODERATE,530,307,223,57.92452830188679,42.07547169811321,50239169.40763,23418021.42263,68.20674104094483,31.79325895905517,0.158,count,65937.5
BTC,128219,2026-03-27 17:36:39,SHORT,MODERATE,540,319,221,59.074074074074076,40.925925925925924,51367869.07957,23206982.93603,68.88095341955834,31.119046580441662,0.181,count,65829.0
BTC,128364,2026-03-27 18:41:46,SHORT,MODERATE,552,327,225,59.2391304347826,40.76086956521739,50471121.33702,24096178.09266,67.68532818412758,32.31467181587242,0.185,count,65783.5
BTC,128438,2026-03-27 19:14:20,SHORT,MODERATE,556,333,223,59.89208633093526,40.10791366906475,51290248.16426,23623786.60551,68.46547288754111,31.534527112458893,0.198,count,65740.5
BTC,128502,2026-03-28 07:57:15,SHORT,MODERATE,574,360,214,62.7177700348432,37.282229965156795,51047606.4054,25800031.11919,66.427034128493,33.57296587150699,0.254,count,66520.5
BTC,128577,2026-03-28 08:29:49,SHORT,MODERATE,571,361,210,63.22241681260946,36.77758318739055,51084286.57016,25744728.79418,66.49087760386767,33.50912239613232,0.264,count,66525.5
BTC,128727,2026-03-28 09:34:55,SHORT,MODERATE,569,360,209,63.2688927943761,36.7311072056239,50369432.04677,25795613.67481,66.13195274758264,33.86804725241736,0.265,count,66260.5
BTC,128876,2026-03-28 10:40:04,SHORT,MODERATE,564,354,210,62.76595744680851,37.234042553191486,49871846.68179,26102431.83991,65.64306716982571,34.356932830174294,0.255,count,66113.5
BTC,129023,2026-03-28 11:45:08,SHORT,MODERATE,566,357,209,63.074204946996474,36.92579505300353,50371704.87399,26177280.610940002,65.80322985979552,34.19677014020447,0.261,count,66292.5
BTC,129194,2026-03-30 07:54:32,SHORT,MODERATE,516,286,230,55.42635658914728,44.57364341085272,45268760.72162,28046323.84494,61.745493426420595,38.25450657357941,0.109,count,67421.5
BTC,129337,2026-03-30 08:59:37,SHORT,MODERATE,515,290,225,56.310679611650485,43.689320388349515,44984077.00778,27964533.3262,61.665433792130905,38.334566207869095,0.126,count,67645.5
BTC,129409,2026-03-30 09:32:09,SHORT,MODERATE,516,288,228,55.81395348837209,44.18604651162791,44430252.597219996,28307026.52123,61.08319301422721,38.91680698577279,0.116,count,67454.5
BTC,129556,2026-03-30 10:37:21,SHORT,MODERATE,519,287,232,55.29865125240848,44.701348747591524,44387259.89762,23912332.61579,64.98905522592241,35.01094477407757,0.106,count,67379.5
BTC,129706,2026-03-30 11:42:30,SHORT,MODERATE,517,283,234,54.73887814313346,45.26112185686654,44471448.051529996,23523207.12862,65.40432911043389,34.595670889566094,0.095,count,67546.5
BTC,129856,2026-03-30 12:47:38,SHORT,MODERATE,523,284,239,54.302103250478005,45.69789674952199,45457431.066589996,23984969.5532,65.46062731252316,34.53937268747685,0.086,count,67899.5
BTC,130001,2026-03-30 13:52:45,SHORT,MODERATE,535,289,246,54.01869158878505,45.981308411214954,44147259.497310005,28221971.43631,61.002803163410235,38.997196836589765,0.08,count,67686.5
BTC,130162,2026-03-30 14:57:51,SHORT,MODERATE,527,271,256,51.423149905123346,48.57685009487666,44076080.63832,28523887.50876,60.710881510342304,39.28911848965769,0.028,count,67792.5
BTC,130235,2026-03-30 15:30:23,SHORT,MODERATE,531,272,259,51.2241054613936,48.7758945386064,43875803.22729,28521857.30748,60.603896456319916,39.396103543680084,0.024,count,67461.5
BTC,130382,2026-03-30 16:35:29,SHORT,MODERATE,542,277,265,51.107011070110694,48.8929889298893,43495848.13673,29164636.38275,59.86176451255142,40.138235487448576,0.022,count,67364.5
BTC,130528,2026-03-30 17:40:33,SHORT,MODERATE,522,264,258,50.57471264367817,49.42528735632184,42432793.278400004,28875886.50125,59.50579005181559,40.49420994818441,0.011,count,66866.5
BTC,130660,2026-03-31 07:45:53,SHORT,MODERATE,514,275,239,53.50194552529183,46.49805447470817,52693670.50386,28393506.64432,64.98397447917905,35.016025520820946,0.07,count,67338.5
BTC,130806,2026-03-31 08:51:02,SHORT,MODERATE,494,260,234,52.63157894736842,47.368421052631575,44874592.00526,27907391.96007,61.65618132453794,38.343818675462046,0.053,count,66863.5
BTC,130947,2026-03-31 09:56:08,SHORT,MODERATE,498,267,231,53.6144578313253,46.3855421686747,46867619.02222,27803997.49736,62.76497176129917,37.23502823870082,0.072,count,66074.5
BTC,131015,2026-03-31 10:28:40,SHORT,MODERATE,497,275,222,55.33199195171026,44.668008048289735,44447578.442999996,27683887.95423,61.62023408511611,38.379765914883876,0.107,count,66346.5
BTC,131162,2026-03-31 11:33:49,SHORT,MODERATE,507,280,227,55.22682445759369,44.773175542406314,43278013.63088,26771170.90904,61.78232325633497,38.21767674366502,0.105,count,66653.5
BTC,131308,2026-03-31 12:37:16,SHORT,MODERATE,501,278,223,55.489021956087825,44.510978043912175,47586467.40935,27067972.3838,63.742313975164734,36.25768602483526,0.11,count,66829.5
BTC,131454,2026-03-31 13:42:12,SHORT,MODERATE,505,284,221,56.237623762376245,43.76237623762376,48000298.67357,27352036.39224,63.70114294619839,36.29885705380161,0.125,count,66982.5
BTC,131604,2026-03-31 14:47:08,SHORT,MODERATE,509,288,221,56.581532416502945,43.418467583497055,48380441.02473,28166362.95627,63.203737463341646,36.79626253665834,0.132,count,67112.5
BTC,131750,2026-03-31 15:52:04,SHORT,MODERATE,498,278,220,55.82329317269076,44.17670682730924,47284265.14738,27615584.56799,63.12998667830026,36.87001332169974,0.116,count,66985.5
BTC,131905,2026-04-01 07:37:42,SHORT,MODERATE,506,283,223,55.92885375494071,44.07114624505929,49870403.00983,25899841.82423,65.81792512225381,34.18207487774619,0.119,count,68904.5
BTC,132053,2026-04-01 08:42:51,SHORT,MODERATE,511,284,227,55.57729941291585,44.422700587084144,56769453.9842,30096118.63709,65.3532259917277,34.646774008272295,0.112,count,68737.5
BTC,132204,2026-04-01 09:47:57,SHORT,MODERATE,507,285,222,56.213017751479285,43.786982248520715,51837732.42683,29401345.32945,63.8088637371598,36.1911362628402,0.124,count,68488.5
BTC,132349,2026-04-01 10:53:02,SHORT,MODERATE,512,291,221,56.8359375,43.1640625,52263265.92882,29488368.06805,63.92932272255376,36.07067727744624,0.137,count,68571.5
BTC,132498,2026-04-01 11:58:08,SHORT,MODERATE,521,306,215,58.73320537428023,41.26679462571977,52532373.60233,29381146.40596,64.13150551583365,35.868494484166355,0.175,count,68683.5
BTC,132575,2026-04-01 12:30:39,SHORT,MODERATE,525,306,219,58.285714285714285,41.714285714285715,52417271.91565,29329783.27793,64.12129683634964,35.878703163650364,0.166,count,68526.5
BTC,132736,2026-04-01 13:35:50,SHORT,MODERATE,530,296,234,55.84905660377358,44.15094339622642,52555813.40778,29569888.686160002,63.99435507737115,36.005644922628846,0.117,count,68484.5
BTC,132885,2026-04-01 14:40:57,SHORT,MODERATE,537,298,239,55.493482309124765,44.50651769087523,52775068.79975,29101859.31042,64.4565813811898,35.54341861881019,0.11,count,68284.5
BTC,133034,2026-04-01 15:46:14,SHORT,MODERATE,553,310,243,56.05786618444847,43.942133815551536,53988536.27723,29295553.95999,64.8245494709172,35.175450529082795,0.121,count,68782.5
BTC,133189,2026-04-02 07:56:06,SHORT,MODERATE,520,284,236,54.61538461538461,45.38461538461539,45633433.92177,28733436.1782,61.36258506029072,38.637414939709274,0.092,count,66846.5
BTC,133263,2026-04-02 08:28:41,SHORT,MODERATE,529,288,241,54.44234404536862,45.55765595463138,45630629.89267,28803709.67669,61.30319709513926,38.696802904860725,0.089,count,66585.5
BTC,133410,2026-04-02 09:33:48,SHORT,MODERATE,529,287,242,54.25330812854442,45.746691871455575,45735491.58608,29109901.92004,61.106621855545825,38.893378144454175,0.085,count,66398.5
BTC,133560,2026-04-02 10:38:55,SHORT,MODERATE,531,287,244,54.048964218455744,45.951035781544256,46026532.26731,28762187.48059,61.54207803323493,38.45792196676507,0.081,count,66398.5
BTC,133709,2026-04-02 11:44:07,SHORT,MODERATE,529,286,243,54.06427221172023,45.93572778827977,46824841.6061,27013131.962,63.41566451971211,36.58433548028789,0.081,count,66309.5
BTC,133859,2026-04-02 12:49:14,SHORT,MODERATE,523,277,246,52.96367112810707,47.03632887189293,46493509.2431,26958085.09738,63.298162089691914,36.70183791030809,0.059,count,66116.5
BTC,134004,2026-04-02 13:54:19,SHORT,MODERATE,528,282,246,53.40909090909091,46.590909090909086,46192236.97309,27170815.12508,62.96389756423757,37.03610243576243,0.068,count,66068.5
BTC,134149,2026-04-02 14:59:26,SHORT,MODERATE,530,295,235,55.660377358490564,44.339622641509436,47436453.11936,33589198.13978,58.54498221513399,41.455017784866016,0.113,count,66867.5
BTC,134217,2026-04-02 15:31:58,SHORT,MODERATE,535,306,229,57.19626168224299,42.80373831775701,49152950.44631,34841389.22951,58.51936051407519,41.48063948592481,0.144,count,66717.5
BTC,134364,2026-04-03 07:44:54,SHORT,MODERATE,516,295,221,57.17054263565892,42.82945736434108,47810141.908709995,27949251.94385,63.10787280288468,36.89212719711532,0.143,count,67043.5
BTC,134517,2026-04-03 08:50:00,SHORT,MODERATE,532,300,232,56.390977443609025,43.609022556390975,47180072.67915,32331739.89805,59.3371867020912,40.6628132979088,0.128,count,66959.5
BTC,134667,2026-04-03 09:55:12,SHORT,MODERATE,534,301,233,56.36704119850188,43.63295880149813,46929875.399790004,32459571.50852,59.11349332612327,40.886506673876745,0.127,count,66782.5
BTC,134742,2026-04-03 10:27:42,SHORT,MODERATE,535,301,234,56.26168224299065,43.73831775700935,46916648.69551,32506888.20519,59.071467383992186,40.928532616007814,0.125,count,66777.5
BTC,134892,2026-04-03 11:32:51,SHORT,MODERATE,534,303,231,56.74157303370787,43.258426966292134,46895760.534150004,29034275.18195,61.76180491932305,38.238195080676945,0.135,count,66929.5
BTC,135043,2026-04-03 12:37:55,SHORT,MODERATE,532,300,232,56.390977443609025,43.609022556390975,46816185.661979996,29099595.78216,61.66858164587039,38.33141835412962,0.128,count,66807.5
BTC,135186,2026-04-03 13:43:04,SHORT,MODERATE,541,308,233,56.931608133086876,43.068391866913124,46956067.85281,29193523.9927,61.662927817227256,38.337072182772744,0.139,count,66588.5
BTC,135338,2026-04-03 14:48:16,SHORT,MODERATE,544,307,237,56.43382352941176,43.56617647058824,47111062.8098,28979339.26154,61.914593072632385,38.08540692736762,0.129,count,66838.5
BTC,135488,2026-04-03 15:53:28,SHORT,MODERATE,545,303,242,55.596330275229356,44.403669724770644,46557083.51567,29276189.56055,61.394005068033245,38.60599493196675,0.112,count,66809.5
BTC,135562,2026-04-03 16:26:02,SHORT,MODERATE,542,303,239,55.904059040590404,44.095940959409596,46657058.20024,29386055.18633,61.35605990125086,38.64394009874914,0.118,count,66942.5
BTC,135706,2026-04-08 08:38:06,SHORT,MODERATE,512,291,221,56.8359375,43.1640625,54505324.70153,26086256.30377,67.63153672087104,32.36846327912895,0.137,count,71695.0
BTC,135846,2026-04-08 09:43:07,SHORT,MODERATE,514,304,210,59.143968871595334,40.856031128404666,54433487.688769996,26480339.54177,67.27340622966442,32.72659377033559,0.183,count,71634.5
BTC,135989,2026-04-08 10:48:07,SHORT,MODERATE,513,303,210,59.06432748538012,40.93567251461988,54056563.70945,25568850.60848,67.88858076594973,32.11141923405028,0.181,count,71554.5
BTC,136133,2026-04-08 11:53:11,SHORT,MODERATE,511,302,209,59.099804305283755,40.90019569471624,54141286.27612,25771211.229820002,67.7507122989062,32.249287701093806,0.182,count,71687.5
BTC,136273,2026-04-08 12:58:14,SHORT,MODERATE,516,308,208,59.68992248062015,40.310077519379846,54591738.70105,25543799.76502,68.12425516322519,31.875744836774818,0.194,count,72134.0
BTC,136344,2026-04-08 13:30:46,SHORT,MODERATE,500,298,202,59.599999999999994,40.400000000000006,56695189.89158,24026948.77667,70.23499479440777,29.765005205592242,0.192,count,72340.5
BTC,136490,2026-04-08 14:35:51,SHORT,MODERATE,497,282,215,56.74044265593562,43.25955734406438,55606434.34739,25704182.96767,68.38766717503547,31.612332824964522,0.135,count,70911.5
BTC,136634,2026-04-08 15:40:52,SHORT,MODERATE,514,297,217,57.78210116731517,42.217898832684824,56333456.94466,27491470.23981,67.20370519462465,32.79629480537535,0.156,count,71225.5
BTC,136778,2026-04-08 16:45:56,SHORT,MODERATE,524,295,229,56.297709923664115,43.70229007633588,55653731.814890005,27930928.789780002,66.58366668271253,33.416333317287474,0.126,count,71428.5
BTC,136922,2026-04-08 17:51:02,SHORT,MODERATE,516,288,228,55.81395348837209,44.18604651162791,56148246.06753,28944785.74407,65.9845405342295,34.01545946577051,0.116,count,71838.5
BTC,137076,2026-04-09 07:50:24,SHORT,MODERATE,517,273,244,52.804642166344294,47.195357833655706,54202921.22357,28762715.53745,65.33177269488073,34.66822730511926,0.056,count,70945.5
BTC,137213,2026-04-09 08:55:30,SHORT,MODERATE,511,274,237,53.62035225048923,46.37964774951076,53666917.02118,29367897.9457,64.63182587037264,35.36817412962737,0.072,count,71241.5
BTC,137285,2026-04-09 09:28:04,SHORT,MODERATE,512,276,236,53.90625,46.09375,53802672.210710004,29460206.48932,64.61783816596606,35.38216183403395,0.078,count,71249.5
BTC,137425,2026-04-09 10:33:10,SHORT,MODERATE,517,287,230,55.512572533849124,44.48742746615087,54272077.04221,29446788.34682,64.82657975596679,35.173420244033224,0.11,count,71335.5
BTC,137582,2026-04-09 11:38:15,SHORT,MODERATE,514,278,236,54.08560311284047,45.91439688715953,54333776.40492,28354611.64182,65.70907679831366,34.29092320168634,0.082,count,71052.5
BTC,137739,2026-04-09 12:43:26,SHORT,MODERATE,527,282,245,53.510436432637576,46.48956356736243,54286869.3894,30577966.49078,63.9686259053717,36.0313740946283,0.07,count,71200.5
BTC,137899,2026-04-09 13:48:31,SHORT,MODERATE,523,272,251,52.00764818355641,47.992351816443595,54238057.59546,30158524.05691,64.26570428985721,35.734295710142774,0.04,count,70714.5
BTC,138051,2026-04-09 14:53:37,SHORT,MODERATE,524,282,242,53.81679389312977,46.18320610687023,55029411.5757,30504804.34651,64.33613844750396,35.66386155249604,0.076,count,71076.5
BTC,138203,2026-04-09 15:58:44,SHORT,MODERATE,518,285,233,55.01930501930502,44.98069498069498,58065468.05567,29742547.08971,66.12775378139851,33.87224621860149,0.1,count,72075.5
BTC,138281,2026-04-09 16:31:16,SHORT,MODERATE,530,283,247,53.39622641509434,46.60377358490566,58306841.9409,31300926.7788,65.06895861148858,34.931041388511424,0.068,count,71989.5
BTC,138432,2026-04-09 17:36:22,SHORT,MODERATE,531,281,250,52.91902071563088,47.080979284369114,56708512.426,34173733.04329,62.397789725785735,37.60221027421428,0.058,count,72218.5
BTC,138581,2026-04-09 18:41:29,SHORT,MODERATE,534,285,249,53.37078651685393,46.62921348314607,55107863.95328,37803325.1508,59.31240842429393,40.68759157570609,0.067,count,71820.5
BTC,138738,2026-04-09 19:46:45,SHORT,MODERATE,536,285,251,53.17164179104478,46.82835820895522,55434064.93723,36666233.65078,60.188800456773585,39.811199543226415,0.063,count,72139.5
BTC,138892,2026-04-09 20:51:54,SHORT,MODERATE,534,277,257,51.87265917602997,48.12734082397004,55296136.56684,37421299.80182,59.639414906785525,40.360585093214475,0.037,count,72273.5
BTC,139041,2026-04-09 21:57:02,SHORT,MODERATE,538,279,259,51.85873605947955,48.141263940520446,55204583.40601,37874637.25441,59.3092454087173,40.69075459128269,0.037,count,72246.5
BTC,139109,2026-04-09 22:29:35,SHORT,MODERATE,510,278,232,54.509803921568626,45.490196078431374,55000656.84217,37266479.27642,59.610235188700585,40.389764811299415,0.09,count,72578.5
BTC,139260,2026-04-09 23:34:44,SHORT,MODERATE,515,285,230,55.33980582524271,44.66019417475729,55864714.04815,35397077.23077,61.21369443364614,38.786305566353874,0.107,count,71703.5
BTC,139410,2026-04-10 00:39:49,SHORT,MODERATE,519,286,233,55.10597302504817,44.89402697495183,58133577.33704,35447059.29596,62.12137406697226,37.87862593302775,0.102,count,71820.5
BTC,139552,2026-04-10 01:44:57,SHORT,MODERATE,519,294,225,56.64739884393064,43.35260115606936,58823967.91826,36026874.12825,62.01733864356811,37.98266135643188,0.133,count,72265.5
BTC,139711,2026-04-10 02:50:02,SHORT,MODERATE,523,288,235,55.06692160611855,44.93307839388145,58510568.39606,36116481.16305,61.832814896665056,38.16718510333494,0.101,count,71965.5
BTC,139864,2026-04-10 03:55:06,SHORT,MODERATE,518,284,234,54.826254826254825,45.173745173745175,58459796.77845,36528468.34658,61.54423043888764,38.45576956111237,0.097,count,71836.5
BTC,139942,2026-04-10 04:27:42,SHORT,MODERATE,524,288,236,54.961832061068705,45.038167938931295,58594943.742359996,36575360.71246,61.56851559740114,38.43148440259886,0.099,count,71900.5
BTC,140090,2026-04-10 05:32:46,SHORT,MODERATE,531,293,238,55.1789077212806,44.8210922787194,59003320.58423,32990652.30202,64.13824594485908,35.86175405514093,0.104,count,72230.5
BTC,140246,2026-04-10 06:37:54,SHORT,MODERATE,534,291,243,54.49438202247191,45.50561797752809,58419567.95869,32788291.26195,64.05102417475649,35.9489758252435,0.09,count,71871.5
BTC,140397,2026-04-10 07:43:01,SHORT,MODERATE,544,293,251,53.86029411764706,46.13970588235294,57631133.762380004,34768415.95384,62.37166083533773,37.62833916466227,0.077,count,71687.5
BTC,140549,2026-04-10 08:48:06,SHORT,MODERATE,538,287,251,53.3457249070632,46.6542750929368,56313939.97963,33193232.90615,62.91556102603324,37.08443897396675,0.067,count,71550.5
BTC,140696,2026-04-10 09:53:11,SHORT,MODERATE,544,291,253,53.49264705882353,46.50735294117647,56442000.3779,33055572.61168,63.06539774488791,36.93460225511209,0.07,count,71743.5
BTC,140846,2026-04-10 10:58:17,SHORT,MODERATE,532,287,245,53.94736842105263,46.05263157894737,56502441.98974,30490131.06949,64.95088029097563,35.04911970902436,0.079,count,71894.5
BTC,140920,2026-04-10 11:30:56,SHORT,MODERATE,535,287,248,53.64485981308411,46.35514018691589,56825069.09295,30313485.77562,65.2123152359579,34.78768476404211,0.073,count,72198.5
BTC,141068,2026-04-10 12:36:01,SHORT,MODERATE,527,288,239,54.64895635673624,45.35104364326376,57367422.07984,30432740.18246,65.3386287697929,34.661371230207095,0.093,count,72276.5
BTC,141219,2026-04-10 13:41:11,SHORT,MODERATE,522,287,235,54.98084291187739,45.01915708812261,56014245.59082,28846407.14998,66.00732351412731,33.99267648587269,0.1,count,71934.5
BTC,141372,2026-04-10 14:46:19,SHORT,MODERATE,525,288,237,54.85714285714286,45.14285714285714,56310539.22486,30088326.94288,65.17509051048806,34.82490948951193,0.097,count,72850.5
BTC,141525,2026-04-10 15:51:24,SHORT,MODERATE,528,284,244,53.78787878787878,46.21212121212121,55319074.86921,33025443.82335,62.6174387363194,37.3825612636806,0.076,count,72520.5
BTC,141675,2026-04-10 16:56:31,SHORT,MODERATE,536,293,243,54.66417910447762,45.33582089552239,57693098.213130005,33230072.46748,63.4525806582254,36.547419341774614,0.093,count,72887.5
BTC,141749,2026-04-10 17:29:04,SHORT,MODERATE,540,297,243,55.00000000000001,45.0,57383605.6229,32642403.62535,63.741141145846655,36.25885885415334,0.1,count,72960.5
BTC,141901,2026-04-10 18:34:10,SHORT,MODERATE,544,298,246,54.779411764705884,45.220588235294116,57765796.65762,32318094.78783,64.12444636963744,35.87555363036255,0.096,count,72923.5
BTC,142052,2026-04-10 19:39:19,SHORT,MODERATE,538,292,246,54.27509293680297,45.72490706319702,57257855.456099994,32363080.079069998,63.888928534594754,36.111071465405246,0.086,count,72903.5
BTC,142202,2026-04-10 20:44:31,SHORT,MODERATE,549,297,252,54.09836065573771,45.90163934426229,56528916.01628,33196880.11441,63.001855045056246,36.998144954943754,0.082,count,73107.5
BTC,142353,2026-04-10 21:49:39,SHORT,MODERATE,553,298,255,53.8878842676311,46.1121157323689,57586814.289739996,33309235.4808,63.35458409371301,36.645415906286985,0.078,count,73072.5
BTC,142500,2026-04-10 22:54:41,SHORT,MODERATE,550,299,251,54.36363636363636,45.63636363636363,56594173.099080004,34078549.00997,62.41587522983537,37.58412477016463,0.087,count,72828.5
BTC,142648,2026-04-10 23:59:46,SHORT,MODERATE,547,299,248,54.6617915904936,45.3382084095064,56562423.95192,34132550.1729,62.3655549800095,37.63444501999051,0.093,count,72913.5
BTC,142722,2026-04-11 00:32:21,SHORT,MODERATE,553,302,251,54.61121157323689,45.388788426763114,56692817.8983,33013397.06832,63.19831677146962,36.80168322853037,0.092,count,72827.5
BTC,142871,2026-04-11 01:37:26,SHORT,MODERATE,542,291,251,53.69003690036901,46.309963099631,56358525.24094,32829335.53175,63.19080282077738,36.809197179222615,0.074,count,72801.5
BTC,143018,2026-04-11 02:42:32,SHORT,MODERATE,547,301,246,55.02742230347349,44.97257769652651,57579776.860199995,32624512.75404,63.832637124510136,36.16736287548987,0.101,count,73003.5
BTC,143169,2026-04-11 03:47:40,SHORT,MODERATE,549,304,245,55.373406193078324,44.626593806921676,57691755.51595,31968526.90263,64.34482912580557,35.655170874194425,0.107,count,72937.5
BTC,143321,2026-04-11 04:52:49,SHORT,MODERATE,548,296,252,54.01459854014598,45.98540145985402,57357062.43943,31751575.049399998,64.36756756225776,35.63243243774223,0.08,count,72773.5
BTC,143470,2026-04-11 05:57:53,SHORT,MODERATE,551,299,252,54.264972776769504,45.73502722323049,57510508.44907,31704972.41462,64.46247657056155,35.53752342943844,0.085,count,72683.5
BTC,143545,2026-04-11 06:30:26,SHORT,MODERATE,548,297,251,54.1970802919708,45.8029197080292,57433710.38949,32059123.576390002,64.17688192932538,35.823118070674624,0.084,count,72660.5
BTC,143699,2026-04-11 07:35:29,SHORT,MODERATE,550,299,251,54.36363636363636,45.63636363636363,57541070.29604,32039800.30853,64.23365826621529,35.76634173378471,0.087,count,72778.5
BTC,143854,2026-04-11 08:40:38,SHORT,MODERATE,549,298,251,54.28051001821493,45.71948998178507,57627527.61409,29894076.00589,65.84377482879485,34.15622517120514,0.086,count,72692.5
BTC,143930,2026-04-11 09:13:10,SHORT,MODERATE,549,299,250,54.462659380692166,45.537340619307834,57671004.9075,29882035.07838,65.86979151929026,34.13020848070973,0.089,count,72614.5
BTC,144062,2026-04-13 08:53:18,SHORT,MODERATE,529,312,217,58.97920604914933,41.02079395085066,56942387.8239,27214928.71092,67.66183876637767,32.33816123362234,0.18,count,70572.5
BTC,144209,2026-04-13 09:58:36,SHORT,MODERATE,532,315,217,59.210526315789465,40.78947368421053,57237427.53867,27209215.707059998,67.7793993209602,32.220600679039805,0.184,count,70744.5
BTC,144284,2026-04-13 10:31:18,SHORT,MODERATE,532,315,217,59.210526315789465,40.78947368421053,57240158.031169996,27201745.99033,67.78643695267212,32.21356304732788,0.184,count,70749.5
BTC,144427,2026-04-13 11:36:29,SHORT,MODERATE,535,316,219,59.06542056074766,40.93457943925234,57299113.9727,35465035.6618,61.768597241999444,38.23140275800056,0.181,count,70813.5
BTC,144566,2026-04-13 12:41:33,SHORT,MODERATE,540,325,215,60.18518518518518,39.81481481481482,57296451.1377,35457723.73781,61.77236896840538,38.22763103159462,0.204,count,70777.5
BTC,144707,2026-04-13 13:46:38,SHORT,MODERATE,539,326,213,60.48237476808905,39.51762523191095,57779649.82163,34394040.32419,62.68562073431349,37.314379265686526,0.21,count,70988.5
BTC,144846,2026-04-13 14:51:41,SHORT,MODERATE,545,336,209,61.65137614678899,38.34862385321101,59588685.73161,33799935.18069,63.80722313864013,36.192776861359874,0.233,count,71860.5
BTC,144996,2026-04-13 15:56:42,SHORT,MODERATE,545,330,215,60.550458715596335,39.44954128440367,59924063.67614,30254430.029289998,66.45050412117467,33.54949587882533,0.211,count,71787.5
BTC,145067,2026-04-13 16:29:14,SHORT,MODERATE,559,337,222,60.28622540250447,39.71377459749553,60133462.75316,31847422.79462,65.37604241907773,34.62395758092225,0.206,count,72175.5
BTC,145144,2026-04-13 17:01:48,SHORT,MODERATE,556,328,228,58.992805755395686,41.007194244604314,59586324.87416,31949818.14562,65.09595325781208,34.90404674218793,0.18,count,72107.5
BTC,145287,2026-04-14 07:47:10,SHORT,MODERATE,529,310,219,58.60113421550095,41.39886578449906,71821045.14309,31355665.53069,69.60974494541787,30.390255054582127,0.172,count,74452.5
BTC,145434,2026-04-14 08:52:20,SHORT,MODERATE,537,321,216,59.77653631284916,40.22346368715084,74406488.42258,30907436.88762,70.65208917378895,29.34791082621104,0.196,count,74754.5
BTC,145579,2026-04-14 09:57:26,SHORT,MODERATE,539,319,220,59.183673469387756,40.816326530612244,73924564.05465,30741328.61539,70.6290866764952,29.370913323504787,0.184,count,74472.5
BTC,145653,2026-04-14 10:29:58,SHORT,MODERATE,538,316,222,58.7360594795539,41.2639405204461,73933389.95999,30985193.83091,70.46739222799397,29.532607772006042,0.175,count,74524.5
BTC,145798,2026-04-14 11:35:07,SHORT,MODERATE,542,316,226,58.30258302583026,41.69741697416974,75144889.00132,30947869.622840002,70.82942321023559,29.170576789764414,0.166,count,74302.5
BTC,145943,2026-04-14 12:40:15,SHORT,MODERATE,550,320,230,58.18181818181818,41.81818181818181,70851334.20957,32556881.903669998,68.51615555574647,31.483844444253535,0.164,count,74311.5
BTC,146089,2026-04-14 13:45:21,SHORT,MODERATE,524,317,207,60.49618320610687,39.50381679389313,70919507.45136,30841228.57022,69.6924081173316,30.3075918826684,0.21,count,75102.5
BTC,146238,2026-04-14 14:50:29,SHORT,MODERATE,532,306,226,57.5187969924812,42.4812030075188,69379352.65372,28906735.39289,70.58918920531092,29.41081079468909,0.15,count,75089.5
BTC,146384,2026-04-14 15:55:32,SHORT,MODERATE,536,311,225,58.02238805970149,41.97761194029851,76788760.24271,28994894.26584,72.5903832680535,27.409616731946507,0.16,count,75353.5
BTC,146459,2026-04-14 16:28:08,SHORT,MODERATE,533,299,234,56.09756097560976,43.90243902439025,74562474.44544,30148573.56622,71.20783896379031,28.792161036209702,0.122,count,75271.5
BTC,146602,2026-04-14 17:33:16,SHORT,MODERATE,544,302,242,55.51470588235294,44.48529411764706,73253047.36596,34560339.267,67.94429676468911,32.055703235310894,0.11,count,74542.5
BTC,146745,2026-04-14 18:38:20,SHORT,MODERATE,542,293,249,54.05904059040591,45.94095940959409,72202601.94323,34647257.46806,67.57388576928807,32.42611423071193,0.081,count,74210.5
BTC,146887,2026-04-14 19:43:31,SHORT,MODERATE,530,286,244,53.9622641509434,46.0377358490566,72914310.8428,34776577.65452,67.70703804214092,32.29296195785909,0.079,count,74066.5
BTC,147029,2026-04-14 20:48:44,SHORT,MODERATE,535,292,243,54.57943925233645,45.42056074766355,72540829.34381,30993841.8216,70.06428718734873,29.935712812651268,0.092,count,74133.5
BTC,147171,2026-04-14 21:53:47,SHORT,MODERATE,539,286,253,53.06122448979592,46.93877551020408,71803948.68447,35086622.39991,67.17519417852822,32.824805821471784,0.061,count,74129.5
BTC,147312,2026-04-14 22:58:52,SHORT,MODERATE,532,284,248,53.383458646616546,46.616541353383454,71911936.74006,34641284.26246,67.48921906204907,32.51078093795093,0.068,count,74055.5
BTC,147382,2026-04-14 23:31:29,SHORT,MODERATE,531,286,245,53.86064030131826,46.13935969868173,71315617.67688,35015189.78681,67.06957219452411,32.93042780547589,0.077,count,74106.5
BTC,147525,2026-04-15 00:36:34,SHORT,MODERATE,524,283,241,54.007633587786266,45.99236641221374,71579998.10515,35190340.42867,67.04108939626214,32.95891060373785,0.08,count,74468.5
BTC,147667,2026-04-15 01:41:40,SHORT,MODERATE,522,288,234,55.172413793103445,44.827586206896555,71856747.78553,34402988.61412,67.62368345736522,32.37631654263478,0.103,count,74551.5
BTC,147814,2026-04-15 02:46:48,SHORT,MODERATE,524,289,235,55.152671755725194,44.847328244274806,70670359.26921,32970726.29055,68.18759074890343,31.812409251096568,0.103,count,74210.5
BTC,147965,2026-04-15 03:51:58,SHORT,MODERATE,523,284,239,54.302103250478005,45.69789674952199,70349320.17778,33095985.46835,68.0062954412198,31.993704558780195,0.086,count,74253.5
BTC,148113,2026-04-15 04:57:07,SHORT,MODERATE,534,290,244,54.30711610486891,45.69288389513109,70506508.39071,34207148.87299,67.33267678078872,32.66732321921129,0.086,count,74280.5
BTC,148186,2026-04-15 05:29:43,SHORT,MODERATE,532,289,243,54.3233082706767,45.67669172932331,70488730.45005,33028507.40707,68.093712611751,31.906287388249005,0.086,count,73970.5
BTC,148333,2026-04-15 06:34:48,SHORT,MODERATE,525,284,241,54.095238095238095,45.904761904761905,61041774.85738,38656344.74119,61.22660598129831,38.77339401870169,0.082,count,73906.5
BTC,148479,2026-04-15 07:39:55,SHORT,MODERATE,513,274,239,53.41130604288499,46.588693957115005,57065616.95098,38865830.065349996,59.48582943950169,40.5141705604983,0.068,count,73602.5
BTC,148628,2026-04-15 08:59:48,SHORT,MODERATE,507,271,236,53.4516765285996,46.548323471400394,53581989.57277,35177347.44189,60.36772172365381,39.63227827634619,0.069,count,74083.5
BTC,148704,2026-04-15 09:32:25,SHORT,MODERATE,506,268,238,52.96442687747036,47.03557312252965,50864233.32205,36349645.05146,58.32126064181467,41.67873935818533,0.059,count,73936.5
BTC,148851,2026-04-15 10:37:31,SHORT,MODERATE,519,278,241,53.5645472061657,46.4354527938343,50686805.9702,37250950.6343,57.6394121562185,42.360587843781516,0.071,count,73778.5
BTC,148999,2026-04-15 11:42:40,SHORT,MODERATE,524,281,243,53.62595419847328,46.37404580152672,51359862.70739,41070819.09668,55.565816139125864,44.434183860874136,0.073,count,73956.5
BTC,149146,2026-04-15 12:47:47,SHORT,MODERATE,526,288,238,54.752851711026615,45.247148288973385,52389047.85146,41308252.04419,55.913081710791346,44.08691828920865,0.095,count,74302.5
BTC,149297,2026-04-15 13:52:54,SHORT,MODERATE,542,288,254,53.13653136531366,46.86346863468634,51296648.169860005,44270707.87894,53.67591015457847,46.324089845421526,0.063,count,73805.5
BTC,149440,2026-04-15 14:58:00,SHORT,MODERATE,538,304,234,56.50557620817844,43.49442379182156,52509058.66292,42966101.69574,54.99761243203527,45.00238756796473,0.13,count,74127.5
BTC,149514,2026-04-15 15:30:34,SHORT,MODERATE,540,306,234,56.666666666666664,43.333333333333336,52418339.45604,42933408.92255,54.97365318139238,45.026346818607614,0.133,count,73880.5
BTC,149664,2026-04-15 16:35:38,SHORT,MODERATE,539,302,237,56.029684601113175,43.970315398886825,52464109.89374,37967437.92457,58.015273606892094,41.98472639310792,0.121,count,74028.5
BTC,149741,2026-04-15 17:08:19,SHORT,MODERATE,538,301,237,55.94795539033457,44.05204460966542,52837685.70457,38362791.151370004,57.935755958855616,42.06424404114438,0.119,count,74025.5
BTC,149888,2026-04-16 07:35:43,SHORT,MODERATE,545,325,220,59.63302752293578,40.36697247706422,59801766.88387,39612464.27755,60.15413103861278,39.845868961387225,0.193,count,74826.5
BTC,150039,2026-04-16 08:41:01,SHORT,MODERATE,542,314,228,57.93357933579336,42.066420664206646,60016023.27003,39112586.83231,60.54359403210605,39.45640596789394,0.159,count,74603.5
BTC,150189,2026-04-16 09:46:07,SHORT,MODERATE,535,308,227,57.570093457943926,42.429906542056074,60280464.13008,38685973.15214,60.91000725648007,39.08999274351992,0.151,count,74679.5
BTC,150341,2026-04-16 10:51:22,SHORT,MODERATE,530,301,229,56.79245283018868,43.20754716981132,59215323.46775,38154752.80922,60.8147037898086,39.1852962101914,0.136,count,74277.5
BTC,150492,2026-04-16 11:56:30,SHORT,MODERATE,529,302,227,57.088846880907376,42.911153119092624,59995706.053119995,37875060.52595,61.3009462888485,38.699053711151485,0.142,count,74493.5
BTC,150568,2026-04-16 12:29:03,SHORT,MODERATE,530,302,228,56.9811320754717,43.0188679245283,60512196.22333,38475082.48435,61.131285770597835,38.86871422940217,0.14,count,74641.5
BTC,150719,2026-04-16 13:34:11,SHORT,MODERATE,541,314,227,58.04066543438078,41.95933456561922,71612128.47187,39356858.282970004,64.53346161489266,35.466538385107334,0.161,count,74804.5
BTC,150873,2026-04-16 14:39:18,SHORT,MODERATE,526,300,226,57.03422053231939,42.96577946768061,58875441.72097,37001884.00142,61.407054564123044,38.59294543587696,0.141,count,73845.5
BTC,151024,2026-04-16 15:44:24,SHORT,MODERATE,509,298,211,58.546168958742626,41.45383104125737,59175032.93133,35650878.69543,62.403864003170554,37.596135996829446,0.171,count,74535.5
BTC,151174,2026-04-16 16:49:30,SHORT,MODERATE,521,308,213,59.11708253358925,40.88291746641075,58394133.19171,39141945.33886,59.869264862240655,40.13073513775934,0.182,count,74278.5
BTC,151254,2026-04-17 07:33:19,SHORT,MODERATE,509,297,212,58.349705304518665,41.650294695481335,55714698.0755,34333451.64231,61.872118694383985,38.127881305616015,0.167,count,74918.5
BTC,151403,2026-04-17 08:38:19,SHORT,MODERATE,515,301,214,58.44660194174758,41.55339805825243,56531444.09232,34568714.45249,62.05416652981294,37.945833470187075,0.169,count,75218.5
BTC,151555,2026-04-17 09:43:16,SHORT,MODERATE,489,294,195,60.122699386503065,39.87730061349693,68285318.28895,35708380.4005,65.6629383794361,34.3370616205639,0.202,count,75667.5
BTC,151715,2026-04-17 10:48:11,SHORT,MODERATE,499,296,203,59.318637274549104,40.6813627254509,61502348.446720004,36151937.14837,62.979671677422324,37.020328322577676,0.186,count,75179.5
BTC,151865,2026-04-17 11:53:07,SHORT,MODERATE,505,307,198,60.79207920792079,39.20792079207921,56771297.07208,35493040.16789,61.53113843371977,38.46886156628023,0.216,count,75536.5
BTC,152017,2026-04-17 12:58:03,SHORT,MODERATE,512,310,202,60.546875,39.453125,57731804.0699,36499922.31724,61.26578200712957,38.73421799287041,0.211,count,76120.5
BTC,152094,2026-04-17 13:30:31,SHORT,MODERATE,499,305,194,61.12224448897795,38.877755511022045,57871295.74387,34682193.39245,62.527405810312175,37.472594189687825,0.222,count,76475.5
BTC,152251,2026-04-17 14:35:27,SHORT,MODERATE,504,305,199,60.51587301587301,39.48412698412698,57672498.74846,37601539.63011,60.533278246587145,39.466721753412855,0.21,count,77620.5
BTC,152414,2026-04-17 15:40:23,SHORT,MODERATE,529,305,224,57.655954631379956,42.34404536862004,57653525.16804,38718782.04185,59.82374692189939,40.1762530781006,0.153,count,77637.5
BTC,152563,2026-04-17 16:45:18,SHORT,MODERATE,518,308,210,59.45945945945946,40.54054054054054,55267622.36467,38449743.0346,58.97265904692248,41.02734095307752,0.189,count,77996.5
BTC,152649,2026-04-17 17:17:46,SHORT,MODERATE,510,296,214,58.03921568627452,41.96078431372549,54809910.99959,38669163.19392,58.63334812893912,41.36665187106089,0.161,count,77497.5
BTC,152805,2026-04-18 07:57:09,SHORT,MODERATE,519,287,232,55.29865125240848,44.701348747591524,55140218.90206,39214600.994669996,58.43921800964718,41.560781990352815,0.106,count,76890.5
BTC,152880,2026-04-18 08:29:49,SHORT,MODERATE,506,278,228,54.9407114624506,45.059288537549406,55136795.14307,39202490.10812,58.44521187145044,41.55478812854955,0.099,count,76647.5
BTC,152944,2026-04-21 09:27:42,SHORT,MODERATE,510,306,204,60.0,40.0,54607199.060329996,26706464.68765,67.15623985358371,32.84376014641629,0.2,count,76258.5
BTC,153021,2026-04-21 10:00:23,SHORT,MODERATE,519,313,206,60.308285163776496,39.691714836223504,55536886.6946,26128335.42507,68.00555395933137,31.994446040668628,0.206,count,76333.5
BTC,153101,2026-04-22 06:59:34,SHORT,MODERATE,499,293,206,58.717434869739485,41.28256513026052,51573469.24073,28312508.6655,64.55885074257567,35.44114925742433,0.174,count,77948.5
BTC,153178,2026-04-22 07:32:03,SHORT,MODERATE,501,289,212,57.684630738522955,42.315369261477045,51045030.856469996,28249486.51101,64.37397256598275,35.62602743401725,0.154,count,77817.5
BTC,153246,2026-04-22 08:06:39,SHORT,MODERATE,506,293,213,57.905138339920946,42.094861660079054,51161360.82442,28361663.55449,64.33528053541724,35.664719464582745,0.158,count,78016.5
BTC,153326,2026-04-22 15:29:59,SHORT,MODERATE,514,289,225,56.22568093385214,43.77431906614786,54090014.9775,29017074.74731,65.08471799049471,34.91528200950528,0.125,count,79040.5
BTC,153480,2026-04-22 16:34:55,SHORT,MODERATE,527,288,239,54.64895635673624,45.35104364326376,52710589.390769996,29405032.63375,64.19069610777647,35.809303892223525,0.093,count,78947.5
BTC,153633,2026-04-22 17:39:52,SHORT,MODERATE,541,292,249,53.97412199630314,46.02587800369686,52963967.57876,30532946.31956,63.43224570342554,36.56775429657448,0.079,count,78796.5
BTC,153778,2026-04-23 07:35:10,SHORT,MODERATE,545,291,254,53.39449541284404,46.60550458715596,51214377.9541,32815749.68049,60.947637943391875,39.05236205660812,0.068,count,78116.5
BTC,153929,2026-04-23 08:40:33,SHORT,MODERATE,540,287,253,53.148148148148145,46.85185185185185,51270415.293460004,32757769.51431,61.015735863806356,38.984264136193644,0.063,count,77766.5
BTC,154069,2026-04-23 09:45:44,SHORT,MODERATE,541,290,251,53.60443622920518,46.39556377079482,53703235.594519995,32278697.17885,62.4587443690877,37.5412556309123,0.072,count,77698.5
BTC,154219,2026-04-23 10:51:27,SHORT,MODERATE,533,276,257,51.78236397748592,48.21763602251407,53076519.63689,32924052.82586,61.716472480319105,38.28352751968089,0.036,count,77327.5
BTC,154349,2026-04-23 12:41:43,SHORT,MODERATE,539,284,255,52.69016697588126,47.30983302411874,54040554.03341,32426324.20062,62.49856030091039,37.50143969908961,0.054,count,77768.5
BTC,154498,2026-04-23 13:47:01,SHORT,MODERATE,539,284,255,52.69016697588126,47.30983302411874,54056117.04632,33272277.66727,61.89981760641229,38.100182393587716,0.054,count,77628.5
BTC,154642,2026-04-23 14:52:12,SHORT,MODERATE,546,293,253,53.663003663003664,46.336996336996336,54451756.110539995,34218379.40999,61.409352529897355,38.59064747010265,0.073,count,77894.5
BTC,154783,2026-04-23 15:57:19,SHORT,MODERATE,530,303,227,57.16981132075472,42.83018867924528,56762001.50672,32050666.778449997,63.91205511860313,36.08794488139688,0.143,count,78336.5
BTC,154857,2026-04-23 16:29:56,SHORT,MODERATE,536,304,232,56.71641791044776,43.28358208955223,56676961.406050004,32244498.8452,63.73822612213937,36.261773877860634,0.134,count,78272.5
BTC,154930,2026-04-28 07:54:29,SHORT,MODERATE,522,296,226,56.70498084291188,43.29501915708812,18507173.95711,21371852.88397,46.40828882525658,53.59171117474343,0.134,count,76848.5
BTC,155006,2026-04-28 08:27:11,SHORT,MODERATE,548,307,241,56.02189781021898,43.97810218978102,58938184.87064,29350696.521590002,66.75606706217364,33.243932937826365,0.12,count,76839.5
BTC,155150,2026-04-28 09:32:52,SHORT,MODERATE,542,308,234,56.82656826568265,43.17343173431734,59026772.551359996,29741672.16652,66.49521993874772,33.50478006125227,0.137,count,76685.5
BTC,155306,2026-04-28 10:38:17,SHORT,MODERATE,546,308,238,56.41025641025641,43.58974358974359,59405595.70818,29705996.77519,66.66427347178906,33.33572652821094,0.128,count,76537.5
BTC,155385,2026-04-28 13:55:16,SHORT,MODERATE,534,293,241,54.8689138576779,45.1310861423221,58296498.96084,28846278.15434,66.89768319385466,33.10231680614533,0.097,count,76070.5
BTC,155445,2026-04-28 18:39:45,SHORT,MODERATE,182,97,85,53.2967032967033,46.7032967032967,9854830.453669999,2841822.01288,77.61754903218049,22.382450967819512,0.066,count,76167.5
BTC,155502,2026-04-29 07:39:49,SHORT,MODERATE,509,302,207,59.3320235756385,40.66797642436149,20194179.31379,23538769.49723,46.17612089469117,53.823879105308826,0.187,count,77089.5
BTC,155642,2026-04-29 08:45:33,SHORT,MODERATE,541,318,223,58.78003696857671,41.21996303142329,56618585.66098,28555542.52456,66.47392449693676,33.52607550306323,0.176,count,77019.5
BTC,155790,2026-04-29 09:51:24,SHORT,MODERATE,543,317,226,58.3793738489871,41.62062615101289,57005690.45749,28993990.20872,66.2859327103153,33.7140672896847,0.168,count,77682.5
BTC,155940,2026-04-29 10:57:16,SHORT,MODERATE,524,306,218,58.396946564885496,41.603053435114504,56129193.77395,28424036.55921,66.38326359949528,33.61673640050473,0.168,count,77553.5
BTC,156017,2026-04-29 11:29:57,SHORT,MODERATE,531,308,223,58.00376647834275,41.99623352165725,56007282.87782,28249147.2357,66.47241379958837,33.52758620041163,0.16,count,77467.5
BTC,156156,2026-04-29 14:41:10,SHORT,MODERATE,526,313,213,59.50570342205324,40.49429657794677,62320203.50128,27506897.32985,69.37795267203218,30.622047327967817,0.19,count,76685.5
BTC,156306,2026-04-29 15:46:32,SHORT,MODERATE,509,300,209,58.93909626719057,41.06090373280943,60121976.01213,28582854.944959998,67.7775667496772,32.2224332503228,0.179,count,75975.5
BTC,156380,2026-04-29 16:19:17,SHORT,MODERATE,510,301,209,59.01960784313726,40.98039215686274,59808128.20469,28818945.96015,67.48290944757036,32.51709055242964,0.18,count,75953.5
BTC,156525,2026-05-04 13:50:38,SHORT,MODERATE,508,293,215,57.677165354330704,42.322834645669296,52944364.62218,30802554.63496,63.21947731547885,36.780522684521166,0.154,count,78777.5
BTC,156663,2026-05-04 14:55:59,SHORT,MODERATE,508,290,218,57.08661417322835,42.91338582677165,53414715.82625,31297419.70527,63.054384700731866,36.94561529926812,0.142,count,80367.5
BTC,156731,2026-05-04 15:28:44,SHORT,MODERATE,509,290,219,56.97445972495089,43.02554027504912,50672533.74649,29441158.07684,63.250778478958566,36.749221521041434,0.139,count,79706.5
BTC,156814,2026-05-06 13:32:26,SHORT,MODERATE,503,274,229,54.47316103379721,45.52683896620278,54381593.79933,30620077.95371,63.97708736520832,36.02291263479169,0.089,count,82008.5
BTC,156954,2026-05-06 14:38:21,SHORT,MODERATE,503,283,220,56.2624254473161,43.737574552683895,58798082.680989996,29864175.66858,66.31692421950942,33.68307578049058,0.125,count,81631.5
BTC,157095,2026-05-06 15:44:06,SHORT,MODERATE,514,289,225,56.22568093385214,43.77431906614786,57949162.37197,28959905.05809,66.67792450840017,33.32207549159984,0.125,count,81489.5
BTC,157234,2026-05-06 16:49:33,SHORT,MODERATE,516,289,227,56.007751937984494,43.992248062015506,57903005.09257,29089970.63433,66.56055228452797,33.439447715472035,0.12,count,81609.5
BTC,157306,2026-05-06 17:22:06,SHORT,MODERATE,511,286,225,55.96868884540117,44.031311154598825,57968756.07055,28885370.8924,66.74266162997431,33.25733837002569,0.119,count,81497.5
BTC,157458,2026-05-07 14:46:24,SHORT,MODERATE,505,281,224,55.64356435643565,44.35643564356436,61084912.63054,29141382.85699,67.701895883537,32.29810411646301,0.113,count,80117.5
BTC,157614,2026-05-07 15:52:31,SHORT,MODERATE,510,282,228,55.294117647058826,44.70588235294118,60403903.23951,29273106.28518,67.35717834444458,32.642821655555416,0.106,count,79931.5
BTC,157767,2026-05-07 16:58:06,SHORT,MODERATE,513,284,229,55.36062378167641,44.639376218323584,62582341.29191,28926798.51775,68.38917011140302,31.610829888596975,0.107,count,79726.5
BTC,157842,2026-05-07 17:30:43,SHORT,MODERATE,515,291,224,56.50485436893204,43.49514563106796,62521725.27968,29467670.86954,67.9662307797529,32.033769220247095,0.13,count,79663.5
BTC,157920,2026-05-07 18:03:20,SHORT,MODERATE,518,297,221,57.33590733590733,42.664092664092664,62791792.48847,27759770.51627,69.34368707162251,30.656312928377496,0.147,count,80128.0
BTC,158071,2026-05-08 09:37:39,SHORT,MODERATE,525,308,217,58.666666666666664,41.333333333333336,65118279.146180004,29247150.68358,69.00649873969384,30.99350126030617,0.173,count,79835.5
BTC,158151,2026-05-08 10:10:58,SHORT,MODERATE,527,305,222,57.874762808349146,42.125237191650854,64272287.29629,30169939.46896,68.05460808971414,31.94539191028586,0.157,count,79779.5
BTC,158230,2026-05-08 14:50:51,SHORT,MODERATE,525,311,214,59.238095238095234,40.76190476190476,66094558.556540005,30128821.56053,68.68866846719183,31.31133153280816,0.185,count,80205.5
BTC,158314,2026-05-08 15:23:26,SHORT,MODERATE,529,312,217,58.97920604914933,41.02079395085066,66083021.59024,29338688.90582,69.25365437980552,30.746345620194482,0.18,count,79804.5
BTC,158396,2026-05-11 07:39:41,SHORT,MODERATE,495,304,191,61.41414141414141,38.58585858585858,70183647.55528,28879416.08062,70.84744301189346,29.152556988106546,0.228,count,80705.5
BTC,158549,2026-05-11 08:45:02,SHORT,MODERATE,493,301,192,61.05476673427992,38.94523326572008,69487414.36428,29038049.02879,70.52736619675473,29.47263380324528,0.221,count,80818.5
BTC,158628,2026-05-11 09:17:37,SHORT,MODERATE,502,308,194,61.354581673306775,38.645418326693225,69858814.84595,29154135.99587,70.55522964622504,29.444770353774974,0.227,count,80915.5
BTC,158705,2026-05-11 15:36:11,SHORT,MODERATE,338,200,138,59.171597633136095,40.828402366863905,12918542.6186,7904720.40932,62.038992646247195,37.9610073537528,0.183,count,81201.5
BTC,158780,2026-05-11 16:08:45,SHORT,MODERATE,511,303,208,59.295499021526425,40.704500978473575,72281683.00726,29369479.66917,71.10758116691966,28.892418833080345,0.186,count,81459.5
BTC,158946,2026-05-12 08:53:32,SHORT,MODERATE,506,285,221,56.32411067193676,43.67588932806324,66211186.947340004,29863110.65938,68.91664950638037,31.083350493619637,0.126,count,80831.5
BTC,159100,2026-05-12 09:58:50,SHORT,MODERATE,502,282,220,56.17529880478087,43.82470119521912,66249321.73425,29798515.59781,68.9753393459662,31.02466065403379,0.124,count,80799.5
BTC,159177,2026-05-12 10:31:24,SHORT,MODERATE,500,281,219,56.2,43.8,65806714.3572,29958606.82969,68.71664350060026,31.28335649939975,0.124,count,80654.5
BTC,159327,2026-05-12 13:40:13,SHORT,MODERATE,498,279,219,56.024096385542165,43.97590361445783,67277043.95528,27423574.98761,71.04182074654865,28.95817925345136,0.12,count,80757.5
BTC,159475,2026-05-12 14:45:21,SHORT,MODERATE,488,275,213,56.35245901639344,43.64754098360656,68921724.64912,27438230.82921,71.52527656015732,28.474723439842677,0.127,count,80714.5
BTC,159627,2026-05-12 15:50:28,SHORT,MODERATE,487,271,216,55.64681724845995,44.35318275154005,68813351.32612,27634587.56015,71.3476639529474,28.6523360470526,0.113,count,80266.5
BTC,159700,2026-05-12 16:23:02,SHORT,MODERATE,489,275,214,56.23721881390593,43.76278118609407,68844818.36592,27539091.50704,71.42770868774858,28.572291312251437,0.125,count,80302.5
BTC,159766,2026-05-13 18:28:38,SHORT,MODERATE,490,300,190,61.224489795918366,38.775510204081634,56496531.24204,24506249.017,69.74641001379076,30.25358998620924,0.224,count,79717.5
BTC,159841,2026-05-13 19:01:18,SHORT,MODERATE,492,298,194,60.56910569105691,39.43089430894309,57180356.29988,24436585.03085,70.0594207128793,29.940579287120705,0.211,count,79574.5
BTC,159975,2026-05-18 07:56:55,SHORT,MODERATE,487,277,210,56.87885010266941,43.121149897330596,48622541.20416,25770815.31838,65.35871410698904,34.64128589301096,0.138,count,77019.5
BTC,160043,2026-05-18 08:29:30,SHORT,MODERATE,485,279,206,57.52577319587628,42.47422680412371,48904188.72705,25668809.52101,65.57894931939688,34.4210506806031,0.151,count,76991.5
BTC,160177,2026-05-18 09:35:37,SHORT,MODERATE,477,272,205,57.023060796645694,42.9769392033543,17918787.41499,20179893.64739,47.03256626036761,52.96743373963238,0.14,count,76946.5
BTC,160312,2026-05-18 10:40:44,SHORT,MODERATE,492,275,217,55.894308943089435,44.105691056910565,49197431.23022,25692512.029430002,65.69297436859873,34.30702563140128,0.118,count,76809.5
BTC,160334,2026-05-18 12:43:21,LONG,MODERATE,69,33,36,47.82608695652174,52.17391304347826,858754.01844,1058342.91063,44.79450180208618,55.20549819791382,0.043,count,77678.5
BTC,160452,2026-05-18 13:48:30,SHORT,MODERATE,491,280,211,57.0264765784114,42.973523421588595,50536638.32484,25723598.0082,66.26866209034398,33.73133790965603,0.141,count,76958.5
BTC,160600,2026-05-18 14:53:36,SHORT,MODERATE,491,274,217,55.80448065173116,44.19551934826884,49863276.496070005,26401483.612910002,65.38180468255183,34.61819531744818,0.116,count,76382.5
BTC,160731,2026-05-18 15:58:47,SHORT,MODERATE,483,274,209,56.7287784679089,43.2712215320911,49976128.8592,26457992.75802,65.3845792975539,34.6154207024461,0.135,count,76402.5
BTC,160800,2026-05-18 16:31:22,SHORT,MODERATE,490,278,212,56.734693877551024,43.26530612244898,50428975.87563,26931965.47502,65.18661096308685,34.81338903691315,0.135,count,76266.5
BTC,160868,2026-05-18 17:03:57,SHORT,MODERATE,500,286,214,57.199999999999996,42.8,50435141.6708,26973940.47687,65.1540365439123,34.8459634560877,0.144,count,76518.5
BTC,161010,2026-05-19 08:57:14,SHORT,MODERATE,501,280,221,55.88822355289421,44.11177644710579,49268116.96232,27248625.60378,64.38867535397117,35.611324646028834,0.118,count,77080.5
BTC,161078,2026-05-19 09:29:54,SHORT,MODERATE,500,281,219,56.2,43.8,49243774.24775,26917963.63319,64.65684163448377,35.343158365516246,0.124,count,76769.5
BTC,161215,2026-05-19 10:34:57,SHORT,MODERATE,509,288,221,56.581532416502945,43.418467583497055,49625163.63139,27490306.98441,64.35176137176089,35.64823862823911,0.132,count,76907.5
BTC,161284,2026-05-19 11:07:31,SHORT,MODERATE,508,286,222,56.2992125984252,43.7007874015748,49529703.53684,27637075.92438,64.18526713523278,35.81473286476722,0.126,count,76990.5
BTC,161350,2026-05-19 13:43:27,SHORT,MODERATE,506,287,219,56.7193675889328,43.280632411067195,49751589.76358,24760029.39418,66.77024379009033,33.22975620990968,0.134,count,76795.5
BTC,161492,2026-05-19 14:48:35,SHORT,MODERATE,514,284,230,55.252918287937746,44.74708171206226,49448412.31284,24393845.51569,66.96492464743528,33.03507535256471,0.105,count,76164.5
BTC,161627,2026-05-19 15:53:43,SHORT,MODERATE,512,293,219,57.2265625,42.7734375,49091833.37473,23843055.22015,67.30912231512784,32.69087768487216,0.145,count,76543.5
BTC,161693,2026-05-20 07:34:04,SHORT,MODERATE,509,300,209,58.93909626719057,41.06090373280943,49878782.87854,24171831.209149998,67.35768972756127,32.642310272438735,0.179,count,77327.5
BTC,161837,2026-05-20 08:39:12,SHORT,MODERATE,511,297,214,58.121330724070454,41.878669275929546,49821551.89128,24543744.29272,66.99570155413342,33.004298445866596,0.162,count,77428.5
BTC,161976,2026-05-20 09:44:16,SHORT,MODERATE,512,300,212,58.59375,41.40625,50535507.96148,25228442.40426,66.70125794329205,33.298742056707944,0.172,count,77485.5
BTC,162116,2026-05-20 10:49:22,SHORT,MODERATE,510,299,211,58.62745098039216,41.37254901960784,49599231.32785,25450244.89164,66.08871084295365,33.91128915704636,0.173,count,77522.5
BTC,162211,2026-05-20 14:47:23,SHORT,MODERATE,49,27,22,55.10204081632652,44.89795918367347,37681956.327929996,11855493.43839,76.0676145132315,23.932385486768492,0.102,count,77139.5
BTC,162338,2026-05-20 15:52:25,SHORT,MODERATE,499,288,211,57.71543086172345,42.28456913827655,49445050.9203,27360318.47826,64.37707585744262,35.622924142557366,0.154,count,77535.5
BTC,162408,2026-05-20 16:24:57,SHORT,MODERATE,498,289,209,58.032128514056225,41.967871485943775,48971298.89624,27166530.33788,64.31927386011455,35.680726139885444,0.161,count,77216.5
BTC,162544,2026-05-21 07:51:19,SHORT,MODERATE,501,299,202,59.68063872255489,40.31936127744511,45449344.41522,25303060.055800002,64.23717293429361,35.7628270657064,0.194,count,77767.5
BTC,162691,2026-05-21 08:56:25,SHORT,MODERATE,503,299,204,59.443339960238575,40.55666003976143,45646665.43688,23292144.46543,66.21330641124177,33.78669358875823,0.189,count,77912.5
BTC,162763,2026-05-21 09:29:09,SHORT,MODERATE,504,302,202,59.92063492063492,40.07936507936508,46106901.56688,23279680.69842,66.44930483906816,33.550695160931845,0.198,count,77897.5
BTC,162916,2026-05-21 10:34:20,SHORT,MODERATE,489,291,198,59.50920245398773,40.49079754601227,44859024.58026,25277268.65778,63.95978816275637,36.04021183724363,0.19,count,77389.5
BTC,162991,2026-05-21 13:51:21,SHORT,MODERATE,485,280,205,57.73195876288659,42.2680412371134,44584165.62286,25313820.04594,63.784621539903405,36.215378460096595,0.155,count,76844.5
BTC,163131,2026-05-21 14:56:24,SHORT,MODERATE,496,293,203,59.07258064516129,40.92741935483871,45187175.94995,22899783.73091,66.36685814986187,33.63314185013813,0.181,count,76964.5
BTC,163203,2026-05-21 15:28:58,SHORT,MODERATE,493,292,201,59.2292089249493,40.77079107505071,44951436.670549996,23402516.45264,65.76274614218269,34.23725385781731,0.185,count,77222.5
BTC,163343,2026-05-21 16:34:04,SHORT,MODERATE,500,295,205,59.0,41.0,44340978.23739,27047385.61076,62.1123329450547,37.88766705494529,0.18,count,77252.5
BTC,163479,2026-05-22 07:39:43,SHORT,MODERATE,489,291,198,59.50920245398773,40.49079754601227,50987735.36642,29114670.37796,63.65318855607194,36.34681144392806,0.19,count,77439.5
BTC,163621,2026-05-22 08:44:46,SHORT,MODERATE,481,287,194,59.66735966735966,40.33264033264034,51098037.87073,32499533.05973,61.12383087450651,38.876169125493476,0.193,count,77290.5
BTC,163760,2026-05-22 09:49:50,SHORT,MODERATE,490,292,198,59.591836734693885,40.40816326530612,49885469.54157,33147399.85779,60.07918298190778,39.92081701809222,0.192,count,77278.5
BTC,163827,2026-05-22 13:45:49,SHORT,MODERATE,489,298,191,60.940695296523515,39.059304703476485,50639357.5794,24898941.97467,67.0379898387209,32.9620101612791,0.219,count,77238.5
BTC,163966,2026-05-22 14:50:57,SHORT,MODERATE,493,294,199,59.63488843813387,40.36511156186612,50532200.34917,27950835.51591,64.38614382353887,35.613856176461134,0.193,count,76747.5
BTC,164103,2026-05-22 15:56:04,SHORT,MODERATE,485,289,196,59.58762886597938,40.41237113402062,49643197.90176,25184110.53215,66.34369047980196,33.65630952019804,0.192,count,76775.5
BTC,164174,2026-05-22 16:28:36,SHORT,MODERATE,482,287,195,59.54356846473029,40.45643153526971,49668629.17098,25397969.49647,66.16608458712152,33.83391541287848,0.191,count,76860.5
BTC,164251,2026-05-23 07:47:30,SHORT,MODERATE,458,247,211,53.930131004366814,46.069868995633186,42402017.56625,27855013.66409,60.35270324365625,39.64729675634374,0.079,count,74979.5
BTC,164381,2026-05-23 08:52:36,SHORT,MODERATE,448,245,203,54.6875,45.3125,42372866.443,26528528.1955,61.49783566111351,38.502164338886494,0.094,count,74624.5
BTC,164519,2026-05-23 09:57:44,SHORT,MODERATE,449,250,199,55.67928730512249,44.32071269487751,42436930.20306,25212511.529090002,62.73064361873676,37.269356381263236,0.114,count,74643.5
BTC,164587,2026-05-23 10:30:17,SHORT,MODERATE,450,253,197,56.222222222222214,43.77777777777778,42433421.36914,25243297.23833,62.70017554375973,37.29982445624026,0.124,count,74698.5
BTC,164652,2026-05-25 07:29:47,SHORT,MODERATE,464,263,201,56.68103448275862,43.31896551724138,40985970.92337,21317328.57857,65.78459126726311,34.21540873273689,0.134,count,77176.5
BTC,164794,2026-05-25 08:34:57,SHORT,MODERATE,463,261,202,56.371490280777536,43.628509719222464,41031188.87365,22815136.786879998,64.26554456996044,35.73445543003955,0.127,count,77279.5
BTC,164931,2026-05-25 09:40:04,SHORT,MODERATE,467,267,200,57.17344753747323,42.82655246252677,41307358.36886,22606191.26756,64.63004887671227,35.36995112328774,0.143,count,77562.5
BTC,165066,2026-05-25 10:45:17,SHORT,MODERATE,471,270,201,57.324840764331206,42.675159235668794,41249258.77582,22688557.91331,64.51465018953758,35.48534981046242,0.146,count,77476.5
BTC,165136,2026-05-25 11:17:53,SHORT,MODERATE,467,264,203,56.53104925053534,43.46895074946467,41113113.07983,22945552.08631,64.18040865072768,35.819591349272315,0.131,count,77390.5
BTC,165201,2026-05-25 13:53:44,SHORT,MODERATE,477,275,202,57.65199161425576,42.34800838574424,42880775.71963,22922201.07937,65.16540406767989,34.834595932320106,0.153,count,77291.5
BTC,165340,2026-05-25 15:39:58,SHORT,MODERATE,461,261,200,56.61605206073753,43.38394793926248,40954079.61521,22394425.42572,64.64884939076182,35.351150609238175,0.132,count,77625.5
BTC,165479,2026-05-26 07:34:22,SHORT,MODERATE,462,260,202,56.27705627705628,43.722943722943725,43314016.73153,22769505.2421,65.54435271899408,34.45564728100592,0.126,count,76624.5
BTC,165613,2026-05-26 08:39:37,SHORT,MODERATE,466,264,202,56.65236051502146,43.34763948497854,43611502.70471,22808615.96859,65.66007946962799,34.33992053037201,0.133,count,76794.5
BTC,165750,2026-05-26 09:44:38,SHORT,MODERATE,470,264,206,56.17021276595745,43.829787234042556,43388869.11496,22754689.69366,65.5980263180297,34.4019736819703,0.123,count,76652.5
BTC,165885,2026-05-26 10:49:53,SHORT,MODERATE,459,260,199,56.644880174291934,43.35511982570806,41837313.637320004,23332525.85524,64.19735565268086,35.80264434731916,0.133,count,77520.5
BTC,165907,2026-05-26 13:32:12,SHORT,MODERATE,93,50,43,53.76344086021505,46.236559139784944,2191940.83519,1848970.68234,54.24372262745857,45.75627737254144,0.075,count,76766.5
BTC,166036,2026-05-26 14:37:17,SHORT,MODERATE,453,266,187,58.719646799117,41.280353200883,42870520.90043,23846960.95025,64.25680303159261,35.74319696840738,0.174,count,77318.5
BTC,166103,2026-05-26 15:09:50,SHORT,MODERATE,455,267,188,58.681318681318686,41.318681318681314,42281355.97721,24106416.41779,63.688469204299466,36.311530795700534,0.174,count,76833.5
BTC,166175,2026-05-27 06:59:56,SHORT,MODERATE,453,264,189,58.27814569536424,41.72185430463576,47194714.6865,24073358.320439998,66.22139858040534,33.77860141959467,0.166,count,75793.5
BTC,166242,2026-05-27 07:32:30,SHORT,MODERATE,454,265,189,58.370044052863435,41.629955947136565,47127824.63849,24080329.87137,66.18318500581888,33.81681499418113,0.167,count,75837.5
BTC,166381,2026-05-27 08:37:39,SHORT,MODERATE,452,265,187,58.62831858407079,41.3716814159292,47629604.57264,24042409.34665,66.45495496509389,33.5450450349061,0.173,count,75961.5
BTC,166518,2026-05-27 09:42:45,SHORT,MODERATE,452,261,191,57.743362831858406,42.256637168141594,47805640.0802,24289257.82819,66.30932488585528,33.69067511414473,0.155,count,75900.5
BTC,166657,2026-05-27 10:47:54,SHORT,MODERATE,457,266,191,58.20568927789934,41.79431072210066,47592258.340789996,24568265.24344,65.95331626888422,34.04668373111578,0.164,count,75856.5
BTC,166725,2026-05-27 12:42:42,SHORT,MODERATE,460,275,185,59.78260869565217,40.21739130434783,48324537.64171,24762608.209,66.11906523264591,33.88093476735409,0.196,count,75885.5
BTC,166869,2026-05-27 13:47:43,SHORT,MODERATE,451,257,194,56.98447893569845,43.01552106430155,48802578.45382,25228125.87429,65.92207773348079,34.07792226651922,0.14,count,74875.5
BTC,167005,2026-05-27 14:52:51,SHORT,MODERATE,464,265,199,57.11206896551724,42.887931034482754,49149411.65136,26678977.26346,64.81663708636987,35.18336291363013,0.142,count,75054.5
BTC,167075,2026-05-27 15:25:24,SHORT,MODERATE,466,265,201,56.866952789699575,43.13304721030043,47263163.01939,27591608.31252,63.1398135061059,36.8601864938941,0.137,count,75337.5
BTC,167143,2026-05-28 06:55:18,SHORT,MODERATE,432,247,185,57.17592592592593,42.824074074074076,14281315.05456,18595217.34356,43.43923769581203,56.56076230418796,0.144,count,73096.5
BTC,167276,2026-05-28 07:52:45,SHORT,MODERATE,446,261,185,58.52017937219731,41.47982062780269,49121836.844459996,26832396.72463,64.672941238723,35.327058761276994,0.17,count,73360.5
BTC,167405,2026-06-04 14:33:12,SHORT,MODERATE,421,246,175,58.432304038004744,41.56769596199525,46899809.11956,21141504.37586,68.92842996441702,31.071570035582972,0.169,count,63957.5
BTC,167535,2026-06-05 07:42:47,SHORT,MODERATE,378,215,163,56.87830687830689,43.12169312169312,47620692.566080004,19030723.88518,71.44738266875912,28.55261733124088,0.138,count,62808.5
BTC,167659,2026-06-05 08:47:49,SHORT,MODERATE,384,216,168,56.25,43.75,48776702.55359,19802705.9944,71.12441414460055,28.87558585539945,0.125,count,62485.5
BTC,167786,2026-06-05 09:52:52,SHORT,MODERATE,389,220,169,56.555269922879184,43.44473007712082,49375153.20322,19951381.72623,71.22114678523384,28.778853214766148,0.131,count,62909.5
BTC,167851,2026-06-05 10:25:27,SHORT,MODERATE,391,219,172,56.01023017902813,43.98976982097187,48510865.512099996,19939539.56703,70.87009266931364,29.129907330686365,0.12,count,62548.5
BTC,167974,2026-06-08 14:45:55,SHORT,MODERATE,429,251,178,58.5081585081585,41.49184149184149,38931238.822629996,15482974.56724,71.54608400509859,28.4539159949014,0.17,count,63869.5
BTC,168041,2026-06-09 08:36:37,SHORT,MODERATE,416,238,178,57.21153846153846,42.78846153846153,37972228.36617,16473886.72015,69.74276916905465,30.257230830945346,0.144,count,62884.5
BTC,168173,2026-06-09 09:41:44,SHORT,MODERATE,415,234,181,56.3855421686747,43.6144578313253,38486942.05446,16363085.3884,70.16758942291098,29.83241057708903,0.128,count,62632.5
BTC,168301,2026-06-09 10:46:46,SHORT,MODERATE,418,235,183,56.2200956937799,43.7799043062201,38638739.40053,16506465.04063,70.0672702043522,29.932729795647813,0.124,count,62684.5
BTC,168417,2026-06-12 07:53:19,SHORT,MODERATE,414,232,182,56.038647342995176,43.96135265700483,37408387.24021,16810573.11633,68.99502866564598,31.004971334354032,0.121,count,62987.5
BTC,168540,2026-06-12 08:58:29,SHORT,MODERATE,414,235,179,56.763285024154584,43.23671497584541,37198752.89542,16722757.31977,68.98685282917187,31.01314717082813,0.135,count,63448.5
BTC,168601,2026-06-15 07:50:44,SHORT,MODERATE,429,255,174,59.44055944055944,40.55944055944056,35828689.1232,20038842.79295,64.13150517723652,35.86849482276348,0.189,count,65650.5
BTC,168730,2026-06-15 08:55:53,SHORT,MODERATE,430,254,176,59.06976744186046,40.93023255813954,35374890.06255,20059721.85977,63.81372365719905,36.18627634280095,0.181,count,65690.5
BTC,168796,2026-06-15 09:28:28,SHORT,MODERATE,431,255,176,59.164733178654295,40.835266821345705,36184914.67202,20098266.359840002,64.29081300777393,35.709186992226066,0.183,count,65648.5
BTC,168860,2026-06-15 10:01:05,SHORT,MODERATE,434,256,178,58.986175115207374,41.013824884792626,36389498.31997,20079554.36867,64.441488899442,35.55851110055801,0.18,count,65589.5
BTC,168923,2026-06-15 18:47:12,SHORT,MODERATE,438,256,182,58.44748858447488,41.55251141552511,36811542.41909,20762045.40785,63.93824635306997,36.061753646930036,0.169,count,66775.5
BTC,168987,2026-06-15 19:19:44,SHORT,MODERATE,438,257,181,58.675799086758,41.32420091324201,36877712.84293,20127256.75792,64.69210158543811,35.30789841456188,0.174,count,66409.0
BTC,169063,2026-06-17 07:37:16,SHORT,MODERATE,430,241,189,56.04651162790698,43.95348837209303,36011741.16171,19290252.62062,65.11834148955478,34.88165851044522,0.121,count,65522.5
BTC,169202,2026-06-17 08:42:25,SHORT,MODERATE,417,221,196,52.99760191846523,47.00239808153477,35500394.819809996,20201726.03685,63.73257296820757,36.267427031792444,0.06,count,65019.5
BTC,169270,2026-06-17 09:57:16,SHORT,MODERATE,347,181,166,52.1613832853026,47.83861671469741,14098442.56841,8243274.65137,63.10366580026398,36.896334199736025,0.043,count,64836.5
BTC,169330,2026-06-17 10:29:52,SHORT,MODERATE,422,227,195,53.79146919431279,46.208530805687204,34958744.71077,20276139.01408,63.29106237448667,36.70893762551333,0.076,count,64914.5
BTC,169397,2026-06-17 11:02:30,SHORT,MODERATE,424,227,197,53.5377358490566,46.4622641509434,35281406.84159,20450587.10542,63.30548100456548,36.694518995434514,0.071,count,64746.5
BTC,169525,2026-06-17 14:52:17,SHORT,MODERATE,425,236,189,55.529411764705884,44.470588235294116,35890383.72361,22693481.93442,61.2632562233294,38.73674377667059,0.111,count,65151.5
BTC,169659,2026-06-17 15:57:21,SHORT,MODERATE,423,233,190,55.08274231678487,44.91725768321513,35552325.501329996,22586877.62302,61.15034880214911,38.849651197850896,0.102,count,65739.5
BTC,169728,2026-06-17 16:29:53,SHORT,MODERATE,413,233,180,56.416464891041166,43.583535108958834,35335033.285569996,21922037.09203,61.71296060476349,38.2870393952365,0.128,count,66273.5
BTC,169857,2026-06-17 17:35:00,SHORT,MODERATE,414,236,178,57.00483091787439,42.99516908212561,35870970.8301,20266411.13389,63.89854598689669,36.1014540131033,0.14,count,65919.5
BTC,169927,2026-06-18 07:52:38,SHORT,MODERATE,415,231,184,55.662650602409634,44.33734939759036,34125833.62002,21654296.37722,61.17919341835264,38.82080658164736,0.113,count,64435.5
BTC,170056,2026-06-18 08:57:46,SHORT,MODERATE,418,231,187,55.26315789473685,44.73684210526316,34070048.23996,22039556.846979998,60.72052759446368,39.27947240553632,0.105,count,64371.5
BTC,170123,2026-06-18 09:30:22,SHORT,MODERATE,421,231,190,54.86935866983374,45.13064133016627,33956871.03355,22524728.4854,60.12023618799467,39.87976381200533,0.097,count,64212.5
BTC,170254,2026-06-18 10:35:35,SHORT,MODERATE,417,226,191,54.196642685851316,45.80335731414868,33942448.81286,22637124.06833,59.99064164753396,40.00935835246604,0.084,count,63998.5
BTC,170313,2026-06-19 06:44:45,SHORT,MODERATE,414,236,178,57.00483091787439,42.99516908212561,34359339.84483,20977117.6746,62.09168671985479,37.90831328014522,0.14,count,62798.5
BTC,170379,2026-06-19 07:17:16,SHORT,MODERATE,415,235,180,56.62650602409639,43.373493975903614,34417268.8001,20971093.1232,62.13808750610808,37.86191249389192,0.133,count,62735.5
BTC,170443,2026-06-19 08:30:57,SHORT,MODERATE,409,233,176,56.96821515892421,43.03178484107579,33776256.534889996,20816455.08013,61.86953447756055,38.13046552243946,0.139,count,62665.5
BTC,170567,2026-06-19 09:36:05,SHORT,MODERATE,411,235,176,57.17761557177615,42.82238442822384,33522992.70534,19442369.00799,63.29229447498164,36.70770552501836,0.144,count,62421.5
BTC,170692,2026-06-19 10:41:10,SHORT,MODERATE,421,242,179,57.482185273159146,42.517814726840854,34214781.55481,19144054.30608,64.12205401933842,35.87794598066159,0.15,count,62389.5
BTC,170819,2026-06-19 17:59:13,SHORT,MODERATE,435,252,183,57.931034482758626,42.06896551724138,34282564.88212,20681620.846,62.37255119487896,37.62744880512104,0.159,count,63187.5
BTC,170946,2026-06-22 07:37:26,SHORT,MODERATE,405,231,174,57.03703703703704,42.96296296296296,34938840.01088,21242595.6397,62.1892972407858,37.810702759214195,0.141,count,64289.5
BTC,170971,2026-06-22 08:20:43,SHORT,MODERATE,81,47,34,58.0246913580247,41.9753086419753,21305410.83242,13538440.2343,61.14539633298223,38.85460366701777,0.16,count,64289.5
BTC,171029,2026-06-22 16:31:30,SHORT,MODERATE,221,114,107,51.58371040723983,48.41628959276018,5601039.3806,2620298.0168,68.12808074719486,31.87191925280515,0.032,count,64631.5
BTC,171143,2026-06-22 17:36:38,SHORT,MODERATE,408,225,183,55.14705882352941,44.85294117647059,35599035.71127,18683614.14311,65.58087309070001,34.4191269093,0.103,count,64410.5
BTC,171202,2026-06-25 14:32:03,SHORT,MODERATE,386,220,166,56.994818652849744,43.005181347150256,47368803.00787,23394924.257149998,66.93938383215351,33.06061616784649,0.14,count,59166.5
BTC,171323,2026-06-25 15:37:31,SHORT,MODERATE,389,231,158,59.383033419023135,40.616966580976865,45627122.70269,18156472.08,71.53426027200427,28.465739727995732,0.188,count,59327.5
BTC,171446,2026-06-25 16:42:46,SHORT,MODERATE,383,241,142,62.92428198433421,37.0757180156658,38049659.79088,18403792.80227,67.4000580001672,32.59994199983279,0.258,count,59271.5
BTC,171576,2026-06-25 17:47:54,SHORT,MODERATE,384,233,151,60.677083333333336,39.32291666666667,39837193.53742,24731111.57868,61.69775320226991,38.302246797730085,0.214,count,59482.5
BTC,171645,2026-06-25 18:20:31,SHORT,MODERATE,383,228,155,59.530026109660575,40.469973890339425,37953680.41431,32447904.25342,53.91026436895936,46.08973563104064,0.191,count,59664.5
BTC,171706,2026-06-26 07:09:27,SHORT,MODERATE,381,233,148,61.15485564304461,38.84514435695538,40242199.99216,30401341.89129,56.96515055622902,43.03484944377098,0.223,count,60349.5
BTC,171835,2026-06-26 08:56:32,SHORT,MODERATE,392,232,160,59.183673469387756,40.816326530612244,36560110.76247,23870879.10218,60.49894407547406,39.50105592452594,0.184,count,60165.5
BTC,171898,2026-06-26 09:29:10,SHORT,MODERATE,392,233,159,59.43877551020408,40.56122448979592,36189699.21817,24375002.07369,59.75378140440686,40.24621859559315,0.189,count,60093.5
BTC,172026,2026-06-26 10:35:50,SHORT,MODERATE,395,228,167,57.72151898734177,42.278481012658226,36056545.93277,23916331.07037,60.12142110654819,39.8785788934518,0.154,count,59768.5
BTC,172051,2026-06-26 11:14:28,SHORT,MODERATE,163,101,62,61.963190184049076,38.036809815950924,33201016.83791,18720874.52329,63.94415913500472,36.05584086499527,0.239,count,59768.5
BTC,172108,2026-06-26 18:39:54,SHORT,MODERATE,387,231,156,59.68992248062015,40.310077519379846,35886725.079560004,21075145.61096,63.00131060395901,36.99868939604098,0.194,count,59729.5
BTC,172168,2026-06-29 07:29:16,SHORT,MODERATE,399,249,150,62.40601503759399,37.59398496240601,46079825.42983,18189330.40964,71.69819616882337,28.30180383117663,0.248,count,60100.5
BTC,172302,2026-06-29 08:34:42,SHORT,MODERATE,404,252,152,62.37623762376238,37.62376237623762,45977463.746810004,17808593.13616,72.08074302377099,27.919256976229,0.248,count,59837.5
BTC,172433,2026-06-29 09:35:29,SHORT,MODERATE,404,254,150,62.87128712871287,37.12871287128713,46146261.37761,18186708.77367,71.73034490572459,28.269655094275397,0.257,count,59915.5
BTC,172567,2026-06-29 10:40:59,SHORT,MODERATE,409,255,154,62.34718826405869,37.65281173594132,46639661.82993,18716768.26636,71.36200946290292,28.63799053709708,0.247,count,60084.5
BTC,172637,2026-06-29 13:57:29,SHORT,MODERATE,414,259,155,62.56038647342995,37.43961352657005,50667750.12789,16453442.75241,75.48696313882249,24.513036861177522,0.251,count,59388.0
BTC,172703,2026-06-29 14:32:03,SHORT,MODERATE,408,258,150,63.23529411764706,36.76470588235294,36637316.52953,15210583.89468,70.66306683543635,29.33693316456365,0.265,count,59436.5
BTC,172763,2026-06-30 06:42:12,SHORT,MODERATE,419,278,141,66.34844868735084,33.65155131264916,52028176.15461,13104164.79759,79.8807096351611,20.119290364838907,0.327,count,59532.5
BTC,172897,2026-06-30 07:47:34,SHORT,MODERATE,423,281,142,66.43026004728132,33.56973995271868,52050099.55668,14358421.547699999,78.37864582900194,21.62135417099807,0.329,count,59516.5
BTC,173032,2026-06-30 08:52:51,SHORT,MODERATE,417,274,143,65.70743405275779,34.2925659472422,51828593.87632,14979445.65166,77.57837865398454,22.421621346015446,0.314,count,59252.5
BTC,173165,2026-06-30 09:58:08,SHORT,MODERATE,422,278,144,65.87677725118483,34.12322274881517,52223208.7367,15210518.11974,77.4437528091518,22.556247190848207,0.318,count,59349.5
BTC,173230,2026-06-30 10:30:50,SHORT,MODERATE,425,279,146,65.64705882352942,34.35294117647059,52380605.45617,15224842.97764,77.47985801389058,22.520141986109422,0.313,count,59341.5
BTC,173313,2026-07-07 06:36:45,SHORT,MODERATE,390,241,149,61.794871794871796,38.205128205128204,44836081.046620004,16985336.20081,72.5251588250897,27.47484117491031,0.236,count,63233.5
BTC,173454,2026-07-07 07:41:54,SHORT,MODERATE,388,247,141,63.65979381443299,36.340206185567006,51542291.73916,16251027.6299,76.02857068934618,23.971429310653818,0.273,count,63129.5
BTC,173599,2026-07-07 08:47:00,SHORT,MODERATE,393,253,140,64.3765903307888,35.6234096692112,52579164.577479996,16007490.02701,76.66092606598416,23.33907393401584,0.288,count,63079.5
BTC,173736,2026-07-07 09:54:31,SHORT,MODERATE,393,255,138,64.8854961832061,35.11450381679389,52761236.59827,16205627.7216,76.50229877577455,23.49770122422545,0.298,count,63276.5
BTC,173869,2026-07-09 07:41:17,SHORT,MODERATE,381,249,132,65.35433070866141,34.645669291338585,46051786.92662,20809689.16186,68.87641377476942,31.123586225230582,0.307,count,62819.5
BTC,174014,2026-07-09 08:46:27,SHORT,MODERATE,378,251,127,66.4021164021164,33.5978835978836,46355793.85657,17041739.6944,73.11923865192819,26.880761348071808,0.328,count,62989.5
BTC,174159,2026-07-09 09:51:47,SHORT,MODERATE,382,249,133,65.18324607329843,34.81675392670157,45668781.7437,17213525.1299,72.62580527698994,27.37419472301006,0.304,count,62895.5
BTC,174308,2026-07-09 10:56:55,SHORT,MODERATE,386,251,135,65.02590673575129,34.97409326424871,45223018.84481,18295772.20609,71.196283960397,28.803716039603007,0.301,count,62739.5
BTC,174384,2026-07-09 12:51:42,SHORT,MODERATE,386,245,141,63.47150259067358,36.52849740932643,45449673.0968,17647378.87848,72.0313733747912,27.968626625208802,0.269,count,62599.5
BTC,174528,2026-07-09 13:56:57,SHORT,MODERATE,391,248,143,63.42710997442455,36.57289002557545,46542947.22003,18456399.23607,71.60525414123157,28.394745858768427,0.269,count,62952.5
BTC,174601,2026-07-09 14:29:32,SHORT,MODERATE,387,247,140,63.82428940568475,36.17571059431525,46251689.50007,17812323.84649,72.19605373435996,27.80394626564003,0.276,count,62852.5
BTC,174744,2026-07-09 15:34:43,SHORT,MODERATE,399,257,142,64.41102756892231,35.58897243107769,47325907.4575,17849132.74495,72.61354547767654,27.386454522323454,0.288,count,62995.5
BTC,174885,2026-07-10 07:34:52,SHORT,MODERATE,381,249,132,65.35433070866141,34.645669291338585,45378192.91507,21950265.42521,67.39823550648862,32.60176449351137,0.307,count,63953.5
BTC,175025,2026-07-10 08:40:09,SHORT,MODERATE,378,249,129,65.87301587301587,34.12698412698413,44904940.36475,21890645.72833,67.22740676633143,32.77259323366857,0.317,count,64205.5
BTC,175166,2026-07-10 09:45:24,SHORT,MODERATE,377,253,124,67.10875331564988,32.891246684350136,45026447.57473,22517590.65033,66.66235652760307,33.33764347239693,0.342,count,64458.5
BTC,175310,2026-07-10 10:50:32,SHORT,MODERATE,385,256,129,66.49350649350649,33.506493506493506,45211891.62334,22597779.83084,66.67469500112583,33.32530499887417,0.33,count,64455.5
BTC,175381,2026-07-10 12:48:45,SHORT,MODERATE,226,148,78,65.48672566371681,34.51327433628318,2442002.48103,7052755.75327,25.719480378217717,74.28051962178228,0.31,count,64350.5
BTC,175513,2026-07-10 13:53:52,SHORT,MODERATE,394,260,134,65.98984771573603,34.01015228426396,44480330.5472,21047875.78399,67.87967050767317,32.120329492326825,0.32,count,64580.5
BTC,175583,2026-07-10 14:26:22,SHORT,MODERATE,393,256,137,65.13994910941476,34.86005089058524,44386948.04115,19811169.43757,69.1405757433045,30.859424256695505,0.303,count,64096.5
BTC,175657,2026-07-13 07:50:48,SHORT,MODERATE,357,229,128,64.14565826330532,35.85434173669468,44298683.21958,16648575.797149999,72.68363489065199,27.316365109348016,0.283,count,62995.5
BTC,175795,2026-07-13 08:56:01,SHORT,MODERATE,358,231,127,64.52513966480447,35.47486033519553,43934326.47506,16917088.23846,72.19935096315623,27.80064903684376,0.291,count,63182.5
BTC,175935,2026-07-13 10:42:42,SHORT,MODERATE,363,232,131,63.91184573002755,36.08815426997245,43716876.64092,16946751.67567,72.06439485085087,27.935605149149122,0.278,count,62942.5
BTC,175995,2026-07-14 06:42:22,SHORT,MODERATE,367,244,123,66.4850136239782,33.5149863760218,48457577.92385,16845561.3107,74.20405587211418,25.795944127885818,0.33,count,62676.5
BTC,176125,2026-07-14 07:47:43,SHORT,MODERATE,370,247,123,66.75675675675676,33.24324324324324,48552824.60159,16826067.31043,74.2637618681688,25.736238131831207,0.335,count,62520.5
BTC,176262,2026-07-14 08:52:57,SHORT,MODERATE,371,246,125,66.30727762803235,33.692722371967655,48296900.53281,17007585.05869,73.95648261426058,26.043517385739424,0.326,count,62680.5
BTC,176398,2026-07-14 09:58:09,SHORT,MODERATE,369,246,123,66.66666666666666,33.33333333333333,48204599.48838,16935758.57991,74.00112759258191,25.9988724074181,0.333,count,62615.5
BTC,176541,2026-07-14 16:36:31,SHORT,MODERATE,369,221,148,59.891598915989164,40.10840108401084,47834515.375573,23134417.77754,67.40204939021937,32.59795060978061,0.198,count,64867.5
BTC,176603,2026-07-15 06:43:12,SHORT,MODERATE,363,228,135,62.8099173553719,37.1900826446281,48930744.024802,25805859.041883998,65.47092323843252,34.52907676156747,0.256,count,65055.5
BTC,176751,2026-07-15 07:48:40,SHORT,MODERATE,362,225,137,62.15469613259669,37.84530386740331,47976408.930956,18902686.493004,71.73603145620304,28.263968543796953,0.243,count,64599.5
BTC,176896,2026-07-15 08:54:01,SHORT,MODERATE,365,228,137,62.465753424657535,37.534246575342465,50253956.062079996,18003680.346105,73.62393236349139,26.37606763650861,0.249,count,64762.5
BTC,177036,2026-07-15 09:59:12,SHORT,MODERATE,366,234,132,63.934426229508205,36.0655737704918,50160623.520145,17783367.692632,73.82643060084494,26.173569399155056,0.279,count,64647.5
BTC,177109,2026-07-15 12:38:55,SHORT,MODERATE,244,149,95,61.065573770491795,38.9344262295082,4131613.644109,6147750.508091,40.1932802742935,59.80671972570649,0.221,count,64823.5
BTC,177237,2026-07-15 13:44:04,SHORT,MODERATE,366,233,133,63.661202185792355,36.33879781420765,50243140.1336,20144684.179136,71.38044203549701,28.619557964502977,0.273,count,65341.5
BTC,177322,2026-07-17 07:29:56,SHORT,MODERATE,372,215,157,57.795698924731184,42.204301075268816,33904405.629873,16430660.573038,67.35742731160295,32.642572688397046,0.156,count,62957.5
BTC,177457,2026-07-17 08:35:03,SHORT,MODERATE,369,215,154,58.265582655826556,41.734417344173444,31214118.399903,16373866.257737,65.59243604129334,34.407563958706675,0.165,count,62730.5
BTC,177591,2026-07-17 09:40:15,SHORT,MODERATE,370,215,155,58.108108108108105,41.891891891891895,29114923.833101,16468364.683674,63.87192495422196,36.128075045778054,0.162,count,63006.5
BTC,177651,2026-07-17 10:12:52,SHORT,MODERATE,370,222,148,60.0,40.0,29509222.006891,16518795.637969,64.11143368062545,35.88856631937455,0.2,count,63047.5
BTC,177717,2026-07-17 12:49:10,SHORT,MODERATE,343,208,135,60.64139941690962,39.35860058309038,15558255.962206,11218151.773799,58.10434362816164,41.89565637183836,0.213,count,63101.5
BTC,177784,2026-07-17 13:22:16,SHORT,MODERATE,370,218,152,58.91891891891892,41.08108108108108,29258607.862321,18036581.66219,61.86381354314599,38.13618645685401,0.178,count,62935.5
BTC,177849,2026-07-20 07:41:50,SHORT,MODERATE,362,221,141,61.04972375690608,38.950276243093924,26796007.260628,34644951.375530995,43.61261258846654,56.38738741153345,0.221,count,64099.5
BTC,177987,2026-07-20 08:47:12,SHORT,MODERATE,370,226,144,61.08108108108108,38.91891891891892,27668356.785809,34935720.241538,44.19577461979478,55.80422538020523,0.222,count,63975.5
BTC,178119,2026-07-20 09:52:40,SHORT,MODERATE,368,229,139,62.22826086956522,37.77173913043478,27817188.903497998,35055646.38835,44.24357319719083,55.756426802809166,0.245,count,64253.5
BTC,178188,2026-07-20 10:25:17,SHORT,MODERATE,371,230,141,61.99460916442049,38.00539083557952,27877806.610551,35163259.89743,44.22166082330106,55.77833917669894,0.24,count,64389.5
BTC,178250,2026-07-21 08:31:24,SHORT,MODERATE,384,254,130,66.14583333333334,33.85416666666667,26801608.024609998,91291180.302519,22.695380813912895,77.30461918608711,0.323,count,66186.5
BTC,178392,2026-07-21 09:37:01,SHORT,MODERATE,384,249,135,64.84375,35.15625,26126822.661765,77235955.894455,25.27681920581728,74.72318079418272,0.297,count,66299.5
BTC,178537,2026-07-22 07:52:16,SHORT,MODERATE,386,232,154,60.10362694300518,39.89637305699482,24522962.531699,33747541.603928,42.08469258240978,57.91530741759022,0.202,count,65781.5
BTC,178677,2026-07-22 08:57:34,SHORT,MODERATE,386,232,154,60.10362694300518,39.89637305699482,24704426.427757,33721299.145831004,42.28347390678347,57.71652609321654,0.202,count,65945.5
BTC,178754,2026-07-22 09:30:08,SHORT,MODERATE,387,234,153,60.46511627906976,39.53488372093023,25703310.705368,33864366.706872,43.14976145114308,56.85023854885692,0.209,count,66002.5
BTC,178880,2026-07-24 08:35:43,SHORT,MODERATE,385,250,135,64.93506493506493,35.064935064935064,31226823.645773,40546091.699648,43.50781000811781,56.49218999188219,0.299,count,65371.5
BTC,179027,2026-07-24 09:41:05,SHORT,MODERATE,383,244,139,63.70757180156657,36.29242819843342,31296132.595174998,27912971.212079998,52.85696047191348,47.143039528086504,0.274,count,65059.5
BTC,179169,2026-07-24 10:46:35,SHORT,MODERATE,382,246,136,64.3979057591623,35.602094240837694,31415876.988055002,28276712.449045,52.629442422093156,47.37055757790685,0.288,count,65018.5
BTC,179312,2026-07-27 07:49:18,SHORT,MODERATE,372,234,138,62.903225806451616,37.096774193548384,34653460.088179,56691451.462632,37.936935402146474,62.06306459785353,0.258,count,65271.5
BTC,179448,2026-07-27 08:54:35,SHORT,MODERATE,370,240,130,64.86486486486487,35.13513513513514,34713610.120587,56436766.953564,38.08389085691594,61.91610914308405,0.297,count,65117.5
BTC,179587,2026-07-27 09:59:48,SHORT,MODERATE,370,240,130,64.86486486486487,35.13513513513514,34592653.341749996,56555960.576776005,37.951924724462565,62.04807527553744,0.297,count,65239.5
BTC,179660,2026-07-27 10:32:22,SHORT,MODERATE,371,241,130,64.95956873315365,35.04043126684636,34667727.664811,56621940.00856,37.97552181792365,62.02447818207635,0.299,count,65355.5
BTC,179728,2026-07-27 11:04:56,SHORT,MODERATE,373,244,129,65.41554959785523,34.584450402144775,34537690.384037,56617584.981407,37.88885530275067,62.11114469724933,0.308,count,65261.5
BTC,179810,2026-07-28 06:46:12,SHORT,MODERATE,346,211,135,60.982658959537574,39.017341040462426,23265059.650483,39829483.088744,36.87333110034364,63.12666889965636,0.22,count,63546.5
BTC,179945,2026-07-28 07:51:37,SHORT,MODERATE,349,212,137,60.74498567335244,39.25501432664756,23442287.023499,39922380.290193,36.99583382557037,63.00416617442962,0.215,count,63452.5
BTC,180081,2026-07-28 08:56:50,SHORT,MODERATE,351,206,145,58.68945868945868,41.31054131054131,23405530.416191,39936382.613316,36.951094933441375,63.04890506655864,0.174,count,63397.5
BTC,180149,2026-07-28 09:32:36,SHORT,MODERATE,204,117,87,57.35294117647059,42.64705882352941,1988668.759127,4500142.389068,30.647659697727374,69.35234030227262,0.147,count,63509.5
BTC,180280,2026-07-28 10:37:43,SHORT,MODERATE,354,204,150,57.6271186440678,42.3728813559322,23539188.99166,40158948.971825,36.95428115207049,63.04571884792951,0.153,count,63464.5
BTC,180427,2026-07-28 13:46:21,SHORT,MODERATE,350,198,152,56.57142857142857,43.42857142857143,23293444.22073,24442886.66382,48.796050699969044,51.20394930003095,0.131,count,62904.5
BTC,180483,2026-07-29 07:46:06,SHORT,MODERATE,339,202,137,59.587020648967545,40.41297935103245,21733936.945002,23903833.959705,47.62269610052405,52.37730389947595,0.192,count,64441.5
BTC,180613,2026-07-29 08:51:11,SHORT,MODERATE,338,201,137,59.46745562130178,40.532544378698226,21650476.570926,23891603.898553,47.53949830077599,52.46050169922402,0.189,count,64406.5
BTC,180681,2026-07-29 09:23:41,SHORT,MODERATE,336,200,136,59.523809523809526,40.476190476190474,21649140.791685,23889050.23599,47.5406253588952,52.459374641104795,0.19,count,64433.5
BTC,180827,2026-08-06 07:43:42,SHORT,MODERATE,363,214,149,58.95316804407713,41.04683195592286,28764729.829443,24560469.376865998,53.94209540250493,46.05790459749507,0.179,count,64774.5
BTC,180961,2026-08-06 08:49:05,SHORT,MODERATE,363,218,145,60.05509641873278,39.94490358126722,29656224.888463,24473644.570639,54.78717237784927,45.212827622150726,0.201,count,64867.5
BTC,181101,2026-08-06 09:54:37,SHORT,MODERATE,366,221,145,60.38251366120219,39.61748633879781,30226561.319883,19891153.593518,60.311132245577916,39.68886775442209,0.208,count,64658.5
BTC,181243,2026-08-06 10:59:53,SHORT,MODERATE,368,220,148,59.78260869565217,40.21739130434783,30342845.044219002,19405370.20457,60.99283138596139,39.007168614038626,0.196,count,64581.5
BTC,181313,2026-08-06 12:54:52,SHORT,MODERATE,371,221,150,59.56873315363881,40.43126684636118,30372614.418098,18464831.99754,62.19124185897756,37.80875814102244,0.191,count,64449.5
BTC,181386,2026-08-06 13:27:30,SHORT,MODERATE,368,213,155,57.88043478260869,42.119565217391305,29330397.562733,23152167.5157,55.88598331445871,44.11401668554129,0.158,count,64192.5
BTC,181514,2026-08-06 14:32:44,SHORT,MODERATE,369,223,146,60.43360433604336,39.56639566395664,29576764.368776,24801100.775729,54.39118341659427,45.608816583405726,0.209,count,64382.5
BTC,181650,2026-08-06 15:38:17,SHORT,MODERATE,365,223,142,61.09589041095891,38.9041095890411,28281309.83827,27574339.980312,50.63285438469898,49.36714561530103,0.222,count,64742.5
BTC,181717,2026-08-06 16:10:54,SHORT,MODERATE,365,219,146,60.0,40.0,28368270.637632,27729387.851226002,50.56943801543241,49.4305619845676,0.2,count,64682.5
BTC,181795,2026-08-26 08:37:27,SHORT,MODERATE,386,241,145,62.43523316062176,37.56476683937824,41068684.773539,13066015.162786,75.86388180195942,24.136118198040577,0.249,count,78904.5
BTC,181938,2026-08-26 09:42:56,SHORT,MODERATE,393,240,153,61.06870229007634,38.93129770992366,46976811.748928,14037381.708805,76.99325203974176,23.006747960258235,0.221,count,78396.5
BTC,182077,2026-08-26 10:48:20,SHORT,MODERATE,392,241,151,61.47959183673469,38.52040816326531,46948734.866763,15434138.015665,75.25901372840991,24.740986271590074,0.23,count,78731.5
BTC,182214,2026-08-28 09:59:35,SHORT,MODERATE,383,239,144,62.40208877284596,37.59791122715404,29196810.320973,18846285.244614,60.772125478705654,39.22787452129436,0.248,count,79252.5
BTC,182286,2026-08-28 10:32:26,SHORT,MODERATE,381,237,144,62.20472440944882,37.79527559055118,29736185.15713,19000256.07839,61.014272694695094,38.9857273053049,0.244,count,79328.5
BTC,182355,2026-08-28 11:05:06,SHORT,MODERATE,379,240,139,63.3245382585752,36.675461741424805,30005148.14269,18872050.60995,61.38884573672369,38.61115426327632,0.266,count,79678.5
BTC,182496,2026-08-28 13:33:48,SHORT,MODERATE,381,234,147,61.417322834645674,38.582677165354326,31952729.446147,18265830.415881,63.62733127739006,36.37266872260992,0.228,count,79275.5
BTC,182633,2026-08-28 14:39:12,SHORT,MODERATE,373,235,138,63.00268096514745,36.99731903485255,32792157.430385,19630664.551992,62.55320906113897,37.44679093886103,0.26,count,79629.5
BTC,182775,2026-08-28 15:44:13,SHORT,MODERATE,386,241,145,62.43523316062176,37.56476683937824,32586302.141046,20230127.010962,61.697283713105996,38.302716286894004,0.249,count,78819.5
BTC,182915,2026-08-28 16:49:20,SHORT,MODERATE,367,229,138,62.39782016348774,37.60217983651226,25070594.545018,39428676.030615,38.86957840185149,61.13042159814851,0.248,count,77917.5
BTC,182985,2026-09-02 13:49:43,SHORT,MODERATE,376,226,150,60.1063829787234,39.8936170212766,34104117.363387,26824553.516804,55.97384100245466,44.026158997545345,0.202,count,77130.5
BTC,183127,2026-09-02 14:55:19,SHORT,MODERATE,383,230,153,60.052219321148826,39.947780678851174,35062655.7567,27236720.625456,56.28090968618872,43.719090313811286,0.201,count,77144.5
BTC,183199,2026-09-02 15:27:59,SHORT,MODERATE,382,228,154,59.68586387434554,40.31413612565445,35125596.74635,27583209.261083,56.01381844550906,43.98618155449094,0.194,count,77075.5
BTC,183236,2026-09-07 07:32:14,SHORT,MODERATE,109,69,40,63.30275229357798,36.69724770642202,9094835.95888,1118387.35532,89.04961420196263,10.950385798037388,0.266,count,79455.5
BTC,183371,2026-09-07 08:37:26,SHORT,MODERATE,350,227,123,64.85714285714286,35.14285714285714,41887711.426421,10883497.677485,79.37606914396163,20.62393085603837,0.297,count,79427.5
BTC,183444,2026-09-07 09:09:56,SHORT,MODERATE,352,226,126,64.20454545454545,35.79545454545455,41721584.26273,10954192.083341,79.20449807635714,20.79550192364285,0.284,count,79490.5
BTC,183591,2026-09-07 10:57:29,SHORT,MODERATE,352,229,123,65.05681818181817,34.94318181818182,40772571.4435,10748659.560181,79.13741703995184,20.862582960048158,0.301,count,79321.5
BTC,183667,2026-09-07 11:30:15,SHORT,MODERATE,356,231,125,64.8876404494382,35.1123595505618,40598795.044429,10530998.48102,79.40340111919605,20.596598880803953,0.298,count,79416.5
BTC,183811,2026-09-07 14:39:13,SHORT,MODERATE,354,233,121,65.81920903954803,34.18079096045198,41994217.643582,10345953.205206,80.23324525421268,19.76675474578733,0.316,count,78999.5
BTC,183964,2026-09-07 15:44:52,SHORT,MODERATE,346,223,123,64.45086705202311,35.54913294797688,43643005.40418,10606425.01808,80.44878087101924,19.55121912898075,0.289,count,78738.5
BTC,184038,2026-09-08 07:32:36,SHORT,MODERATE,344,220,124,63.95348837209303,36.04651162790697,47665029.72907,13388572.427062,78.07079033138211,21.92920966861789,0.279,count,78430.5
BTC,184184,2026-09-08 08:37:47,SHORT,MODERATE,348,225,123,64.65517241379311,35.3448275862069,48153395.058138,10783366.391396001,81.70349689025667,18.296503109743337,0.293,count,78490.5
BTC,184329,2026-09-08 09:43:03,SHORT,MODERATE,350,230,120,65.71428571428571,34.285714285714285,48224762.452514,10583412.433054,82.00350129272375,17.99649870727625,0.314,count,78701.5
BTC,184480,2026-09-08 10:48:14,SHORT,MODERATE,350,226,124,64.57142857142857,35.42857142857142,48069266.260987,10599013.481725,81.93399648292628,18.06600351707372,0.291,count,78615.5
BTC,184625,2026-09-08 14:39:56,SHORT,MODERATE,350,229,121,65.42857142857143,34.57142857142857,45537354.165573,11204026.502907,80.25422298345507,19.745777016544945,0.309,count,78331.5
BTC,184774,2026-09-08 15:45:07,SHORT,MODERATE,350,228,122,65.14285714285715,34.85714285714286,45514346.372628,11620590.15354,79.66114804692619,20.338851953073807,0.303,count,78690.5
BTC,184924,2026-09-08 16:50:24,SHORT,MODERATE,353,231,122,65.43909348441926,34.56090651558073,44291041.532135,11363764.942709,79.58170073263048,20.418299267369527,0.309,count,78777.5
BTC,185071,2026-09-09 07:40:05,SHORT,MODERATE,352,234,118,66.47727272727273,33.52272727272727,40991452.292383,14297425.066469999,74.14050393233268,25.85949606766732,0.33,count,79209.5
BTC,185218,2026-09-09 08:45:36,SHORT,MODERATE,354,242,112,68.36158192090396,31.63841807909605,40970706.271626,13562661.771592,75.12960915811487,24.870390841885126,0.367,count,79616.5
BTC,185294,2026-09-09 10:01:05,SHORT,MODERATE,344,230,114,66.86046511627907,33.13953488372093,40358015.949326,12291531.326322,76.65406074249911,23.3459392575009,0.337,count,78981.5
BTC,185376,2026-09-09 13:59:32,SHORT,MODERATE,362,234,128,64.64088397790056,35.35911602209944,40150321.484589,12243150.529151,76.63229776804967,23.36770223195034,0.293,count,79106.5
BTC,185451,2026-09-09 14:32:05,SHORT,MODERATE,361,233,128,64.54293628808865,35.45706371191136,41595427.689189,12534867.415638,76.84315706876643,23.156842931233566,0.291,count,79249.5
BTC,185522,2026-09-09 15:04:40,SHORT,MODERATE,353,230,123,65.15580736543909,34.844192634560905,40780423.221835,11725002.110096,77.66897032835675,22.331029671643243,0.303,count,78773.5
BTC,185662,2026-09-10 06:49:00,SHORT,MODERATE,357,234,123,65.54621848739495,34.45378151260504,42883180.990752,12536470.70435,77.37901570850548,22.620984291494523,0.311,count,78357.5
BTC,185795,2026-09-10 09:58:09,SHORT,MODERATE,351,234,117,66.66666666666666,33.33333333333333,42748692.899551,12653635.561303,77.1604625422129,22.839537457787117,0.333,count,77917.5
BTC,185876,2026-09-10 13:56:31,SHORT,MODERATE,364,233,131,64.01098901098901,35.989010989010985,43875983.997855,13377516.244335,76.63458795052476,23.36541204947524,0.28,count,77166.5
BTC,185948,2026-09-10 14:29:07,SHORT,MODERATE,363,230,133,63.36088154269972,36.63911845730027,44009894.72764,13167717.170978,76.97050168110245,23.029498318897552,0.267,count,77348.5
BTC,186098,2026-09-10 15:34:10,SHORT,MODERATE,367,232,135,63.21525885558583,36.78474114441417,44381796.518398,13680260.345887,76.43855370493779,23.561446295062225,0.264,count,77175.5
BTC,186236,2026-09-11 09:59:36,SHORT,MODERATE,372,238,134,63.97849462365591,36.02150537634409,45239210.807426,14349103.653467,75.91960137942127,24.08039862057874,0.28,count,77015.5
BTC,186308,2026-09-11 12:39:35,SHORT,MODERATE,365,238,127,65.20547945205479,34.794520547945204,48833880.260359,13000125.367002,78.97576707977404,21.024232920225952,0.304,count,77499.5
BTC,186457,2026-09-11 13:44:42,SHORT,MODERATE,370,245,125,66.21621621621621,33.78378378378378,50212007.669185,13905239.411468,78.31279406931397,21.68720593068604,0.324,count,77721.5
BTC,186528,2026-09-11 14:17:44,SHORT,MODERATE,342,227,115,66.37426900584795,33.62573099415205,48517621.224171,14273765.345362,77.26795644247204,22.732043557527955,0.327,count,77721.5
BTC,186677,2026-09-14 07:55:32,SHORT,MODERATE,349,221,128,63.323782234957015,36.67621776504298,53437223.963465,16944458.6247,75.92490261443496,24.07509738556504,0.266,count,77813.5
BTC,186743,2026-09-14 08:28:06,SHORT,MODERATE,353,231,122,65.43909348441926,34.56090651558073,54616052.205134,17132462.56012,76.12150911252476,23.87849088747524,0.309,count,77855.5
BTC,186848,2026-09-14 09:41:39,SHORT,STRONG,24,20,4,83.33333333333334,16.666666666666664,4998764.70994,40426.51448,99.1977578805882,0.8022421194117911,0.533,count,77728.5
BTC,186905,2026-09-14 10:53:23,SHORT,MODERATE,348,228,120,65.51724137931035,34.48275862068966,52531433.554921,17762258.39041,74.73136223343609,25.268637766563902,0.31,count,77928.5
BTC,186982,2026-09-15 07:51:21,SHORT,MODERATE,328,207,121,63.109756097560975,36.890243902439025,39133147.560678,17044134.748439,69.66009381754498,30.339906182455024,0.262,count,76943.5
BTC,187119,2026-09-15 08:56:41,SHORT,MODERATE,338,214,124,63.31360946745562,36.68639053254438,39298104.779529996,17871120.396716,68.73996395504498,31.26003604495502,0.266,count,76921.5
BTC,187173,2026-09-15 09:34:00,SHORT,MODERATE,139,84,55,60.431654676258994,39.568345323741006,8875774.213745,3720682.1463430002,70.46246944393012,29.537530556069875,0.209,count,76898.5
BTC,187309,2026-09-15 10:39:14,SHORT,MODERATE,333,212,121,63.66366366366366,36.33633633633634,39560501.90735,17822585.143743,68.94104855691356,31.058951443086443,0.273,count,76920.5
BTC,187439,2026-09-16 08:43:40,SHORT,MODERATE,366,225,141,61.47540983606557,38.52459016393443,31446865.95285,18164171.95509,63.38683341236262,36.61316658763737,0.23,count,75523.5
BTC,187565,2026-09-16 09:48:46,SHORT,MODERATE,366,226,140,61.74863387978142,38.25136612021858,31812022.34197,18694031.507188,62.98655293280321,37.01344706719678,0.235,count,75915.5
BTC,187632,2026-09-16 14:29:37,SHORT,MODERATE,370,226,144,61.08108108108108,38.91891891891892,32738676.466717,19009805.623107,63.264998594335275,36.73500140566471,0.222,count,75915.5
BTC,187758,2026-09-16 15:34:55,SHORT,MODERATE,368,227,141,61.684782608695656,38.315217391304344,32100809.286775,18136924.410945002,63.89780534274353,36.10219465725646,0.234,count,75598.5
BTC,187825,2026-09-16 16:07:32,SHORT,MODERATE,365,225,140,61.64383561643836,38.35616438356164,32018927.341685,18433490.145425,63.4636137106125,36.536386289387494,0.233,count,75737.5
BTC,187964,2026-09-17 07:34:00,SHORT,MODERATE,364,223,141,61.26373626373627,38.73626373626374,33762980.492437,20223367.506645,62.539848950351505,37.46015104964849,0.225,count,76500.5
BTC,188010,2026-09-17 08:53:40,SHORT,MODERATE,113,64,49,56.63716814159292,43.36283185840708,11083698.065742001,2964060.170604,78.9001197149376,21.099880285062405,0.133,count,76495.5
BTC,188134,2026-09-17 09:59:08,SHORT,MODERATE,363,224,139,61.70798898071625,38.29201101928375,32896087.270378,20282067.979798,61.86015125123981,38.13984874876019,0.234,count,76448.5
BTC,188206,2026-09-17 10:31:40,SHORT,MODERATE,366,226,140,61.74863387978142,38.25136612021858,34109329.010103,20193562.435805,62.81309908530351,37.18690091469648,0.235,count,76315.5
BTC,188348,2026-09-17 13:41:03,SHORT,MODERATE,366,231,135,63.114754098360656,36.885245901639344,36859881.012387,19883524.023353,64.95888110551472,35.04111889448527,0.262,count,76036.5
BTC,188491,2026-09-17 14:46:11,SHORT,MODERATE,375,232,143,61.86666666666667,38.13333333333333,36609353.455476,18843941.030578,66.01835615859201,33.98164384140798,0.237,count,76678.5
BTC,188562,2026-09-17 15:18:45,SHORT,MODERATE,370,230,140,62.16216216216216,37.83783783783784,36685176.88215,18415378.877888,66.57859685102511,33.42140314897488,0.243,count,76412.5
BTC,188635,2026-09-17 16:02:36,SHORT,MODERATE,364,228,136,62.637362637362635,37.362637362637365,36754193.690666,18302550.180993002,66.75693313128454,33.24306686871546,0.253,count,76412.5
BTC,188706,2026-09-18 07:41:28,SHORT,MODERATE,359,232,127,64.62395543175488,35.37604456824512,36854801.84794,16765576.241098,68.7328272597065,31.267172740293503,0.292,count,77724.5
BTC,188846,2026-09-18 08:52:18,SHORT,MODERATE,359,242,117,67.40947075208913,32.590529247910865,35832585.085846,17072510.614892,67.72993151460484,32.27006848539516,0.348,count,77953.5
BTC,188998,2026-09-18 09:57:57,SHORT,MODERATE,366,243,123,66.39344262295081,33.60655737704918,38164521.457313,14817332.935279,72.03319305231646,27.966806947683548,0.328,count,78175.5
ETH,5349,2025-12-23 09:39:34,SHORT,MODERATE,138,89,49,64.4927536231884,35.507246376811594,9396761.19801,16075093.04257,36.890762287104046,63.10923771289595,0.29,count,2955.05
ETH,5391,2025-12-23 10:40:42,SHORT,MODERATE,139,91,48,65.46762589928058,34.53237410071942,9579345.64154,16119771.29454,37.274999235834365,62.72500076416563,0.309,count,2965.55
ETH,5434,2025-12-23 11:41:51,SHORT,MODERATE,142,95,47,66.90140845070422,33.098591549295776,9701975.86026,16086198.9806,37.621801155496016,62.37819884450397,0.338,count,2970.35
ETH,5480,2025-12-23 12:43:00,SHORT,MODERATE,137,89,48,64.96350364963503,35.03649635036496,9638545.05182,16485841.51173,36.89481867209912,63.10518132790087,0.299,count,2961.15
ETH,5522,2025-12-23 13:44:09,SHORT,MODERATE,129,79,50,61.240310077519375,38.759689922480625,9296657.61094,16263175.62794,36.37213718905847,63.62786281094153,0.225,count,2947.85
ETH,5564,2025-12-23 14:45:21,SHORT,MODERATE,128,79,49,61.71875,38.28125,9311751.38947,16216441.50339,36.47634373710178,63.52365626289822,0.234,count,2937.65
ETH,5620,2025-12-23 15:48:56,SHORT,MODERATE,135,87,48,64.44444444444444,35.55555555555556,8724260.01396,18342095.23642,32.232858592357076,67.76714140764292,0.289,count,2923.95
ETH,5655,2025-12-23 16:50:05,SHORT,MODERATE,133,90,43,67.66917293233082,32.33082706766917,8917348.1304,21132363.93269,29.675319722458042,70.32468027754196,0.353,count,2953.05
ETH,5690,2025-12-23 17:31:09,SHORT,MODERATE,133,89,44,66.9172932330827,33.08270676691729,9133475.02642,21060758.010560002,30.249071123064763,69.75092887693522,0.338,count,2944.35
ETH,5725,2025-12-23 18:32:18,SHORT,MODERATE,133,91,42,68.42105263157895,31.57894736842105,9068469.66095,20981935.5365,30.17752872669926,69.82247127330075,0.368,count,2943.25
ETH,5761,2025-12-23 19:33:27,SHORT,MODERATE,130,87,43,66.92307692307692,33.07692307692307,8973219.41259,20931383.2498,30.006148263843386,69.99385173615661,0.338,count,2931.95
ETH,5800,2025-12-23 20:34:35,SHORT,MODERATE,133,89,44,66.9172932330827,33.08270676691729,9078221.69057,21024829.31169,30.157148157136792,69.84285184286321,0.338,count,2952.45
ETH,5837,2025-12-23 21:35:44,SHORT,MODERATE,137,93,44,67.88321167883211,32.11678832116788,9211992.37894,16180720.55548,36.27809443886982,63.721905561130185,0.358,count,2971.55
ETH,5875,2025-12-23 22:36:52,SHORT,MODERATE,134,90,44,67.16417910447761,32.83582089552239,9143185.89062,16071677.29551,36.26109657279209,63.7389034272079,0.343,count,2952.55
ETH,5913,2025-12-23 23:38:01,SHORT,MODERATE,131,89,42,67.93893129770993,32.06106870229007,9228886.891929999,16133183.298729999,36.388539352472456,63.61146064752754,0.359,count,2965.95
ETH,5950,2025-12-24 00:39:10,SHORT,MODERATE,130,87,43,66.92307692307692,33.07692307692307,9139225.02162,16112164.627519999,36.19295867913257,63.80704132086742,0.338,count,2965.25
ETH,5985,2025-12-24 01:40:18,SHORT,MODERATE,129,85,44,65.89147286821705,34.10852713178294,9077602.4923,15835980.73866,36.43635846416225,63.56364153583775,0.318,count,2966.55
ETH,6019,2025-12-24 02:41:27,SHORT,MODERATE,127,82,45,64.56692913385827,35.43307086614173,9023768.32806,15988527.27754,36.07732960760175,63.92267039239825,0.291,count,2932.7
ETH,6056,2025-12-24 03:42:35,SHORT,MODERATE,127,85,42,66.92913385826772,33.07086614173229,9081269.55972,14632104.407060001,38.295982564277544,61.704017435722456,0.339,count,2942.95
ETH,6094,2025-12-24 04:43:44,SHORT,MODERATE,128,86,42,67.1875,32.8125,10084573.81534,11064155.53487,47.684064835979676,52.315935164020324,0.344,count,2942.55
ETH,6132,2025-12-24 05:44:52,SHORT,MODERATE,127,85,42,66.92913385826772,33.07086614173229,10055586.42343,10850047.86404,48.09988678246857,51.90011321753144,0.339,count,2923.35
ETH,6170,2025-12-24 06:46:01,SHORT,MODERATE,128,85,43,66.40625,33.59375,10138658.13634,10922975.57869,48.138042250278296,51.8619577497217,0.328,count,2935.15
ETH,6209,2025-12-24 07:47:10,SHORT,MODERATE,128,84,44,65.625,34.375,10168512.63232,10960133.951200001,48.126663447772714,51.87333655222728,0.312,count,2940.25
ETH,6247,2025-12-24 08:48:18,SHORT,MODERATE,127,83,44,65.35433070866141,34.645669291338585,10097894.11539,10916911.85519,48.051331663621845,51.948668336378155,0.307,count,2927.45
ETH,6284,2025-12-24 09:49:27,SHORT,MODERATE,128,83,45,64.84375,35.15625,10081245.76097,10905265.12753,48.036788080358,51.96321191964201,0.297,count,2924.45
ETH,6339,2025-12-24 10:52:40,SHORT,MODERATE,129,83,46,64.34108527131784,35.65891472868217,10091964.51096,11022579.87413,47.79626937196155,52.203730628038436,0.287,count,2930.45
ETH,6395,2025-12-24 11:58:53,SHORT,MODERATE,133,85,48,63.90977443609023,36.09022556390977,10092775.36695,11094668.55032,47.63564404634636,52.36435595365365,0.278,count,2924.75
ETH,6413,2025-12-24 12:29:28,SHORT,MODERATE,134,86,48,64.17910447761194,35.82089552238806,10100955.71876,11117613.79859,47.604319935425664,52.39568006457432,0.284,count,2931.15
ETH,6449,2025-12-24 13:30:38,SHORT,MODERATE,134,85,49,63.43283582089553,36.56716417910448,10059108.33942,11184499.67754,47.35122363107638,52.64877636892361,0.269,count,2931.95
ETH,6485,2025-12-24 14:31:47,SHORT,MODERATE,134,86,48,64.17910447761194,35.82089552238806,10088493.50577,11158650.552410001,47.48164495964812,52.518355040351885,0.284,count,2928.95
ETH,6526,2025-12-24 15:32:56,SHORT,MODERATE,125,78,47,62.4,37.6,9866561.00604,10817438.73851,47.70141717217788,52.29858282782214,0.248,count,2921.45
ETH,6568,2025-12-24 16:34:06,SHORT,MODERATE,129,81,48,62.7906976744186,37.2093023255814,10015963.07775,10852341.74772,47.99605507738896,52.00394492261103,0.256,count,2945.95
ETH,6610,2025-12-24 17:35:15,SHORT,MODERATE,131,86,45,65.64885496183206,34.35114503816794,9113627.19231,10816574.96327,45.727720778579226,54.272279221420774,0.313,count,2947.95
ETH,6652,2025-12-24 18:36:24,SHORT,MODERATE,133,86,47,64.66165413533834,35.338345864661655,9118091.79365,10932693.99991,45.47498480871802,54.52501519128199,0.293,count,2938.45
ETH,6694,2025-12-24 19:37:33,SHORT,MODERATE,133,86,47,64.66165413533834,35.338345864661655,9176043.32072,11034949.89313,45.40124883339195,54.598751166608054,0.293,count,2941.45
ETH,6736,2025-12-24 20:38:42,SHORT,MODERATE,133,85,48,63.90977443609023,36.09022556390977,9266571.53265,11200821.96604,45.274800297571346,54.72519970242864,0.278,count,2944.95
ETH,6778,2025-12-24 21:39:52,SHORT,MODERATE,129,84,45,65.11627906976744,34.883720930232556,9188297.55035,11321845.30069,44.79879841443471,55.20120158556531,0.302,count,2950.85
ETH,6820,2025-12-24 22:41:01,SHORT,MODERATE,128,83,45,64.84375,35.15625,9175494.71456,11519615.4341,44.336534807736264,55.663465192263736,0.297,count,2959.05
ETH,6863,2025-12-24 23:42:10,SHORT,MODERATE,127,82,45,64.56692913385827,35.43307086614173,8835404.28676,11619516.1263,43.19451803449108,56.80548196550891,0.291,count,2946.65
ETH,6904,2025-12-25 00:43:19,SHORT,MODERATE,129,82,47,63.565891472868216,36.434108527131784,8822328.11558,11644748.92822,43.10497340045196,56.89502659954804,0.271,count,2942.95
ETH,6947,2025-12-25 01:44:28,SHORT,MODERATE,130,81,49,62.30769230769231,37.69230769230769,8730167.4412,11743023.56666,42.641947891016805,57.3580521089832,0.246,count,2947.25
ETH,6989,2025-12-25 02:45:37,SHORT,MODERATE,130,83,47,63.84615384615384,36.15384615384615,8743464.69387,11727044.15679,42.71249316593367,57.28750683406633,0.277,count,2955.25
ETH,7031,2025-12-25 03:46:46,SHORT,MODERATE,130,83,47,63.84615384615384,36.15384615384615,8723190.044950001,11683012.64965,42.74773790842712,57.25226209157288,0.277,count,2944.15
ETH,7073,2025-12-25 04:47:56,SHORT,MODERATE,132,84,48,63.63636363636363,36.36363636363637,8754710.9022,11679485.39463,42.84343154498392,57.156568455016085,0.273,count,2943.15
ETH,7114,2025-12-25 05:49:05,SHORT,MODERATE,134,85,49,63.43283582089553,36.56716417910448,8671667.73616,11676720.40335,42.61599334898877,57.38400665101124,0.269,count,2943.25
ETH,7156,2025-12-25 06:50:14,SHORT,MODERATE,135,85,50,62.96296296296296,37.03703703703704,8683680.27492,11695843.35277,42.60982952084973,57.39017047915026,0.259,count,2942.15
ETH,7198,2025-12-25 07:51:23,SHORT,MODERATE,135,86,49,63.70370370370371,36.2962962962963,8699559.67397,11682619.87308,42.682185454642045,57.31781454535796,0.274,count,2941.45
ETH,7241,2025-12-25 08:52:32,SHORT,MODERATE,132,83,49,62.878787878787875,37.121212121212125,8622605.42145,11723055.15357,42.38056262491995,57.619437375080054,0.258,count,2929.45
ETH,7284,2025-12-25 09:53:42,SHORT,MODERATE,129,82,47,63.565891472868216,36.434108527131784,8547252.29186,11711279.58882,42.190877118846295,57.809122881153705,0.271,count,2928.05
ETH,7325,2025-12-25 10:54:51,SHORT,MODERATE,130,83,47,63.84615384615384,36.15384615384615,8621969.30962,11673595.86371,42.48203603095497,57.51796396904501,0.277,count,2918.45
ETH,7365,2025-12-25 11:56:01,SHORT,MODERATE,131,83,48,63.358778625954194,36.6412213740458,8634987.23417,11700383.81074,42.46289489923697,57.53710510076303,0.267,count,2924.55
ETH,7406,2025-12-25 12:57:10,SHORT,MODERATE,134,86,48,64.17910447761194,35.82089552238806,8642527.01013,11710949.59354,42.462165940592364,57.53783405940762,0.284,count,2926.25
ETH,7448,2025-12-25 13:58:19,SHORT,MODERATE,134,87,47,64.92537313432835,35.07462686567165,8640579.48093,11770082.17501,42.333656921971375,57.666343078028625,0.299,count,2930.75
ETH,7490,2025-12-25 14:59:28,SHORT,MODERATE,133,86,47,64.66165413533834,35.338345864661655,8609491.838990001,12010966.65729,41.75218431997127,58.24781568002874,0.293,count,2931.95
ETH,7511,2025-12-25 15:30:03,SHORT,MODERATE,130,84,46,64.61538461538461,35.38461538461539,7513574.06683,12153901.27531,38.20304302469996,61.79695697530004,0.292,count,2950.05
ETH,7553,2025-12-25 16:31:12,SHORT,MODERATE,132,86,46,65.15151515151516,34.84848484848485,7117880.4101,12691024.57782,35.93273032729812,64.06726967270188,0.303,count,2963.85
ETH,7595,2025-12-25 17:32:22,SHORT,MODERATE,131,87,44,66.41221374045801,33.587786259541986,7166298.17782,12960615.15484,35.60554993890309,64.3944500610969,0.328,count,2946.25
ETH,7639,2025-12-25 18:33:30,SHORT,MODERATE,130,87,43,66.92307692307692,33.07692307692307,7208356.33588,13272835.4081,35.19500440202041,64.80499559797961,0.338,count,2953.65
ETH,7683,2025-12-25 19:34:39,SHORT,MODERATE,130,85,45,65.38461538461539,34.61538461538461,7175629.17815,13445492.76431,34.797472214036,65.202527785964,0.308,count,2952.95
ETH,7727,2025-12-25 20:35:49,SHORT,MODERATE,130,86,44,66.15384615384615,33.84615384615385,7183642.1795500005,13588139.03063,34.58365995126785,65.41634004873215,0.323,count,2947.35
ETH,7769,2025-12-25 21:36:58,SHORT,MODERATE,132,88,44,66.66666666666666,33.33333333333333,7230256.42013,13765129.42874,34.437359104401224,65.56264089559876,0.333,count,2950.05
ETH,7811,2025-12-25 22:38:07,SHORT,MODERATE,131,88,43,67.17557251908397,32.82442748091603,7247813.5671,13888378.91437,34.291008531712244,65.70899146828776,0.344,count,2939.75
ETH,7852,2025-12-25 23:39:17,SHORT,MODERATE,122,78,44,63.934426229508205,36.0655737704918,6798838.09085,13842180.55268,32.93848142025258,67.06151857974743,0.279,count,2896.65
ETH,7899,2025-12-26 00:40:26,SHORT,MODERATE,132,84,48,63.63636363636363,36.36363636363637,7000137.31228,13937065.39078,33.43396637821594,66.56603362178404,0.273,count,2899.95
ETH,7943,2025-12-26 01:41:35,SHORT,MODERATE,128,82,46,64.0625,35.9375,6282202.48212,13913932.65734,31.1059637833656,68.89403621663442,0.281,count,2917.95
ETH,7984,2025-12-26 02:42:44,SHORT,MODERATE,121,82,39,67.76859504132231,32.231404958677686,7225104.85015,13943514.66379,34.13120466071069,65.86879533928932,0.355,count,2978.45
ETH,8022,2025-12-26 03:43:53,SHORT,MODERATE,127,88,39,69.29133858267717,30.708661417322837,7866172.18762,13712447.41698,36.45354675951161,63.54645324048839,0.386,count,2961.65
ETH,8062,2025-12-26 04:45:02,SHORT,STRONG,131,94,37,71.7557251908397,28.24427480916031,8119049.40197,14031199.42942,36.654438800092265,63.34556119990773,0.435,count,2967.75
ETH,8102,2025-12-26 05:46:12,SHORT,STRONG,130,93,37,71.53846153846153,28.46153846153846,8323207.7879,14652545.9434,36.22604892635686,63.77395107364313,0.431,count,2969.35
ETH,8142,2025-12-26 06:47:21,SHORT,STRONG,133,95,38,71.42857142857143,28.57142857142857,8364611.88284,15048528.03097,35.72614315564834,64.27385684435166,0.429,count,2974.45
ETH,8182,2025-12-26 07:48:30,SHORT,STRONG,131,94,37,71.7557251908397,28.24427480916031,8455550.66935,15305006.83647,35.586499463570526,64.41350053642948,0.435,count,2963.65
ETH,8222,2025-12-26 08:49:40,SHORT,STRONG,132,93,39,70.45454545454545,29.545454545454547,9827142.20134,15299386.82107,39.11062364632739,60.88937635367262,0.409,count,2959.75
ETH,8262,2025-12-26 09:51:09,SHORT,STRONG,132,93,39,70.45454545454545,29.545454545454547,9834956.49625,15393718.85493,38.98324568907656,61.016754310923424,0.409,count,2973.05
ETH,8303,2025-12-26 10:52:29,SHORT,STRONG,133,94,39,70.67669172932331,29.32330827067669,9881334.69152,15376769.30098,39.12144274350168,60.878557256498326,0.414,count,2970.25
ETH,8345,2025-12-26 11:53:38,SHORT,MODERATE,131,90,41,68.70229007633588,31.297709923664126,9791792.44246,15382702.4724,38.89568579459404,61.10431420540595,0.374,count,2963.55
ETH,8386,2025-12-26 12:54:47,SHORT,MODERATE,133,93,40,69.92481203007519,30.075187969924812,9839746.4149,15422064.82418,38.951072517230756,61.04892748276926,0.398,count,2971.15
ETH,8427,2025-12-26 13:55:57,SHORT,STRONG,135,95,40,70.37037037037037,29.629629629629626,9884614.39183,15480471.0228,38.96937159978487,61.03062840021513,0.407,count,2984.45
ETH,8472,2025-12-26 14:57:05,SHORT,MODERATE,121,82,39,67.76859504132231,32.231404958677686,10423919.4562,15082762.74781,40.86740632445413,59.13259367554586,0.355,count,2912.75
ETH,8516,2025-12-26 15:58:15,SHORT,MODERATE,122,83,39,68.0327868852459,31.967213114754102,10811491.11721,15315808.5097,41.38005561843302,58.61994438156698,0.361,count,2918.45
ETH,8559,2025-12-26 16:59:24,SHORT,MODERATE,122,83,39,68.0327868852459,31.967213114754102,7885987.3841699995,15122170.37004,34.274744933574844,65.72525506642516,0.361,count,2907.65
ETH,8581,2025-12-26 17:29:58,SHORT,MODERATE,122,84,38,68.85245901639344,31.147540983606557,7927094.7956300005,15200437.29743,34.27557581039407,65.72442418960591,0.377,count,2930.05
ETH,8628,2025-12-26 18:31:08,SHORT,MODERATE,123,84,39,68.29268292682927,31.70731707317073,7918423.59845,15191848.27078,34.26365402906802,65.73634597093196,0.366,count,2921.15
ETH,8674,2025-12-26 19:32:17,SHORT,MODERATE,122,83,39,68.0327868852459,31.967213114754102,7701228.00891,15198060.12563,33.63086207598698,66.36913792401302,0.361,count,2921.85
ETH,8720,2025-12-26 20:33:26,SHORT,MODERATE,123,83,40,67.47967479674797,32.52032520325203,7730247.43759,15228328.37368,33.67041362293625,66.32958637706375,0.35,count,2927.55
ETH,8767,2025-12-26 21:34:36,SHORT,MODERATE,122,82,40,67.21311475409836,32.78688524590164,7738080.29004,15248158.42264,33.66396906759438,66.3360309324056,0.344,count,2928.15
ETH,8812,2025-12-26 22:35:45,SHORT,MODERATE,122,82,40,67.21311475409836,32.78688524590164,7709825.4993,15235563.02607,33.6007624833874,66.3992375166126,0.344,count,2925.95
ETH,8859,2025-12-26 23:36:54,SHORT,MODERATE,122,81,41,66.39344262295081,33.60655737704918,7705094.21714,15248690.45181,33.56785962866865,66.43214037133136,0.328,count,2927.15
ETH,8905,2025-12-27 00:38:04,SHORT,MODERATE,123,82,41,66.66666666666666,33.33333333333333,7653936.31145,15227692.94017,33.450136908009334,66.54986309199067,0.333,count,2925.05
ETH,8950,2025-12-27 01:39:13,SHORT,MODERATE,126,84,42,66.66666666666666,33.33333333333333,7659603.00424,15237021.43822,33.452979165067944,66.54702083493204,0.333,count,2926.15
ETH,8996,2025-12-27 02:40:22,SHORT,MODERATE,124,84,40,67.74193548387096,32.25806451612903,7764614.39571,10339428.77546,42.88884158249718,57.111158417502814,0.355,count,2926.05
ETH,9041,2025-12-27 03:41:31,SHORT,MODERATE,124,85,39,68.54838709677419,31.451612903225808,8004171.45759,10324691.10951,43.669766349589814,56.330233650410186,0.371,count,2930.25
ETH,9087,2025-12-27 04:42:41,SHORT,MODERATE,123,85,38,69.10569105691057,30.89430894308943,8125944.10855,10318354.50525,44.05667181331677,55.943328186683225,0.382,count,2928.65
ETH,9133,2025-12-27 05:43:50,SHORT,MODERATE,125,86,39,68.8,31.2,8343446.97741,10383699.11626,44.55268803734161,55.4473119626584,0.376,count,2929.55
ETH,9179,2025-12-27 06:44:59,SHORT,MODERATE,125,86,39,68.8,31.2,8833091.92156,10374068.36972,45.988536502036695,54.011463497963305,0.376,count,2928.55
ETH,9225,2025-12-27 07:46:08,SHORT,MODERATE,124,86,38,69.35483870967742,30.64516129032258,9370101.87456,10384054.0734,47.433572455560395,52.566427544439605,0.387,count,2931.65
ETH,9271,2025-12-27 08:47:20,SHORT,MODERATE,125,87,38,69.6,30.4,9579025.94598,10390225.268,47.96887896965286,52.03112103034715,0.392,count,2933.25
ETH,9319,2025-12-27 09:48:29,SHORT,MODERATE,125,86,39,68.8,31.2,9582445.52449,10389996.08188,47.978337918553635,52.021662081446365,0.376,count,2932.85
ETH,9367,2025-12-27 10:49:38,SHORT,MODERATE,125,86,39,68.8,31.2,9558724.19894,10356228.69146,47.99772438099907,52.002275619000926,0.376,count,2924.55
ETH,9412,2025-12-27 11:50:48,SHORT,MODERATE,124,85,39,68.54838709677419,31.451612903225808,9570161.68991,8613062.51581,52.631819206735955,47.368180793264045,0.371,count,2928.05
ETH,9457,2025-12-27 12:51:57,SHORT,MODERATE,124,85,39,68.54838709677419,31.451612903225808,9579900.45672,5835783.39855,62.14385652080572,37.85614347919428,0.371,count,2930.25
ETH,9502,2025-12-27 13:53:06,SHORT,MODERATE,123,84,39,68.29268292682927,31.70731707317073,9545354.49539,5147967.04893,64.96389850720956,35.03610149279045,0.366,count,2929.05
ETH,9547,2025-12-27 14:54:15,SHORT,MODERATE,123,84,39,68.29268292682927,31.70731707317073,9499410.06505,5109989.43044,65.0225908873429,34.97740911265711,0.366,count,2927.45
ETH,9592,2025-12-27 15:55:24,SHORT,MODERATE,122,83,39,68.0327868852459,31.967213114754102,9488866.89955,5107521.01489,65.00832229981226,34.991677700187736,0.361,count,2925.95
ETH,9642,2025-12-27 16:56:34,SHORT,MODERATE,120,79,41,65.83333333333333,34.166666666666664,9424816.35014,5155786.76244,64.63941359194094,35.36058640805906,0.317,count,2918.15
ETH,9688,2025-12-27 17:57:43,SHORT,MODERATE,120,79,41,65.83333333333333,34.166666666666664,9442914.40662,5018965.73915,65.29520581998453,34.704794180015476,0.317,count,2927.05
ETH,9733,2025-12-27 18:58:52,SHORT,MODERATE,121,79,42,65.28925619834712,34.710743801652896,9434956.40856,5015655.27694,65.29105212914415,34.70894787085586,0.306,count,2924.55
ETH,9756,2025-12-27 19:29:27,SHORT,MODERATE,121,79,42,65.28925619834712,34.710743801652896,9440073.73072,4959841.56116,65.55645321082676,34.44354678917324,0.306,count,2925.95
ETH,9801,2025-12-27 20:30:37,SHORT,MODERATE,122,80,42,65.57377049180327,34.42622950819672,9476166.86119,4966531.66394,65.61216274577542,34.38783725422459,0.311,count,2929.65
ETH,9849,2025-12-27 21:31:46,SHORT,MODERATE,122,80,42,65.57377049180327,34.42622950819672,9472581.36125,4966629.03043,65.60318122871999,34.39681877128001,0.311,count,2931.75
ETH,9895,2025-12-27 22:32:55,SHORT,MODERATE,122,82,40,67.21311475409836,32.78688524590164,9657056.91396,4923709.50852,66.23147668747484,33.76852331252516,0.344,count,2936.05
ETH,9946,2025-12-27 23:34:05,SHORT,MODERATE,123,83,40,67.47967479674797,32.52032520325203,9669157.78793,4934096.89828,66.21234783408032,33.78765216591968,0.35,count,2938.95
ETH,9994,2025-12-28 00:35:14,SHORT,MODERATE,125,85,40,68.0,32.0,9726160.31487,4948599.35756,66.27815740753074,33.721842592469244,0.36,count,2943.95
ETH,10042,2025-12-28 01:36:23,SHORT,MODERATE,124,84,40,67.74193548387096,32.25806451612903,9592489.94412,4938472.77013,66.01413913692714,33.98586086307286,0.355,count,2944.75
ETH,10089,2025-12-28 02:37:33,SHORT,MODERATE,126,87,39,69.04761904761905,30.952380952380953,9622546.43364,4912226.90132,66.20362225047717,33.79637774952285,0.381,count,2946.75
ETH,10137,2025-12-28 03:38:42,SHORT,MODERATE,126,86,40,68.25396825396825,31.746031746031743,9546872.376,4581009.9708,67.57468771080465,32.42531228919535,0.365,count,2941.95
ETH,10185,2025-12-28 04:39:52,SHORT,MODERATE,125,86,39,68.8,31.2,7596290.87676,4529553.69933,62.645458047009186,37.35454195299081,0.376,count,2939.05
ETH,10233,2025-12-28 05:41:02,SHORT,MODERATE,124,85,39,68.54838709677419,31.451612903225808,7567071.12574,4431480.94897,63.06653568383077,36.93346431616922,0.371,count,2932.55
ETH,10282,2025-12-28 06:42:12,SHORT,MODERATE,128,89,39,69.53125,30.46875,7601392.46076,4446328.18233,63.09402986630336,36.90597013369664,0.391,count,2940.85
ETH,10330,2025-12-28 07:43:21,SHORT,MODERATE,127,88,39,69.29133858267717,30.708661417322837,7560374.86032,4436174.97883,63.02124328819259,36.9787567118074,0.386,count,2935.95
ETH,10378,2025-12-28 08:44:30,SHORT,STRONG,128,91,37,71.09375,28.90625,7707476.36706,4358150.66275,63.87961726330082,36.12038273669917,0.422,count,2940.05
ETH,10426,2025-12-28 09:45:39,SHORT,STRONG,130,92,38,70.76923076923077,29.230769230769234,7804940.24045,4381033.36598,64.04855691080503,35.95144308919495,0.415,count,2932.65
ETH,10474,2025-12-28 10:46:48,SHORT,STRONG,130,93,37,71.53846153846153,28.46153846153846,7854926.7295200005,4366309.26582,64.27276858506875,35.72723141493127,0.431,count,2939.95
ETH,10522,2025-12-28 11:47:57,SHORT,STRONG,128,91,37,71.09375,28.90625,7838582.75155,4363767.62743,64.23830252451111,35.761697475488894,0.422,count,2939.75
ETH,10570,2025-12-28 12:49:06,SHORT,STRONG,129,92,37,71.31782945736434,28.68217054263566,7867138.56622,4364222.26382,64.3194054654855,35.680594534514505,0.426,count,2939.45
ETH,10618,2025-12-28 13:50:16,SHORT,STRONG,129,91,38,70.54263565891473,29.457364341085274,7874967.27437,4698282.96881,62.63270929998034,37.36729070001967,0.411,count,2939.95
ETH,10666,2025-12-28 14:51:25,SHORT,STRONG,127,91,36,71.65354330708661,28.346456692913385,7886456.7691,4873479.0445,61.80639843575334,38.19360156424666,0.433,count,2950.05
ETH,10714,2025-12-28 15:52:34,SHORT,STRONG,128,94,34,73.4375,26.5625,7840693.39062,3327293.23672,70.20686585911056,29.793134140889432,0.469,count,2951.65
ETH,10762,2025-12-28 16:53:43,SHORT,STRONG,123,90,33,73.17073170731707,26.82926829268293,7695829.98543,3177085.86171,70.77981742546369,29.22018257453632,0.463,count,2942.65
ETH,10813,2025-12-28 17:54:53,SHORT,STRONG,124,91,33,73.38709677419355,26.61290322580645,7684323.84554,3194814.71267,70.63356904983054,29.36643095016945,0.468,count,2944.45
ETH,10863,2025-12-28 18:56:02,SHORT,STRONG,123,88,35,71.54471544715447,28.455284552845526,7587853.86996,3222788.85996,70.18873955532291,29.811260444677085,0.431,count,2930.95
ETH,10914,2025-12-28 19:57:14,SHORT,STRONG,125,88,37,70.39999999999999,29.599999999999998,7517804.18086,3295154.97138,69.5258723815915,30.474127618408502,0.408,count,2931.95
ETH,10964,2025-12-28 20:58:24,SHORT,MODERATE,128,88,40,68.75,31.25,7511422.37111,3305924.84791,69.43867307783894,30.561326922161058,0.375,count,2931.35
ETH,11014,2025-12-28 21:59:33,SHORT,MODERATE,125,86,39,68.8,31.2,7528228.01138,3300061.19928,69.52370651467984,30.476293485320166,0.376,count,2935.85
ETH,11039,2025-12-28 22:30:07,SHORT,MODERATE,125,86,39,68.8,31.2,7533593.35149,3304562.50149,69.50991897222629,30.4900810277737,0.376,count,2940.35
ETH,11089,2025-12-28 23:31:16,SHORT,MODERATE,125,87,38,69.6,30.4,7655813.53514,3238870.06658,70.2710956556034,29.72890434439659,0.392,count,2941.65
ETH,11138,2025-12-29 00:32:25,SHORT,STRONG,120,87,33,72.5,27.500000000000004,7686070.9896599995,3223190.57017,70.45454861914388,29.545451380856136,0.45,count,2971.25
ETH,11188,2025-12-29 01:33:35,SHORT,STRONG,117,84,33,71.7948717948718,28.205128205128204,7747955.64642,3258501.24067,70.39463949118763,29.60536050881235,0.436,count,2961.55
ETH,11235,2025-12-29 02:34:44,SHORT,STRONG,119,87,32,73.10924369747899,26.89075630252101,7993975.60326,3916647.04367,67.11635352934695,32.88364647065305,0.462,count,3000.15
ETH,11283,2025-12-29 03:35:53,SHORT,STRONG,118,88,30,74.57627118644068,25.423728813559322,8095579.58932,3982883.65942,67.02491387026834,32.97508612973166,0.492,count,3026.75
ETH,11331,2025-12-29 04:37:02,SHORT,STRONG,117,85,32,72.64957264957265,27.350427350427353,8029189.81297,4363937.60678,64.787438561912,35.21256143808801,0.453,count,3050.05
ETH,11379,2025-12-29 05:38:11,SHORT,STRONG,120,87,33,72.5,27.500000000000004,8089443.95695,5212672.16274,60.813211102374,39.186788897626,0.45,count,3040.05
ETH,11429,2025-12-29 06:39:21,SHORT,STRONG,123,87,36,70.73170731707317,29.268292682926827,8072680.85202,5636294.85944,58.886097852457745,41.113902147542255,0.415,count,3034.45
ETH,11480,2025-12-29 07:40:30,SHORT,MODERATE,124,84,40,67.74193548387096,32.25806451612903,7813729.93632,7672587.81524,50.45569942236844,49.54430057763156,0.355,count,3017.35
ETH,11530,2025-12-29 08:41:40,SHORT,MODERATE,126,85,41,67.46031746031747,32.53968253968254,7823198.67698,7673466.519359999,50.48311090070967,49.51688909929033,0.349,count,3018.55
ETH,11580,2025-12-29 09:42:49,SHORT,MODERATE,125,81,44,64.8,35.199999999999996,7574510.37387,7620990.0752,49.847060972141776,50.152939027858224,0.296,count,2967.35
ETH,11630,2025-12-29 10:43:59,SHORT,MODERATE,126,84,42,66.66666666666666,33.33333333333333,7802996.2366700005,7256744.39424,51.81361636902571,48.186383630974284,0.333,count,2972.05
ETH,11681,2025-12-29 11:45:08,SHORT,MODERATE,121,79,42,65.28925619834712,34.710743801652896,7438437.08966,7530110.81939,49.693778814461446,50.30622118553856,0.306,count,2962.45
ETH,11732,2025-12-29 12:46:18,SHORT,MODERATE,118,75,43,63.559322033898304,36.440677966101696,7316486.01778,7548585.11888,49.21931385673762,50.78068614326238,0.271,count,2927.25
ETH,11783,2025-12-29 13:47:27,SHORT,MODERATE,121,76,45,62.8099173553719,37.1900826446281,7354558.03443,7580811.92331,49.24255679798963,50.757443202010364,0.256,count,2929.15
ETH,11832,2025-12-29 14:48:37,SHORT,MODERATE,124,78,46,62.903225806451616,37.096774193548384,7378134.73867,8053949.313610001,47.81035868956353,52.189641310436464,0.258,count,2954.45
ETH,11884,2025-12-29 15:49:47,SHORT,MODERATE,123,80,43,65.04065040650406,34.959349593495936,7432943.72257,7986525.4593,48.20492608986536,51.79507391013465,0.301,count,2935.05
ETH,11936,2025-12-29 16:50:56,SHORT,MODERATE,119,78,41,65.54621848739495,34.45378151260504,7486676.244,7786708.84756,49.017792710124894,50.982207289875106,0.311,count,2939.45
ETH,11988,2025-12-29 17:52:06,SHORT,MODERATE,118,77,41,65.2542372881356,34.74576271186441,7504272.65468,7773394.31988,49.1192317987814,50.880768201218594,0.305,count,2940.45
ETH,12040,2025-12-29 18:53:15,SHORT,MODERATE,122,81,41,66.39344262295081,33.60655737704918,7884075.75576,7747976.08634,50.43532247332195,49.56467752667804,0.328,count,2927.85
ETH,12093,2025-12-29 19:54:24,SHORT,MODERATE,118,77,41,65.2542372881356,34.74576271186441,7773995.76977,7761053.36026,50.04165551522133,49.95834448477868,0.305,count,2931.75
ETH,12144,2025-12-29 20:55:33,SHORT,MODERATE,121,78,43,64.46280991735537,35.53719008264463,7872475.83008,7800059.44647,50.231029576045536,49.76897042395447,0.289,count,2930.55
ETH,12192,2025-12-29 21:56:43,SHORT,MODERATE,122,81,41,66.39344262295081,33.60655737704918,7883424.58553,3898568.75166,66.91078801280491,33.089211987195085,0.328,count,2934.65
ETH,12241,2025-12-29 22:57:52,SHORT,MODERATE,120,79,41,65.83333333333333,34.166666666666664,7896314.51096,3903407.71039,66.91949490703,33.08050509297001,0.317,count,2938.25
ETH,12289,2025-12-29 23:59:02,SHORT,MODERATE,120,80,40,66.66666666666666,33.33333333333333,7945880.08669,3784338.72809,67.73854957145592,32.261450428544066,0.333,count,2936.75
ETH,12313,2025-12-30 00:29:36,SHORT,MODERATE,119,80,39,67.22689075630252,32.773109243697476,7959036.75975,3715152.5735899997,68.1763549698479,31.823645030152083,0.345,count,2935.75
ETH,12361,2025-12-30 01:30:55,SHORT,MODERATE,119,79,40,66.38655462184873,33.61344537815126,7877436.50087,2802268.76767,73.76080428057458,26.239195719425435,0.328,count,2931.85
ETH,12409,2025-12-30 02:32:05,SHORT,MODERATE,120,80,40,66.66666666666666,33.33333333333333,7878985.46798,2602880.24885,75.16777719570727,24.832222804292723,0.333,count,2931.25
ETH,12457,2025-12-30 03:33:14,SHORT,MODERATE,118,77,41,65.2542372881356,34.74576271186441,7074746.79858,2808887.24871,71.5804203669381,28.419579633061893,0.305,count,2938.05
ETH,12505,2025-12-30 04:34:23,SHORT,MODERATE,118,79,39,66.94915254237289,33.05084745762712,7124057.99964,2746124.90724,72.17756820569336,27.822431794306635,0.339,count,2954.35
ETH,12553,2025-12-30 05:35:32,SHORT,MODERATE,116,77,39,66.37931034482759,33.62068965517241,7055498.07934,2731564.59392,72.09004698229714,27.909953017702865,0.328,count,2936.45
ETH,12601,2025-12-30 06:36:42,SHORT,MODERATE,115,77,38,66.95652173913044,33.04347826086956,7115226.38074,2788762.07511,71.84203023315563,28.157969766844378,0.339,count,2945.95
ETH,12649,2025-12-30 07:37:51,SHORT,MODERATE,118,80,38,67.79661016949152,32.20338983050847,7155261.23738,2789384.21073,71.95089331957905,28.049106680420955,0.356,count,2950.05
ETH,12697,2025-12-30 08:39:00,SHORT,MODERATE,116,81,35,69.82758620689656,30.17241379310345,6977704.82983,4297759.68281,61.88396781354655,38.11603218645347,0.397,count,2980.25
ETH,12744,2025-12-30 09:40:11,SHORT,STRONG,118,83,35,70.33898305084746,29.66101694915254,6953836.82067,4292224.054339999,61.83353351858695,38.16646648141306,0.407,count,2974.75
ETH,12792,2025-12-30 10:41:21,SHORT,MODERATE,117,81,36,69.23076923076923,30.76923076923077,6988760.87156,4316961.925129999,61.81613504274238,38.183864957257626,0.385,count,2979.55
ETH,12840,2025-12-30 11:42:30,SHORT,MODERATE,117,80,37,68.37606837606837,31.62393162393162,6999784.19702,4340111.83584,61.72705796187628,38.27294203812373,0.368,count,2977.95
ETH,12888,2025-12-30 12:43:39,SHORT,MODERATE,116,81,35,69.82758620689656,30.17241379310345,7035586.31033,4309139.75765,62.0163613309945,37.983638669005515,0.397,count,2978.25
ETH,12936,2025-12-30 13:44:49,SHORT,MODERATE,120,83,37,69.16666666666667,30.833333333333336,6954091.0549,4530970.61468,60.54900926931032,39.45099073068968,0.383,count,2988.15
ETH,12984,2025-12-30 14:45:58,SHORT,STRONG,120,84,36,70.0,30.0,7057156.44915,4562534.55512,60.734458829900376,39.26554117009963,0.4,count,2973.85
ETH,13032,2025-12-30 15:47:07,SHORT,MODERATE,121,81,40,66.94214876033058,33.057851239669425,7195005.00947,4507714.06167,61.481481062068355,38.51851893793166,0.339,count,2979.65
ETH,13080,2025-12-30 16:48:18,SHORT,MODERATE,120,82,38,68.33333333333333,31.666666666666664,7353774.5182,4468604.23966,62.202156341090905,37.79784365890908,0.367,count,2976.95
ETH,13128,2025-12-30 17:49:27,SHORT,MODERATE,123,84,39,68.29268292682927,31.70731707317073,7362641.21671,4458036.90024,62.28611543150391,37.713884568496084,0.366,count,2968.35
ETH,13176,2025-12-30 18:50:38,SHORT,MODERATE,125,85,40,68.0,32.0,7266278.98163,4666541.2120199995,60.893224432366125,39.106775567633875,0.36,count,2970.55
ETH,13224,2025-12-30 19:51:47,SHORT,MODERATE,123,84,39,68.29268292682927,31.70731707317073,7304543.02442,4700814.97025,60.84402504001118,39.15597495998882,0.366,count,2969.35
ETH,13272,2025-12-30 20:52:56,SHORT,MODERATE,124,85,39,68.54838709677419,31.451612903225808,7349010.28852,4686820.02227,61.059437519085726,38.94056248091429,0.371,count,2960.05
ETH,13320,2025-12-30 21:54:05,SHORT,MODERATE,127,87,40,68.50393700787401,31.496062992125985,7569535.1863,4963584.78032,60.396255732493344,39.60374426750665,0.37,count,2967.05
ETH,13368,2025-12-30 22:55:14,SHORT,MODERATE,124,85,39,68.54838709677419,31.451612903225808,7572659.89283,4828915.170820001,61.06208166272417,38.93791833727583,0.371,count,2966.35
ETH,13416,2025-12-30 23:56:31,SHORT,MODERATE,126,88,38,69.84126984126983,30.158730158730158,7605297.85735,4859770.08175,61.012887330473035,38.987112669526965,0.397,count,2972.65
ETH,13464,2025-12-31 00:57:41,SHORT,MODERATE,126,88,38,69.84126984126983,30.158730158730158,7595880.39829,4847911.04767,61.04152766684368,38.95847233315632,0.397,count,2965.65
ETH,13512,2025-12-31 01:58:50,SHORT,STRONG,125,88,37,70.39999999999999,29.599999999999998,7628983.77093,4869941.68715,61.03711712272195,38.962882877278055,0.408,count,2979.95
ETH,13560,2025-12-31 02:59:59,SHORT,STRONG,123,87,36,70.73170731707317,29.268292682926827,7645311.10006,4865242.21938,61.11089497680364,38.88910502319636,0.415,count,2980.75
ETH,13584,2025-12-31 03:30:33,SHORT,STRONG,122,86,36,70.49180327868852,29.508196721311474,7560242.29082,4841801.85624,60.9596466612499,39.0403533387501,0.41,count,2974.05
ETH,13632,2025-12-31 04:31:43,SHORT,STRONG,122,86,36,70.49180327868852,29.508196721311474,7470468.68723,4837309.77721,60.69713318950208,39.302866810497925,0.41,count,2971.55
ETH,13680,2025-12-31 05:32:53,SHORT,STRONG,123,87,36,70.73170731707317,29.268292682926827,7468645.01543,4847612.1725,60.640541208812316,39.3594587911877,0.415,count,2978.05
ETH,13728,2025-12-31 06:34:02,SHORT,STRONG,122,86,36,70.49180327868852,29.508196721311474,7433268.76038,4846677.81828,60.53176789300924,39.46823210699076,0.41,count,2977.45
ETH,13776,2025-12-31 07:35:11,SHORT,STRONG,122,86,36,70.49180327868852,29.508196721311474,7431431.52578,4839194.62459,60.56277352689062,39.437226473109384,0.41,count,2973.55
ETH,13824,2025-12-31 08:36:20,SHORT,STRONG,124,88,36,70.96774193548387,29.03225806451613,7484004.6414,5818750.25954,56.25905834641187,43.74094165358812,0.419,count,2973.75
ETH,13872,2025-12-31 09:37:30,SHORT,MODERATE,125,87,38,69.6,30.4,7468617.31007,5798966.78041,56.29221762708872,43.70778237291129,0.392,count,2973.15
ETH,13920,2025-12-31 10:38:39,SHORT,MODERATE,126,87,39,69.04761904761905,30.952380952380953,7460173.75744,5836225.24558,56.10672299880274,43.89327700119726,0.381,count,2976.05
ETH,13968,2025-12-31 11:39:48,SHORT,STRONG,127,89,38,70.07874015748031,29.92125984251969,7505254.69862,5866638.03364,56.127093216305866,43.872906783694134,0.402,count,2993.65
ETH,14016,2025-12-31 12:40:57,SHORT,MODERATE,126,86,40,68.25396825396825,31.746031746031743,7522998.37157,5859973.20047,56.21321341881361,43.78678658118639,0.365,count,2992.25
ETH,14064,2025-12-31 13:42:06,SHORT,MODERATE,124,86,38,69.35483870967742,30.64516129032258,7520268.23101,5797840.67246,56.466486987883194,43.533513012116806,0.387,count,2989.75
ETH,14111,2025-12-31 14:43:15,SHORT,STRONG,119,84,35,70.58823529411765,29.411764705882355,7178852.60589,3483737.39541,67.32747489132325,32.67252510867676,0.412,count,2995.95
ETH,14159,2025-12-31 15:44:25,SHORT,STRONG,117,84,33,71.7948717948718,28.205128205128204,7429797.65309,3550198.03762,67.66667184920877,32.333328150791225,0.436,count,2979.75
ETH,14208,2025-12-31 16:45:34,SHORT,STRONG,117,82,35,70.08547008547008,29.914529914529915,7244184.63372,3549769.07344,67.11335651657173,32.88664348342829,0.402,count,2966.25
ETH,14254,2025-12-31 17:46:43,SHORT,STRONG,121,85,36,70.24793388429752,29.75206611570248,7426718.294509999,3584029.38027,67.44971834674604,32.55028165325395,0.405,count,2973.65
ETH,14300,2025-12-31 18:47:52,SHORT,MODERATE,119,82,37,68.90756302521008,31.092436974789916,6636695.90037,3585864.41854,64.92205174953324,35.07794825046677,0.378,count,2973.35
ETH,14346,2025-12-31 19:49:01,SHORT,MODERATE,117,81,36,69.23076923076923,30.76923076923077,5765159.80504,3556186.3285,61.84900466570856,38.15099533429142,0.385,count,2973.35
ETH,14393,2025-12-31 20:50:11,SHORT,STRONG,117,82,35,70.08547008547008,29.914529914529915,5754832.19718,3526481.9580800002,62.004497433357145,37.995502566642855,0.402,count,2963.75
ETH,14441,2025-12-31 21:51:20,SHORT,STRONG,117,82,35,70.08547008547008,29.914529914529915,6665313.6230999995,3547478.11815,65.26436445559199,34.735635544408005,0.402,count,2982.05
ETH,14489,2025-12-31 22:52:29,SHORT,STRONG,117,82,35,70.08547008547008,29.914529914529915,6631044.81388,3565623.47801,65.0314850307924,34.968514969207604,0.402,count,2978.25
ETH,14537,2025-12-31 23:53:38,SHORT,MODERATE,116,80,36,68.96551724137932,31.03448275862069,6635928.57238,3558105.62271,65.09619690677734,34.90380309322267,0.379,count,2971.15
ETH,14585,2026-01-01 00:54:47,SHORT,MODERATE,117,81,36,69.23076923076923,30.76923076923077,6666282.72033,3573333.64191,65.1028562448183,34.8971437551817,0.385,count,2981.05
ETH,14633,2026-01-01 01:55:57,SHORT,STRONG,117,83,34,70.94017094017094,29.059829059829063,6380337.38992,3565866.48186,64.14846781919178,35.85153218080822,0.419,count,2988.15
ETH,14681,2026-01-01 02:57:06,SHORT,STRONG,117,83,34,70.94017094017094,29.059829059829063,6334294.45249,3559919.23402,64.02019051929638,35.979809480703615,0.419,count,2982.95
ETH,14729,2026-01-01 03:58:15,SHORT,STRONG,115,81,34,70.43478260869566,29.565217391304348,6319511.42477,3559349.95742,63.970038451628284,36.029961548371716,0.409,count,2980.65
ETH,14777,2026-01-01 04:59:24,SHORT,STRONG,117,83,34,70.94017094017094,29.059829059829063,6349995.32832,3556437.32973,64.09971729995027,35.900282700049715,0.419,count,2976.25
ETH,14801,2026-01-01 05:29:59,SHORT,STRONG,115,81,34,70.43478260869566,29.565217391304348,6354303.3841,2571612.93326,71.18936765899906,28.810632341000936,0.409,count,2983.45
ETH,14849,2026-01-01 06:31:08,SHORT,STRONG,117,84,33,71.7948717948718,28.205128205128204,6416816.34028,2567831.92272,71.41978352903719,28.58021647096281,0.436,count,2979.85
ETH,14897,2026-01-01 07:32:17,SHORT,STRONG,115,82,33,71.30434782608695,28.695652173913043,6415910.94534,2568225.07271,71.41377793534974,28.586222064650258,0.426,count,2980.15
ETH,14945,2026-01-01 08:33:26,SHORT,STRONG,116,83,33,71.55172413793103,28.448275862068968,6436979.23582,2558688.3460399997,71.55643733212572,28.44356266787428,0.431,count,2983.85
ETH,14993,2026-01-01 09:34:35,SHORT,STRONG,116,83,33,71.55172413793103,28.448275862068968,6439266.1793,2573843.72772,71.44333360768938,28.556666392310632,0.431,count,2984.85
ETH,15041,2026-01-01 10:35:44,SHORT,STRONG,115,82,33,71.30434782608695,28.695652173913043,6412024.77642,2572973.40834,71.36367358755646,28.636326412443537,0.426,count,2983.85
ETH,15089,2026-01-01 11:36:53,SHORT,STRONG,116,82,34,70.6896551724138,29.310344827586203,6425880.34371,2574807.0069,71.39321802211586,28.606781977884154,0.414,count,2987.85
ETH,15137,2026-01-01 12:38:02,SHORT,STRONG,117,83,34,70.94017094017094,29.059829059829063,6441582.74165,2578414.5347100003,71.41446437608555,28.58553562391444,0.419,count,2984.45
ETH,15184,2026-01-01 13:39:11,SHORT,STRONG,115,83,32,72.17391304347827,27.82608695652174,6450403.26474,2555399.1952,71.62496949531109,28.37503050468892,0.443,count,2985.45
ETH,15230,2026-01-01 14:40:21,SHORT,STRONG,112,80,32,71.42857142857143,28.57142857142857,6422213.4674,2554190.54531,71.5455037262869,28.454496273713094,0.429,count,2981.05
ETH,15276,2026-01-01 15:41:30,SHORT,STRONG,112,80,32,71.42857142857143,28.57142857142857,6439387.23174,2564718.37758,71.51612287926406,28.483877120735933,0.429,count,2988.35
ETH,15322,2026-01-01 16:42:39,SHORT,STRONG,116,82,34,70.6896551724138,29.310344827586203,6431927.23989,2585116.27632,71.33077741420766,28.669222585792326,0.414,count,2983.15
ETH,15369,2026-01-01 17:43:49,SHORT,STRONG,115,82,33,71.30434782608695,28.695652173913043,6473839.6076299995,2490456.65061,72.21804613696511,27.781953863034893,0.426,count,2992.95
ETH,15413,2026-01-01 18:44:59,SHORT,STRONG,116,83,33,71.55172413793103,28.448275862068968,6495783.51909,2491983.89142,72.2736050278075,27.726394972192498,0.431,count,2990.25
ETH,15459,2026-01-01 19:46:08,SHORT,STRONG,115,84,31,73.04347826086956,26.956521739130434,6497347.55324,2468775.8618,72.46551550184091,27.534484498159074,0.461,count,2992.75
ETH,15506,2026-01-01 20:47:17,SHORT,STRONG,117,85,32,72.64957264957265,27.350427350427353,6524736.38319,2474492.49836,72.5032829931335,27.49671700686649,0.453,count,2987.85
ETH,15554,2026-01-01 21:48:26,SHORT,STRONG,118,86,32,72.88135593220339,27.11864406779661,6549724.22621,2467361.9992299997,72.63681484747472,27.363185152525276,0.458,count,2987.85
ETH,15604,2026-01-01 22:49:35,SHORT,STRONG,121,90,31,74.3801652892562,25.6198347107438,6615494.57082,2471086.81716,72.80509895141833,27.194901048581677,0.488,count,2993.05
ETH,15654,2026-01-01 23:50:45,SHORT,STRONG,124,92,32,74.19354838709677,25.806451612903224,6606084.05387,2508684.27754,72.47670827908007,27.52329172091993,0.484,count,3003.35
ETH,15704,2026-01-02 00:51:54,SHORT,STRONG,122,90,32,73.77049180327869,26.229508196721312,6608787.51483,2598841.12088,71.77513099517395,28.224869004826058,0.475,count,3003.65
ETH,15754,2026-01-02 01:53:03,SHORT,STRONG,123,91,32,73.98373983739837,26.01626016260163,6623875.61916,2602153.51196,71.79552031563865,28.204479684361345,0.48,count,3002.85
ETH,15802,2026-01-02 02:54:12,SHORT,STRONG,122,89,33,72.95081967213115,27.049180327868854,6628627.70923,2600596.95424,71.8221513825168,28.177848617483196,0.459,count,2999.95
ETH,15851,2026-01-02 03:55:21,SHORT,STRONG,122,90,32,73.77049180327869,26.229508196721312,6866435.82348,2618486.7606,72.39316676137128,27.60683323862873,0.475,count,3028.65
ETH,15901,2026-01-02 04:56:30,SHORT,STRONG,123,91,32,73.98373983739837,26.01626016260163,6902697.44904,2605741.43584,72.59548631075955,27.404513689240428,0.48,count,3012.05
ETH,15952,2026-01-02 05:57:40,SHORT,STRONG,122,90,32,73.77049180327869,26.229508196721312,7015187.65479,2609981.97069,72.88378208129666,27.11621791870335,0.475,count,3016.85
ETH,16001,2026-01-02 06:58:49,SHORT,STRONG,124,93,31,75.0,25.0,7038512.49373,2611394.31264,72.93865769857804,27.06134230142194,0.5,count,3025.75
ETH,16052,2026-01-02 07:59:58,SHORT,STRONG,121,90,31,74.3801652892562,25.6198347107438,6895848.74332,2635231.37855,72.35117798975163,27.648822010248374,0.488,count,3016.65
ETH,16077,2026-01-02 08:30:32,SHORT,STRONG,124,93,31,75.0,25.0,7049557.22958,2642061.47957,72.73869764319566,27.261302356804347,0.5,count,3022.85
ETH,16128,2026-01-02 09:31:43,SHORT,STRONG,125,94,31,75.2,24.8,6976616.73821,2656098.77814,72.42627197251184,27.573728027488148,0.504,count,3038.85
ETH,16180,2026-01-02 10:32:53,SHORT,STRONG,122,92,30,75.40983606557377,24.59016393442623,7023347.30687,2179140.93807,76.32008995753725,23.679910042462733,0.508,count,3055.55
ETH,16232,2026-01-02 11:34:02,SHORT,STRONG,118,85,33,72.03389830508475,27.966101694915253,7994900.471059999,2382892.29045,77.03854427226699,22.961455727733014,0.441,count,3047.55
ETH,16279,2026-01-02 12:35:12,SHORT,STRONG,120,87,33,72.5,27.500000000000004,8713301.71737,2387670.90749,78.49133595606797,21.508664043932026,0.45,count,3053.95
ETH,16327,2026-01-02 13:36:21,SHORT,STRONG,121,88,33,72.72727272727273,27.27272727272727,8721770.2172,2474904.96704,77.89607248298513,22.103927517014863,0.455,count,3049.75
ETH,16375,2026-01-02 14:37:31,SHORT,STRONG,125,90,35,72.0,28.000000000000004,8712586.97709,2646918.99371,76.69864340479245,23.301356595207544,0.44,count,3035.75
ETH,16427,2026-01-02 15:38:41,SHORT,STRONG,124,90,34,72.58064516129032,27.419354838709676,9441701.06225,2506529.86181,79.02174909623957,20.97825090376043,0.452,count,3079.95
ETH,16480,2026-01-02 16:39:50,SHORT,STRONG,125,93,32,74.4,25.6,9749993.3012,2471704.56256,79.77609502285978,20.22390497714023,0.488,count,3132.45
ETH,16535,2026-01-02 17:41:00,SHORT,STRONG,122,89,33,72.95081967213115,27.049180327868854,9704818.01781,2363778.65294,80.41380686232593,19.586193137674087,0.459,count,3122.85
ETH,16589,2026-01-02 18:42:09,SHORT,STRONG,120,87,33,72.5,27.500000000000004,9653262.16854,2356969.52456,80.37532010382361,19.624679896176378,0.45,count,3111.15
ETH,16643,2026-01-02 19:43:19,SHORT,STRONG,118,85,33,72.03389830508475,27.966101694915253,9609265.653309999,2467280.30777,79.56965248406712,20.430347515932876,0.441,count,3123.35
ETH,16696,2026-01-02 20:44:28,SHORT,STRONG,122,88,34,72.1311475409836,27.86885245901639,9677438.01622,2465411.31108,79.6965996643212,20.30340033567881,0.443,count,3123.75
ETH,16750,2026-01-02 21:45:37,SHORT,STRONG,122,89,33,72.95081967213115,27.049180327868854,9679912.89007,2443777.72388,79.84295540280372,20.15704459719627,0.459,count,3124.65
ETH,16805,2026-01-02 22:46:46,SHORT,STRONG,122,90,32,73.77049180327869,26.229508196721312,9866552.34257,2445593.43923,80.1367407227657,19.863259277234302,0.475,count,3137.25
ETH,16858,2026-01-02 23:47:55,SHORT,STRONG,122,89,33,72.95081967213115,27.049180327868854,9821861.66833,2482203.40871,79.8261518191909,20.173848180809085,0.459,count,3120.65
ETH,16911,2026-01-03 00:49:04,SHORT,STRONG,122,89,33,72.95081967213115,27.049180327868854,9837157.8442,2490396.06884,79.79813281363404,20.201867186365952,0.459,count,3129.45
ETH,16962,2026-01-03 01:50:13,SHORT,STRONG,124,91,33,73.38709677419355,26.61290322580645,9904225.52559,2480404.72008,79.97191138631518,20.028088613684822,0.468,count,3129.15
ETH,17014,2026-01-03 02:51:22,SHORT,STRONG,123,90,33,73.17073170731707,26.82926829268293,8243240.08846,2477216.50492,76.89262128583489,23.107378714165108,0.463,count,3125.25
ETH,17068,2026-01-03 03:52:31,SHORT,STRONG,121,88,33,72.72727272727273,27.27272727272727,7801954.95878,2475799.62888,75.91108439335017,24.088915606649845,0.455,count,3123.65
ETH,17122,2026-01-03 04:53:41,SHORT,STRONG,120,88,32,73.33333333333333,26.666666666666668,7770986.0576,2467942.164,75.89647948899926,24.103520511000745,0.467,count,3115.15
ETH,17176,2026-01-03 05:54:51,SHORT,STRONG,120,87,33,72.5,27.500000000000004,7721326.21859,2466390.41615,75.79054753309849,24.209452466901528,0.45,count,3108.45
ETH,17228,2026-01-03 06:56:00,SHORT,STRONG,121,87,34,71.900826446281,28.09917355371901,7694703.73109,2467913.35611,75.71576952143182,24.284230478568176,0.438,count,3099.25
ETH,17280,2026-01-03 07:57:09,SHORT,MODERATE,116,81,35,69.82758620689656,30.17241379310345,7143529.3647799995,3647593.45982,66.19820273470748,33.80179726529252,0.397,count,3088.85
ETH,17333,2026-01-03 08:58:18,SHORT,STRONG,118,83,35,70.33898305084746,29.66101694915254,7231932.08784,3434431.74127,67.80128827129491,32.1987117287051,0.407,count,3095.35
ETH,17387,2026-01-03 09:59:27,SHORT,STRONG,120,86,34,71.66666666666667,28.333333333333332,7314783.22375,3434421.42507,68.04952982779972,31.95047017220028,0.433,count,3100.45
ETH,17413,2026-01-03 10:30:02,SHORT,STRONG,120,85,35,70.83333333333334,29.166666666666668,7291452.92977,3445933.78448,67.90714653215602,32.09285346784398,0.417,count,3100.45
ETH,17468,2026-01-03 11:31:11,SHORT,STRONG,117,83,34,70.94017094017094,29.059829059829063,7290168.33932,3433939.76311,67.97925076555414,32.02074923444585,0.419,count,3093.45
ETH,17522,2026-01-03 12:32:20,SHORT,MODERATE,119,83,36,69.74789915966386,30.252100840336134,7271019.81439,3456862.17974,67.77684372710755,32.223156272892446,0.395,count,3099.25
ETH,17575,2026-01-03 13:33:29,SHORT,STRONG,120,85,35,70.83333333333334,29.166666666666668,7308429.04965,3444517.84271,67.96675481437242,32.03324518562758,0.417,count,3102.65
ETH,17630,2026-01-03 14:34:38,SHORT,STRONG,123,88,35,71.54471544715447,28.455284552845526,7411302.02521,3452142.9489599997,68.22239209414549,31.777607905854506,0.431,count,3109.05
ETH,17683,2026-01-03 15:35:48,SHORT,STRONG,123,87,36,70.73170731707317,29.268292682926827,7199848.88587,3757278.77872,65.70927259648214,34.290727403517856,0.415,count,3104.35
ETH,17737,2026-01-03 16:36:57,SHORT,STRONG,123,88,35,71.54471544715447,28.455284552845526,7220375.90676,3763984.69711,65.73323807501478,34.266761924985204,0.431,count,3106.75
ETH,17792,2026-01-03 17:38:06,SHORT,STRONG,122,87,35,71.31147540983606,28.688524590163933,7223324.64186,3810259.2393,65.46671253566059,34.53328746433941,0.426,count,3108.75
ETH,17846,2026-01-03 18:39:15,SHORT,STRONG,123,88,35,71.54471544715447,28.455284552845526,7229391.44079,5327706.60748,57.57215093009486,42.427849069905136,0.431,count,3112.85
ETH,17899,2026-01-03 19:40:25,SHORT,STRONG,124,89,35,71.7741935483871,28.225806451612907,7245629.6624,5483458.31597,56.92182876504736,43.07817123495264,0.435,count,3112.25
ETH,17953,2026-01-03 20:41:34,SHORT,STRONG,124,90,34,72.58064516129032,27.419354838709676,7586125.24477,3764248.59247,66.83590649569892,33.164093504301086,0.452,count,3113.95
ETH,18008,2026-01-03 21:42:43,SHORT,STRONG,129,96,33,74.4186046511628,25.581395348837212,7791014.95095,3744139.58509,67.54148742964863,32.458512570351374,0.488,count,3120.35
ETH,18065,2026-01-03 22:43:52,SHORT,STRONG,127,95,32,74.80314960629921,25.196850393700785,7879770.2266999995,3714927.64505,67.96011689014108,32.03988310985893,0.496,count,3122.45
ETH,18119,2026-01-03 23:45:02,SHORT,STRONG,127,95,32,74.80314960629921,25.196850393700785,7735453.46937,3719580.75313,67.52885516636876,32.47114483363125,0.496,count,3124.95
ETH,18173,2026-01-04 00:46:11,SHORT,STRONG,125,95,30,76.0,24.0,7940482.09389,3833076.5801500003,67.44334753601979,32.556652463980214,0.52,count,3144.05
ETH,18224,2026-01-04 01:47:20,SHORT,STRONG,119,91,28,76.47058823529412,23.52941176470588,7835783.37766,3830728.34451,67.1647495349409,32.83525046505911,0.529,count,3144.35
ETH,18275,2026-01-04 02:48:29,SHORT,STRONG,120,91,29,75.83333333333333,24.166666666666668,7889721.55784,4469667.5195,63.835853928291684,36.164146071708316,0.517,count,3138.85
ETH,18328,2026-01-04 03:49:38,SHORT,STRONG,120,91,29,75.83333333333333,24.166666666666668,7839554.2529,4994295.02643,61.08497990175298,38.91502009824702,0.517,count,3147.05
ETH,18380,2026-01-04 04:50:52,SHORT,STRONG,122,92,30,75.40983606557377,24.59016393442623,7915619.39361,5370178.89482,59.57955421093028,40.42044578906972,0.508,count,3150.65
ETH,18434,2026-01-04 05:52:09,SHORT,STRONG,123,93,30,75.60975609756098,24.390243902439025,7933932.77139,5750792.27757,57.97655958014995,42.02344041985004,0.512,count,3148.35
ETH,18486,2026-01-04 06:53:18,SHORT,STRONG,127,94,33,74.01574803149606,25.984251968503933,8405426.07497,5808694.40134,59.13433820248621,40.86566179751379,0.48,count,3143.65
ETH,18538,2026-01-04 07:54:29,SHORT,STRONG,126,93,33,73.80952380952381,26.190476190476193,8421913.73794,5841243.08974,59.04663210037692,40.95336789962309,0.476,count,3139.85
ETH,18590,2026-01-04 08:55:38,SHORT,STRONG,123,90,33,73.17073170731707,26.82926829268293,8399180.45558,5857249.61996,58.915032803272524,41.08496719672748,0.463,count,3136.65
ETH,18642,2026-01-04 09:56:48,SHORT,STRONG,120,89,31,74.16666666666667,25.833333333333336,8412582.8773,5719796.06924,59.527011758764324,40.472988241235676,0.483,count,3142.45
ETH,18696,2026-01-04 10:57:57,SHORT,STRONG,123,89,34,72.35772357723577,27.64227642276423,8451493.45803,5762065.31951,59.46078382132484,40.53921617867516,0.447,count,3144.15
ETH,18751,2026-01-04 11:59:06,SHORT,STRONG,123,89,34,72.35772357723577,27.64227642276423,8492855.84777,5846334.36984,59.22828080863242,40.77171919136759,0.447,count,3137.45
ETH,18779,2026-01-04 12:29:40,SHORT,STRONG,122,89,33,72.95081967213115,27.049180327868854,8498951.35391,5942958.46993,58.849220481077545,41.15077951892245,0.459,count,3142.95
ETH,18835,2026-01-04 13:30:49,SHORT,STRONG,123,90,33,73.17073170731707,26.82926829268293,8509912.96439,6559666.53537,56.470805734994336,43.529194265005664,0.463,count,3137.15
ETH,18891,2026-01-04 14:31:59,SHORT,STRONG,121,89,32,73.55371900826447,26.446280991735538,8480694.55804,7280330.45042,53.80801409481835,46.19198590518166,0.471,count,3135.35
ETH,18947,2026-01-04 15:33:08,SHORT,STRONG,122,90,32,73.77049180327869,26.229508196721312,8512579.73903,7504667.110850001,53.146335439625034,46.853664560374966,0.475,count,3134.95
ETH,19003,2026-01-04 16:34:17,SHORT,STRONG,121,88,33,72.72727272727273,27.27272727272727,8332902.74673,7700491.55165,51.972168785070984,48.02783121492903,0.455,count,3134.05
ETH,19059,2026-01-04 17:35:27,SHORT,STRONG,120,88,32,73.33333333333333,26.666666666666668,8413544.32928,7770217.300960001,51.987569524992004,48.012430475007996,0.467,count,3140.15
ETH,19114,2026-01-04 18:36:36,SHORT,STRONG,123,90,33,73.17073170731707,26.82926829268293,8379227.81454,7747888.80064,51.95738342124263,48.04261657875736,0.463,count,3129.15
ETH,19170,2026-01-04 19:37:45,SHORT,STRONG,127,91,36,71.65354330708661,28.346456692913385,8410259.39874,7653637.19915,52.355039435728756,47.644960564271244,0.433,count,3131.55
ETH,19226,2026-01-04 20:38:54,SHORT,STRONG,127,91,36,71.65354330708661,28.346456692913385,8558764.64229,7733917.54901,52.53134224185767,47.46865775814232,0.433,count,3139.55
ETH,19282,2026-01-04 21:40:05,SHORT,STRONG,126,91,35,72.22222222222221,27.77777777777778,8789755.62467,7735501.600099999,53.18982636769418,46.810173632305826,0.444,count,3140.65
ETH,19338,2026-01-04 22:41:15,SHORT,STRONG,129,94,35,72.86821705426357,27.131782945736433,8839790.36286,7577972.101720001,53.84284479648878,46.15715520351123,0.457,count,3135.75
ETH,19394,2026-01-04 23:42:24,SHORT,STRONG,128,92,36,71.875,28.125,8883145.35083,7694008.79207,53.58667280435861,46.41332719564139,0.438,count,3137.85
ETH,19450,2026-01-05 00:43:33,SHORT,STRONG,131,93,38,70.99236641221374,29.00763358778626,8806918.01164,7727350.54744,53.26463629262614,46.73536370737386,0.42,count,3152.25
ETH,19506,2026-01-05 01:44:43,SHORT,STRONG,123,93,30,75.60975609756098,24.390243902439025,8636985.50615,7966659.05505,52.018612385459164,47.981387614540836,0.512,count,3208.15
ETH,19562,2026-01-05 02:45:52,SHORT,STRONG,121,90,31,74.3801652892562,25.6198347107438,8562679.96933,8742770.71967,49.479670441479826,50.520329558520174,0.488,count,3188.45
ETH,19618,2026-01-05 03:47:01,SHORT,STRONG,122,92,30,75.40983606557377,24.59016393442623,8606937.48769,8978271.76058,48.94418579941968,51.05581420058033,0.508,count,3184.95
ETH,19675,2026-01-05 04:48:11,SHORT,STRONG,120,89,31,74.16666666666667,25.833333333333336,8065574.29234,9191287.21273,46.738361375678686,53.261638624321314,0.483,count,3163.15
ETH,19732,2026-01-05 05:49:20,SHORT,STRONG,125,91,34,72.8,27.200000000000003,7991992.52785,9746415.10858,45.05473485363229,54.945265146367696,0.456,count,3154.05
ETH,19790,2026-01-05 06:50:30,SHORT,STRONG,124,92,32,74.19354838709677,25.806451612903224,7808945.53958,9437860.05112,45.27763415963139,54.7223658403686,0.484,count,3153.95
ETH,19847,2026-01-05 07:51:39,SHORT,STRONG,124,90,34,72.58064516129032,27.419354838709676,7816203.67253,9494003.5202,45.15372684743298,54.84627315256703,0.452,count,3157.15
ETH,19903,2026-01-05 08:52:48,SHORT,STRONG,125,91,34,72.8,27.200000000000003,7914211.40013,9632426.50103,45.10386231659111,54.896137683408874,0.456,count,3162.85
ETH,19958,2026-01-05 09:53:58,SHORT,STRONG,124,88,36,70.96774193548387,29.03225806451613,7797024.89624,9642059.31315,44.710059327781245,55.28994067221875,0.419,count,3170.45
ETH,20014,2026-01-05 10:55:07,SHORT,STRONG,122,88,34,72.1311475409836,27.86885245901639,7804162.03554,9300960.33292,45.62470742641416,54.37529257358583,0.443,count,3176.55
ETH,20071,2026-01-05 11:56:19,SHORT,STRONG,130,92,38,70.76923076923077,29.230769230769234,8113390.903729999,9351537.23439,46.45533516980941,53.54466483019059,0.415,count,3181.05
ETH,20131,2026-01-05 12:57:30,SHORT,STRONG,131,93,38,70.99236641221374,29.00763358778626,8127139.07266,9503055.43909,46.09784121918509,53.9021587808149,0.42,count,3168.85
ETH,20188,2026-01-05 13:58:41,SHORT,MODERATE,122,85,37,69.67213114754098,30.327868852459016,7833032.23618,9184907.58357,46.028087530838796,53.9719124691612,0.393,count,3152.95
ETH,20246,2026-01-05 14:59:52,SHORT,MODERATE,125,87,38,69.6,30.4,7112262.82813,9724123.29149,42.243405310370285,57.75659468962972,0.392,count,3164.65
ETH,20277,2026-01-05 15:30:28,SHORT,MODERATE,123,84,39,68.29268292682927,31.70731707317073,7097421.39207,9559188.980379999,42.61023841807047,57.389761581929534,0.366,count,3164.75
ETH,20336,2026-01-05 16:31:40,SHORT,STRONG,126,89,37,70.63492063492063,29.365079365079367,7149966.79739,9533077.27594,42.85768691830135,57.142313081698646,0.413,count,3182.75
ETH,20396,2026-01-05 17:32:51,SHORT,STRONG,126,89,37,70.63492063492063,29.365079365079367,7850813.63988,9566887.83621,45.07376389850944,54.92623610149057,0.413,count,3169.55
ETH,20457,2026-01-05 18:34:03,SHORT,STRONG,128,91,37,71.09375,28.90625,8489021.93955,9844109.03877,46.30426711939584,53.69573288060416,0.422,count,3199.85
ETH,20522,2026-01-05 19:35:14,SHORT,STRONG,132,94,38,71.21212121212122,28.78787878787879,9401991.74488,9903637.70855,48.700778016898916,51.299221983101084,0.424,count,3224.75
ETH,20586,2026-01-05 20:36:26,SHORT,STRONG,127,89,38,70.07874015748031,29.92125984251969,9141538.97648,9998384.8171,47.76162682291502,52.23837317708497,0.402,count,3244.65
ETH,20651,2026-01-05 21:37:38,SHORT,MODERATE,128,89,39,69.53125,30.46875,9063512.633129999,10310101.58168,46.782766151095714,53.217233848904286,0.391,count,3232.65
ETH,20713,2026-01-05 22:38:49,SHORT,MODERATE,128,88,40,68.75,31.25,9496385.47049,10212823.33067,48.18247939983812,51.81752060016187,0.375,count,3245.45
ETH,20777,2026-01-05 23:40:00,SHORT,MODERATE,126,86,40,68.25396825396825,31.746031746031743,9321968.68027,10376415.26012,47.32352008408177,52.676479915918236,0.365,count,3226.05
ETH,20838,2026-01-06 00:41:11,SHORT,MODERATE,125,86,39,68.8,31.2,9044790.26006,10084556.9065,47.28227357319956,52.717726426800425,0.376,count,3202.25
ETH,20899,2026-01-06 01:42:22,SHORT,STRONG,127,90,37,70.86614173228347,29.133858267716533,9035597.6729,10032850.95128,47.38506970851468,52.61493029148533,0.417,count,3230.05
ETH,20962,2026-01-06 02:43:33,SHORT,STRONG,129,91,38,70.54263565891473,29.457364341085274,8402532.779000001,10157180.27753,45.27296706262211,54.727032937377906,0.411,count,3213.25
ETH,21024,2026-01-06 03:44:44,SHORT,STRONG,130,92,38,70.76923076923077,29.230769230769234,8843774.50553,10174308.30454,46.5019244781459,53.49807552185409,0.415,count,3224.45
ETH,21084,2026-01-06 04:45:55,SHORT,STRONG,131,94,37,71.7557251908397,28.24427480916031,8851286.62399,9986684.92653,46.98641040120729,53.01358959879271,0.435,count,3223.35
ETH,21147,2026-01-06 05:47:06,SHORT,STRONG,130,94,36,72.3076923076923,27.692307692307693,8884060.87485,9498904.38257,48.327681363941466,51.672318636058534,0.446,count,3217.75
ETH,21207,2026-01-06 06:48:17,SHORT,STRONG,130,95,35,73.07692307692307,26.923076923076923,9240872.58165,9263037.24772,49.94010815477814,50.05989184522186,0.462,count,3248.95
ETH,21268,2026-01-06 07:49:28,SHORT,STRONG,133,97,36,72.93233082706767,27.06766917293233,9365710.58221,8657555.23438,51.9645589069051,48.0354410930949,0.459,count,3214.75
ETH,21328,2026-01-06 08:50:40,SHORT,STRONG,134,98,36,73.13432835820896,26.865671641791046,9480666.46095,8391853.89834,53.04605209763839,46.95394790236161,0.463,count,3216.15
ETH,21388,2026-01-06 09:51:51,SHORT,STRONG,134,98,36,73.13432835820896,26.865671641791046,9513081.0032,8381223.51058,53.162619401464816,46.83738059853519,0.463,count,3222.15
ETH,21448,2026-01-06 10:53:02,SHORT,STRONG,135,99,36,73.33333333333333,26.666666666666668,9662038.83734,8434209.666749999,53.39249643458559,46.60750356541442,0.467,count,3228.85
ETH,21512,2026-01-06 11:54:15,SHORT,STRONG,134,97,37,72.38805970149254,27.611940298507463,9322296.08833,8455686.71774,52.43731074566601,47.56268925433398,0.448,count,3237.05
ETH,21572,2026-01-06 12:55:26,SHORT,STRONG,135,98,37,72.5925925925926,27.40740740740741,9336034.90569,8686504.71852,51.80199406053039,48.19800593946961,0.452,count,3237.85
ETH,21636,2026-01-06 13:56:37,SHORT,STRONG,137,96,41,70.07299270072993,29.927007299270077,9348641.00451,8722351.45717,51.73285874770869,48.2671412522913,0.401,count,3234.45
ETH,21696,2026-01-06 14:57:49,SHORT,MODERATE,133,93,40,69.92481203007519,30.075187969924812,9412665.3145,8964267.31304,51.220002300024824,48.779997699975176,0.398,count,3271.55
ETH,21756,2026-01-06 15:59:00,SHORT,STRONG,131,92,39,70.22900763358778,29.770992366412212,9392209.48507,8961775.63067,51.172589635672274,48.82741036432772,0.405,count,3267.35
ETH,21788,2026-01-06 16:29:36,SHORT,MODERATE,131,90,41,68.70229007633588,31.297709923664126,9364701.95441,8724120.68295,51.77065496274192,48.22934503725807,0.374,count,3248.25
ETH,21849,2026-01-06 17:30:47,SHORT,MODERATE,129,88,41,68.21705426356588,31.782945736434108,9549166.33056,8491284.07961,52.93197294662233,47.068027053377676,0.364,count,3249.65
ETH,21910,2026-01-06 18:31:58,SHORT,MODERATE,129,87,42,67.44186046511628,32.55813953488372,9565777.71134,8533874.50581,52.85061611446942,47.14938388553057,0.349,count,3219.05
ETH,21969,2026-01-06 19:33:10,SHORT,MODERATE,131,89,42,67.93893129770993,32.06106870229007,9665191.28233,8521749.6915,53.143578660301785,46.85642133969823,0.359,count,3228.85
ETH,22028,2026-01-06 20:34:21,SHORT,MODERATE,131,88,43,67.17557251908397,32.82442748091603,9805797.19083,8625553.52038,53.20172864415241,46.79827135584759,0.344,count,3243.55
ETH,22085,2026-01-06 21:35:31,SHORT,MODERATE,130,86,44,66.15384615384615,33.84615384615385,9704435.61877,8795436.650080001,52.45677093192845,47.543229068071554,0.323,count,3295.15
ETH,22143,2026-01-06 22:36:42,SHORT,MODERATE,130,85,45,65.38461538461539,34.61538461538461,9717152.00801,8632823.22886,52.95457831728104,47.045421682718974,0.308,count,3268.25
ETH,22203,2026-01-06 23:37:54,SHORT,MODERATE,128,87,41,67.96875,32.03125,9823556.23813,8583585.784610001,53.36817755843941,46.631822441560594,0.359,count,3289.65
ETH,22262,2026-01-07 00:39:05,SHORT,MODERATE,125,86,39,68.8,31.2,9766012.91956,8516778.283019999,53.416422095231596,46.58357790476841,0.376,count,3276.95
ETH,22323,2026-01-07 01:40:16,SHORT,MODERATE,123,82,41,66.66666666666666,33.33333333333333,9837238.21909,8457983.280159999,53.76944039454932,46.23055960545068,0.333,count,3249.25
ETH,22381,2026-01-07 02:41:27,SHORT,MODERATE,124,83,41,66.93548387096774,33.064516129032256,9848771.05102,8483452.03891,53.723822815739084,46.27617718426093,0.339,count,3259.85
ETH,22439,2026-01-07 03:42:39,SHORT,MODERATE,124,82,42,66.12903225806451,33.87096774193548,9576026.65114,8498744.57106,52.980071135718866,47.019928864281155,0.323,count,3266.95
ETH,22499,2026-01-07 04:43:50,SHORT,MODERATE,124,82,42,66.12903225806451,33.87096774193548,9554880.27764,8481796.58267,52.97472672843448,47.02527327156551,0.323,count,3259.55
ETH,22555,2026-01-07 05:45:01,SHORT,MODERATE,121,79,42,65.28925619834712,34.710743801652896,9544465.45495,8425923.09492,53.11218190114785,46.88781809885215,0.306,count,3255.35
ETH,22613,2026-01-07 06:46:12,SHORT,MODERATE,123,81,42,65.85365853658537,34.146341463414636,9552591.31624,8405924.93645,53.19254208882162,46.807457911178375,0.317,count,3248.05
ETH,22671,2026-01-07 07:47:22,SHORT,MODERATE,123,82,41,66.66666666666666,33.33333333333333,9527100.02511,8392228.16294,53.16661386593393,46.83338613406605,0.333,count,3253.75
ETH,22731,2026-01-07 08:48:34,SHORT,MODERATE,123,81,42,65.85365853658537,34.146341463414636,9293764.25685,8883225.91244,51.12928031700101,48.870719682998995,0.317,count,3253.95
ETH,22788,2026-01-07 09:49:46,SHORT,MODERATE,118,76,42,64.40677966101694,35.59322033898305,8573455.98525,8343174.852510001,50.68063533143368,49.319364668566315,0.288,count,3204.45
ETH,22845,2026-01-07 10:50:57,SHORT,MODERATE,119,78,41,65.54621848739495,34.45378151260504,8672663.3269,8320644.49663,51.03575723433483,48.96424276566516,0.311,count,3216.85
ETH,22901,2026-01-07 11:52:08,SHORT,MODERATE,121,78,43,64.46280991735537,35.53719008264463,8681668.15181,8411756.02718,50.78952034947379,49.21047965052621,0.289,count,3219.55
ETH,22957,2026-01-07 12:53:31,SHORT,MODERATE,122,78,44,63.934426229508205,36.0655737704918,8670275.97301,8407658.78461,50.76887864992816,49.231121350071845,0.279,count,3215.95
ETH,23015,2026-01-07 13:54:43,SHORT,MODERATE,125,79,46,63.2,36.8,8907195.85065,8427913.268930001,51.382404282585824,48.61759571741418,0.264,count,3210.35
ETH,23068,2026-01-07 14:55:54,SHORT,MODERATE,122,79,43,64.75409836065575,35.24590163934426,7872928.5265999995,9046713.95112,46.53129365450347,53.46870634549653,0.295,count,3199.95
ETH,23122,2026-01-07 15:57:06,SHORT,MODERATE,123,78,45,63.41463414634146,36.58536585365854,8368637.1440200005,8941860.48377,48.34428982899441,51.65571017100559,0.268,count,3163.55
ETH,23180,2026-01-07 16:58:17,SHORT,MODERATE,126,79,47,62.698412698412696,37.301587301587304,8227324.01183,8911830.347240001,48.00309186477522,51.99690813522477,0.254,count,3159.35
ETH,23238,2026-01-07 17:59:28,SHORT,MODERATE,122,75,47,61.47540983606557,38.52459016393443,8066724.3363499995,8947475.61829,47.41171702375635,52.58828297624364,0.23,count,3152.15
ETH,23266,2026-01-07 18:30:04,SHORT,MODERATE,125,77,48,61.6,38.4,7992847.358,8991899.77946,47.05897175455564,52.94102824544436,0.232,count,3152.45
ETH,23324,2026-01-07 19:31:15,SHORT,MODERATE,127,77,50,60.629921259842526,39.37007874015748,8053153.1872499995,9035165.40457,47.126656399682055,52.87334360031794,0.213,count,3142.6
ETH,23382,2026-01-07 20:32:27,SHORT,MODERATE,128,78,50,60.9375,39.0625,8011765.22421,8809770.1558,47.628025880032574,52.37197411996741,0.219,count,3135.75
ETH,23436,2026-01-07 21:33:38,SHORT,MODERATE,129,80,49,62.01550387596899,37.98449612403101,8206796.31641,8688534.465909999,48.574345315558695,51.425654684441305,0.24,count,3147.15
ETH,23492,2026-01-07 22:34:49,SHORT,MODERATE,129,80,49,62.01550387596899,37.98449612403101,8231956.39436,8717761.79727,48.5669218879701,51.433078112029904,0.24,count,3159.15
ETH,23548,2026-01-07 23:36:00,SHORT,MODERATE,127,78,49,61.417322834645674,38.582677165354326,8264381.28998,8739347.434460001,48.60334708881436,51.39665291118565,0.228,count,3164.25
ETH,23603,2026-01-08 00:37:21,SHORT,MODERATE,126,78,48,61.904761904761905,38.095238095238095,8251197.39932,8715734.72687,48.631050905092785,51.36894909490722,0.238,count,3161.85
ETH,23659,2026-01-08 01:38:32,SHORT,MODERATE,125,78,47,62.4,37.6,8284940.72886,8741030.70943,48.66060511665052,51.33939488334948,0.248,count,3170.75
ETH,23715,2026-01-08 02:39:43,SHORT,MODERATE,124,78,46,62.903225806451616,37.096774193548384,8218495.15875,8848930.85524,48.15310259445907,51.846897405540936,0.258,count,3155.45
ETH,23770,2026-01-08 03:40:54,SHORT,MODERATE,125,78,47,62.4,37.6,8531365.54694,7018257.48271,54.86541719160911,45.13458280839089,0.248,count,3153.15
ETH,23827,2026-01-08 04:42:06,SHORT,MODERATE,123,75,48,60.97560975609756,39.02439024390244,7645319.93297,4963624.27603,60.634100732343086,39.365899267656914,0.22,count,3154.65
ETH,23881,2026-01-08 05:43:17,SHORT,MODERATE,123,74,49,60.16260162601627,39.83739837398374,7483406.46648,3540387.37465,67.88412931453107,32.11587068546894,0.203,count,3148.75
ETH,23935,2026-01-08 06:44:28,SHORT,MODERATE,122,74,48,60.65573770491803,39.34426229508197,7203067.05391,3570056.73857,66.86145256158647,33.13854743841353,0.213,count,3120.85
ETH,23985,2026-01-08 07:45:39,SHORT,MODERATE,119,72,47,60.50420168067227,39.49579831932773,6919050.1272,3162327.28094,68.63199191028555,31.36800808971445,0.21,count,3129.85
ETH,24038,2026-01-08 08:46:50,SHORT,MODERATE,115,69,46,60.0,40.0,6640020.4829,3156889.46171,67.77668183581869,32.22331816418132,0.2,count,3123.85
ETH,24100,2026-01-08 09:48:02,SHORT,MODERATE,116,67,49,57.758620689655174,42.241379310344826,6610883.95501,3161768.13483,67.6467748389704,32.353225161029606,0.155,count,3112.95
ETH,24149,2026-01-08 10:49:15,SHORT,MODERATE,118,70,48,59.32203389830508,40.67796610169492,6719346.70781,3013902.86384,69.03497807537389,30.965021924626118,0.186,count,3120.55
ETH,24204,2026-01-08 11:50:26,SHORT,MODERATE,115,67,48,58.26086956521739,41.73913043478261,5994742.50309,3161288.35256,65.4731575024211,34.52684249757888,0.165,count,3117.05
ETH,24263,2026-01-08 12:51:38,SHORT,MODERATE,117,70,47,59.82905982905983,40.17094017094017,5912031.286,3196780.27236,64.90452951103136,35.09547048896866,0.197,count,3101.85
ETH,24319,2026-01-08 13:52:49,SHORT,MODERATE,118,73,45,61.86440677966102,38.13559322033898,5934293.0361,2715429.87164,68.60674150370572,31.393258496294273,0.237,count,3092.85
ETH,24376,2026-01-08 14:54:01,SHORT,MODERATE,117,74,43,63.24786324786324,36.75213675213676,5786268.69322,3265359.10214,63.92517262128396,36.07482737871604,0.265,count,3084.35
ETH,24430,2026-01-08 15:55:12,SHORT,MODERATE,125,81,44,64.8,35.199999999999996,6036192.84606,3284263.28428,64.7628481015103,35.237151898489685,0.296,count,3098.45
ETH,24489,2026-01-08 16:56:24,SHORT,MODERATE,129,84,45,65.11627906976744,34.883720930232556,6069923.5152900005,3320799.95446,64.6374428428526,35.36255715714741,0.302,count,3119.05
ETH,24549,2026-01-08 17:57:35,SHORT,MODERATE,128,86,42,67.1875,32.8125,6965700.07066,2781327.18897,71.46486703192436,28.535132968075644,0.344,count,3135.65
ETH,24613,2026-01-08 18:58:46,SHORT,MODERATE,121,78,43,64.46280991735537,35.53719008264463,6721232.2721,2690871.29388,71.41052183481979,28.58947816518021,0.289,count,3120.15
ETH,24677,2026-01-08 19:59:57,SHORT,MODERATE,120,77,43,64.16666666666667,35.833333333333336,6672820.53472,2687394.18047,71.28918232923837,28.710817670761617,0.283,count,3112.45
ETH,24708,2026-01-08 20:30:33,SHORT,MODERATE,120,77,43,64.16666666666667,35.833333333333336,6620579.49089,2675203.4295,71.22132205096972,28.77867794903028,0.283,count,3099.6
ETH,24766,2026-01-08 21:31:44,SHORT,MODERATE,122,78,44,63.934426229508205,36.0655737704918,6709844.98329,2686754.53439,71.40716139562203,28.592838604377956,0.279,count,3110.25
ETH,24825,2026-01-08 22:32:55,SHORT,MODERATE,124,79,45,63.70967741935484,36.29032258064516,6914120.24813,3200290.48686,68.35910098263214,31.640899017367857,0.274,count,3116.05
ETH,24883,2026-01-08 23:34:06,SHORT,MODERATE,127,82,45,64.56692913385827,35.43307086614173,6994061.64231,3196285.26749,68.6341859037581,31.365814096241905,0.291,count,3115.25
ETH,24939,2026-01-09 00:35:17,SHORT,MODERATE,126,81,45,64.28571428571429,35.714285714285715,7010519.95168,3189233.80922,68.73224703280886,31.267752967191143,0.286,count,3109.25
ETH,24995,2026-01-09 01:36:28,SHORT,MODERATE,124,78,46,62.903225806451616,37.096774193548384,7003456.96226,3200444.70598,68.63508871374667,31.36491128625334,0.258,count,3105.55
ETH,25050,2026-01-09 02:37:39,SHORT,MODERATE,124,78,46,62.903225806451616,37.096774193548384,7301270.24155,2746608.49911,72.66479253978748,27.33520746021252,0.258,count,3119.15
ETH,25106,2026-01-09 03:38:50,SHORT,MODERATE,121,77,44,63.63636363636363,36.36363636363637,7297983.82176,2419585.21974,75.10092071991583,24.899079280084166,0.273,count,3116.75
ETH,25162,2026-01-09 04:40:02,SHORT,MODERATE,120,78,42,65.0,35.0,7294454.71853,2402339.85169,75.22542285191986,24.774577148080137,0.3,count,3115.75
ETH,25218,2026-01-09 05:41:15,SHORT,MODERATE,121,78,43,64.46280991735537,35.53719008264463,7296645.9765099995,2421981.79097,75.0789736070115,24.921026392988505,0.289,count,3118.65
ETH,25274,2026-01-09 06:42:27,SHORT,MODERATE,122,79,43,64.75409836065575,35.24590163934426,7023822.99963,2425598.09832,74.33072276939569,25.669277230604315,0.295,count,3124.95
ETH,25330,2026-01-09 07:43:39,SHORT,MODERATE,123,80,43,65.04065040650406,34.959349593495936,7051510.4216,2406841.6327,74.55326658510465,25.446733414895363,0.301,count,3117.45
ETH,25386,2026-01-09 08:44:50,SHORT,MODERATE,122,79,43,64.75409836065575,35.24590163934426,7079274.11157,2258895.23624,75.81008490952502,24.18991509047498,0.295,count,3086.85
ETH,25443,2026-01-09 09:46:01,SHORT,MODERATE,122,75,47,61.47540983606557,38.52459016393443,6776621.73039,2948338.83212,69.68276824189982,30.31723175810018,0.23,count,3092.45
ETH,25496,2026-01-09 10:47:13,SHORT,MODERATE,126,77,49,61.111111111111114,38.88888888888889,6926832.7314,2962916.88674,70.04052679649895,29.95947320350104,0.222,count,3098.05
ETH,25550,2026-01-09 11:48:25,SHORT,MODERATE,125,75,50,60.0,40.0,6908666.65044,3002357.13357,69.70689205272751,30.29310794727249,0.2,count,3092.55
ETH,25609,2026-01-09 12:49:36,SHORT,MODERATE,122,71,51,58.19672131147541,41.80327868852459,6797274.10612,3065530.03179,68.91827122464171,31.081728775358286,0.164,count,3087.65
ETH,25661,2026-01-09 13:50:48,SHORT,MODERATE,125,74,51,59.199999999999996,40.8,6924449.87422,2943692.01296,70.16974374087344,29.830256259126543,0.184,count,3092.65
ETH,25721,2026-01-09 14:51:59,SHORT,MODERATE,124,72,52,58.06451612903226,41.935483870967744,6937617.9687,2774096.49908,71.43556363520096,28.56443636479904,0.161,count,3073.45
ETH,25768,2026-01-09 15:53:11,SHORT,MODERATE,124,79,45,63.70967741935484,36.29032258064516,7884755.36283,2065898.54598,79.23856497359517,20.761435026404822,0.274,count,3116.8
ETH,25820,2026-01-09 16:54:22,SHORT,MODERATE,123,77,46,62.601626016260155,37.39837398373984,8007194.30347,2418508.10652,76.80244446453254,23.197555535467462,0.252,count,3135.45
ETH,25873,2026-01-09 17:55:33,SHORT,MODERATE,125,77,48,61.6,38.4,7539977.86487,3218439.9097499996,70.08444943137859,29.915550568621402,0.232,count,3117.6
ETH,25924,2026-01-09 18:56:45,SHORT,MODERATE,118,72,46,61.016949152542374,38.983050847457626,7108667.81731,2726739.71002,72.27629152688274,27.72370847311726,0.22,count,3096.75
ETH,25972,2026-01-09 19:57:57,SHORT,MODERATE,118,73,45,61.86440677966102,38.13559322033898,7395492.44617,2724398.6561000003,73.07877497329109,26.921225026708917,0.237,count,3082.25
ETH,26022,2026-01-09 20:59:08,SHORT,MODERATE,118,72,46,61.016949152542374,38.983050847457626,7337693.59851,2597941.30026,73.85228697783955,26.147713022160428,0.22,count,3070.75
ETH,26045,2026-01-09 21:29:44,SHORT,MODERATE,119,74,45,62.18487394957983,37.81512605042017,7422752.82256,2623732.44331,73.88407613333824,26.11592386666175,0.244,count,3087.05
ETH,26094,2026-01-09 22:30:55,SHORT,MODERATE,119,73,46,61.34453781512605,38.655462184873954,7522965.24249,2601987.77087,74.30123609031423,25.698763909685752,0.227,count,3083.05
ETH,26140,2026-01-09 23:32:06,SHORT,MODERATE,120,76,44,63.33333333333333,36.666666666666664,7530868.43635,2598543.23277,74.34655320908928,25.65344679091071,0.267,count,3089.15
ETH,26188,2026-01-10 00:33:18,SHORT,MODERATE,120,76,44,63.33333333333333,36.666666666666664,7538380.993100001,1453536.05048,83.83508162458206,16.164918375417926,0.267,count,3088.45
ETH,26236,2026-01-10 01:34:29,SHORT,MODERATE,121,77,44,63.63636363636363,36.36363636363637,7539798.55071,2246090.54822,77.04765989565945,22.952340104340543,0.273,count,3089.45
ETH,26284,2026-01-10 02:35:40,SHORT,MODERATE,122,78,44,63.934426229508205,36.0655737704918,7535289.04407,3100913.33697,70.84567192424187,29.154328075758134,0.279,count,3087.65
ETH,26333,2026-01-10 03:36:51,SHORT,MODERATE,123,76,47,61.78861788617886,38.21138211382114,7503758.47559,4064802.95193,64.86336717493327,35.13663282506673,0.236,count,3084.45
ETH,26381,2026-01-10 04:38:03,SHORT,MODERATE,123,76,47,61.78861788617886,38.21138211382114,7302742.11116,4915723.8628,59.76807666955579,40.231923330444204,0.236,count,3082.55
ETH,26428,2026-01-10 05:39:14,SHORT,MODERATE,123,75,48,60.97560975609756,39.02439024390244,6998754.68124,5779549.81967,54.770604979256746,45.22939502074327,0.22,count,3085.15
ETH,26475,2026-01-10 06:40:26,SHORT,MODERATE,123,76,47,61.78861788617886,38.21138211382114,7002425.26866,6148721.8335,53.245737533495394,46.7542624665046,0.236,count,3086.75
ETH,26523,2026-01-10 07:41:37,SHORT,MODERATE,123,76,47,61.78861788617886,38.21138211382114,6997689.14012,6198697.83223,53.02731084487028,46.97268915512972,0.236,count,3089.65
ETH,26571,2026-01-10 08:42:48,SHORT,MODERATE,123,76,47,61.78861788617886,38.21138211382114,6996187.04641,6194752.16918,53.03782340336618,46.96217659663382,0.236,count,3088.15
ETH,26620,2026-01-10 09:44:00,SHORT,MODERATE,123,77,46,62.601626016260155,37.39837398373984,7005096.00406,6201223.39592,53.04351494081393,46.956485059186065,0.252,count,3091.95
ETH,26669,2026-01-10 10:45:11,SHORT,MODERATE,126,80,46,63.49206349206349,36.507936507936506,7275796.56729,5954823.2539,54.992106686016115,45.007893313983885,0.27,count,3097.65
ETH,26722,2026-01-10 11:46:23,SHORT,MODERATE,128,83,45,64.84375,35.15625,7308032.57644,5949186.74704,55.1249277704614,44.87507222953862,0.297,count,3095.35
ETH,26775,2026-01-10 12:47:34,SHORT,MODERATE,129,84,45,65.11627906976744,34.883720930232556,7254287.45886,5951757.16902,54.93156856024156,45.06843143975844,0.302,count,3096.65
ETH,26830,2026-01-10 13:48:46,SHORT,MODERATE,130,85,45,65.38461538461539,34.61538461538461,7253595.33203,6170464.11771,54.034290887846815,45.965709112153185,0.308,count,3096.65
ETH,26886,2026-01-10 14:49:57,SHORT,MODERATE,130,85,45,65.38461538461539,34.61538461538461,7196094.4624,6157081.36151,53.89050932374288,46.10949067625712,0.308,count,3090.65
ETH,26941,2026-01-10 15:51:09,SHORT,MODERATE,130,83,47,63.84615384615384,36.15384615384615,7201689.96096,6166734.83237,53.87089408284803,46.129105917151975,0.277,count,3094.55
ETH,26995,2026-01-10 16:52:20,SHORT,MODERATE,130,85,45,65.38461538461539,34.61538461538461,7415613.4079599995,5943181.45634,55.51109574844555,44.48890425155445,0.308,count,3094.25
ETH,27051,2026-01-10 17:53:32,SHORT,MODERATE,131,86,45,65.64885496183206,34.35114503816794,7415407.30062,5941575.70945,55.51708267525256,44.48291732474744,0.313,count,3094.05
ETH,27107,2026-01-10 18:54:44,SHORT,MODERATE,132,85,47,64.39393939393939,35.60606060606061,7204673.66445,6775137.2538,51.536274035327835,48.463725964672165,0.288,count,3091.55
ETH,27164,2026-01-10 19:55:56,SHORT,MODERATE,131,85,46,64.8854961832061,35.11450381679389,7195855.87108,6772651.96356,51.51485009182768,48.485149908172325,0.298,count,3090.95
ETH,27219,2026-01-10 20:57:08,SHORT,MODERATE,129,83,46,64.34108527131784,35.65891472868217,7190134.88708,6767284.658,51.514786553897984,48.48521344610203,0.287,count,3088.45
ETH,27274,2026-01-10 21:58:19,SHORT,MODERATE,129,82,47,63.565891472868216,36.434108527131784,7122430.1362499995,6760212.89389,51.304568739445386,48.695431260554614,0.271,count,3085.65
ETH,27326,2026-01-10 22:59:30,SHORT,MODERATE,124,78,46,62.903225806451616,37.096774193548384,7001506.93779,6747512.3066300005,50.923682724726284,49.076317275273716,0.258,count,3080.25
ETH,27352,2026-01-10 23:30:06,SHORT,MODERATE,124,78,46,62.903225806451616,37.096774193548384,7014172.14492,6759428.31454,50.92475395641753,49.07524604358247,0.258,count,3086.45
ETH,27404,2026-01-11 00:31:17,SHORT,MODERATE,126,80,46,63.49206349206349,36.507936507936506,7024809.21611,6768203.33691,50.9302024420467,49.0697975579533,0.27,count,3090.05
ETH,27458,2026-01-11 01:32:29,SHORT,MODERATE,126,80,46,63.49206349206349,36.507936507936506,7021816.89979,6767227.12114,50.92315964131946,49.07684035868055,0.27,count,3090.05
ETH,27511,2026-01-11 02:33:40,SHORT,MODERATE,127,81,46,63.77952755905512,36.22047244094488,7033419.79437,6788458.37348,50.8861365218071,49.11386347819291,0.276,count,3092.65
ETH,27563,2026-01-11 03:34:51,SHORT,MODERATE,128,82,46,64.0625,35.9375,7046197.44974,6790743.83684,50.92308555629905,49.07691444370095,0.281,count,3094.65
ETH,27616,2026-01-11 04:36:03,SHORT,MODERATE,128,82,46,64.0625,35.9375,7044923.24542,6794813.1425,50.903594172278844,49.096405827721156,0.281,count,3096.55
ETH,27669,2026-01-11 05:37:14,SHORT,MODERATE,128,83,45,64.84375,35.15625,7098688.62324,6166514.13624,53.513608136648415,46.486391863351585,0.297,count,3097.85
ETH,27721,2026-01-11 06:38:26,SHORT,MODERATE,129,83,46,64.34108527131784,35.65891472868217,7085633.2363,6172567.195,53.44340110873732,46.55659889126269,0.287,count,3092.35
ETH,27774,2026-01-11 07:39:37,SHORT,MODERATE,127,81,46,63.77952755905512,36.22047244094488,7092930.81407,6169795.30829,53.48018762230059,46.5198123776994,0.276,count,3092.75
ETH,27827,2026-01-11 08:40:49,SHORT,MODERATE,128,82,46,64.0625,35.9375,7101148.994179999,6200100.94856,53.38708034770748,46.61291965229251,0.281,count,3097.95
ETH,27879,2026-01-11 09:42:00,SHORT,MODERATE,130,86,44,66.15384615384615,33.84615384615385,7345167.51445,5915906.5476,55.38893365711681,44.61106634288319,0.323,count,3099.45
ETH,27932,2026-01-11 10:43:11,SHORT,MODERATE,131,87,44,66.41221374045801,33.587786259541986,7380615.1064,5928179.3108,55.45667680358374,44.54332319641627,0.328,count,3106.05
ETH,27984,2026-01-11 11:44:23,SHORT,MODERATE,129,86,43,66.66666666666666,33.33333333333333,7393716.525,5924477.8906,55.51590774451767,44.484092255482324,0.333,count,3106.05
ETH,28036,2026-01-11 12:45:34,SHORT,MODERATE,129,88,41,68.21705426356588,31.782945736434108,7394590.67265,5925623.06258,55.514054200890186,44.48594579910983,0.364,count,3110.25
ETH,28090,2026-01-11 13:46:45,SHORT,MODERATE,133,90,43,67.66917293233082,32.33082706766917,7401337.17256,5913470.75232,55.587262049269896,44.412737950730104,0.353,count,3107.35
ETH,28141,2026-01-11 14:47:57,SHORT,MODERATE,133,92,41,69.17293233082707,30.82706766917293,7470466.09947,5925355.92668,55.76713459530064,44.23286540469935,0.383,count,3114.35
ETH,28195,2026-01-11 15:49:08,SHORT,MODERATE,132,90,42,68.18181818181817,31.818181818181817,7426397.08744,5927361.4703399995,55.612785384032016,44.387214615967984,0.364,count,3111.15
ETH,28250,2026-01-11 16:50:20,SHORT,MODERATE,135,91,44,67.4074074074074,32.592592592592595,7526538.48959,5940051.49547,55.89045554917789,44.10954445082211,0.348,count,3130.45
ETH,28304,2026-01-11 17:51:32,SHORT,MODERATE,134,91,43,67.91044776119402,32.08955223880597,7540139.92721,5877927.80643,56.193932516127944,43.80606748387205,0.358,count,3122.55
ETH,28357,2026-01-11 18:52:44,SHORT,MODERATE,134,91,43,67.91044776119402,32.08955223880597,7465471.04703,5878904.39299,55.94470180028757,44.05529819971244,0.358,count,3125.85
ETH,28412,2026-01-11 19:53:56,SHORT,MODERATE,132,89,43,67.42424242424242,32.57575757575758,7471030.86957,5869842.00849,56.001064831796974,43.998935168203026,0.348,count,3121.65
ETH,28464,2026-01-11 20:55:07,SHORT,MODERATE,128,84,44,65.625,34.375,6139326.13018,5824625.83159,51.315202115469894,48.68479788453011,0.312,count,3113.75
ETH,28516,2026-01-11 21:56:18,SHORT,MODERATE,129,85,44,65.89147286821705,34.10852713178294,7406543.9583,6444084.13677,53.474426628611084,46.52557337138891,0.318,count,3120.65
ETH,28568,2026-01-11 22:57:29,SHORT,MODERATE,127,84,43,66.14173228346458,33.85826771653544,7385095.55358,6421205.16855,53.49076267578682,46.509237324213174,0.323,count,3111.45
ETH,28620,2026-01-11 23:58:41,SHORT,MODERATE,125,83,42,66.4,33.6,7324152.82159,6383535.63466,53.43098396907732,46.569016030922675,0.328,count,3122.55
ETH,28672,2026-01-12 00:59:52,SHORT,MODERATE,127,84,43,66.14173228346458,33.85826771653544,6097943.40727,6209271.30862,49.547712850064016,50.45228714993597,0.323,count,3117.85
ETH,28699,2026-01-12 01:30:27,SHORT,MODERATE,128,84,44,65.625,34.375,7595624.87295,5678424.96536,57.22160881924974,42.77839118075026,0.312,count,3128.85
ETH,28750,2026-01-12 02:31:39,SHORT,MODERATE,132,90,42,68.18181818181817,31.818181818181817,8016752.138379999,5986838.3848,57.24783315471807,42.75216684528191,0.364,count,3142.05
ETH,28804,2026-01-12 03:32:50,SHORT,MODERATE,130,90,40,69.23076923076923,30.76923076923077,7792506.6543,5997155.40973,56.50977245212242,43.490227547877595,0.385,count,3157.95
ETH,28859,2026-01-12 04:34:02,SHORT,MODERATE,128,86,42,67.1875,32.8125,7535083.90341,6462201.40269,53.832466357788824,46.16753364221118,0.344,count,3157.85
ETH,28915,2026-01-12 05:35:13,SHORT,MODERATE,127,87,40,68.50393700787401,31.496062992125985,7571415.72516,6160338.04368,55.1380097008512,44.86199029914879,0.37,count,3164.05
ETH,28970,2026-01-12 06:36:24,SHORT,MODERATE,124,82,42,66.12903225806451,33.87096774193548,7504695.89662,6161753.71731,54.913281127313276,45.08671887268673,0.323,count,3154.55
ETH,29022,2026-01-12 07:37:36,SHORT,MODERATE,122,80,42,65.57377049180327,34.42622950819672,7439046.66165,6140795.54549,54.78006701534943,45.21993298465056,0.311,count,3143.95
ETH,29076,2026-01-12 08:38:47,SHORT,MODERATE,124,81,43,65.32258064516128,34.67741935483871,7385205.44096,6262271.5901,54.11407122468256,45.885928775317446,0.306,count,3114.95
ETH,29130,2026-01-12 09:39:59,SHORT,MODERATE,124,84,40,67.74193548387096,32.25806451612903,7473469.06329,6200728.49312,54.65380350444543,45.34619649555457,0.355,count,3119.05
ETH,29182,2026-01-12 10:41:10,SHORT,MODERATE,127,85,42,66.92913385826772,33.07086614173229,7622584.34827,6253118.55198,54.934761886063896,45.065238113936104,0.339,count,3114.55
ETH,29234,2026-01-12 11:42:22,SHORT,MODERATE,127,84,43,66.14173228346458,33.85826771653544,7607100.05249,6250366.96961,54.89531413178278,45.10468586821722,0.323,count,3111.25
ETH,29286,2026-01-12 12:43:33,SHORT,MODERATE,130,86,44,66.15384615384615,33.84615384615385,7623647.69881,6262711.39897,54.90026323767463,45.09973676232537,0.323,count,3116.55
ETH,29338,2026-01-12 13:44:44,SHORT,MODERATE,131,86,45,65.64885496183206,34.35114503816794,7396953.00199,6340224.41826,53.846236207782674,46.15376379221734,0.313,count,3109.45
ETH,29391,2026-01-12 14:45:55,SHORT,MODERATE,126,81,45,64.28571428571429,35.714285714285715,7254463.63275,6329087.42445,53.406238193544766,46.593761806455234,0.286,count,3097.55
ETH,29438,2026-01-12 15:47:06,SHORT,MODERATE,128,84,44,65.625,34.375,7293849.30103,6667175.8996,52.24436741723566,47.755632582764335,0.312,count,3125.85
ETH,29486,2026-01-12 16:48:18,SHORT,MODERATE,131,86,45,65.64885496183206,34.35114503816794,7126960.61427,6754206.12981,51.34266265700962,48.65733734299038,0.313,count,3127.25
ETH,29534,2026-01-12 17:49:29,SHORT,MODERATE,128,84,44,65.625,34.375,6885670.99183,6626556.4058,50.95881522122492,49.04118477877509,0.312,count,3102.95
ETH,29586,2026-01-12 18:50:40,SHORT,MODERATE,130,83,47,63.84615384615384,36.15384615384615,5787994.52751,6250468.56597,48.07918155802432,51.92081844197568,0.277,count,3105.65
ETH,29635,2026-01-12 19:51:52,SHORT,MODERATE,129,82,47,63.565891472868216,36.434108527131784,7342381.88231,6600507.95074,52.66040232854553,47.33959767145447,0.271,count,3117.65
ETH,29684,2026-01-12 20:53:03,SHORT,MODERATE,126,80,46,63.49206349206349,36.507936507936506,5782343.86885,6542788.47391,46.91506515341112,53.08493484658888,0.27,count,3102.35
ETH,29731,2026-01-12 21:54:14,SHORT,MODERATE,126,78,48,61.904761904761905,38.095238095238095,5776474.19684,6534123.17721,46.922777354545445,53.07722264545455,0.238,count,3087.85
ETH,29782,2026-01-12 22:55:25,SHORT,MODERATE,126,77,49,61.111111111111114,38.88888888888889,5787065.67547,6560087.32087,46.86963607874163,53.130363921258386,0.222,count,3096.25
ETH,29829,2026-01-12 23:56:37,SHORT,MODERATE,127,79,48,62.20472440944882,37.79527559055118,5809378.41571,6561519.33592,46.96003905573103,53.03996094426897,0.244,count,3093.65
ETH,29875,2026-01-13 00:57:48,SHORT,MODERATE,126,81,45,64.28571428571429,35.714285714285715,7432050.1915,6418467.99478,53.65900460577724,46.34099539422276,0.286,count,3107.95
ETH,29923,2026-01-13 01:58:59,SHORT,MODERATE,126,82,44,65.07936507936508,34.92063492063492,7438104.8898,6381771.52217,53.82179021049372,46.178209789506276,0.302,count,3095.25
ETH,29947,2026-01-13 02:29:35,SHORT,MODERATE,127,83,44,65.35433070866141,34.645669291338585,7468331.70019,6400351.79665,53.8503290661415,46.1496709338585,0.307,count,3103.05
ETH,29995,2026-01-13 03:30:46,SHORT,MODERATE,126,83,43,65.87301587301587,34.12698412698413,7506765.04451,6414946.7356,53.92127895676552,46.07872104323448,0.317,count,3113.25
ETH,30043,2026-01-13 04:31:58,SHORT,MODERATE,126,82,44,65.07936507936508,34.92063492063492,7459683.92812,6419884.39926,53.745792031618166,46.25420796838182,0.302,count,3113.95
ETH,30091,2026-01-13 05:33:10,SHORT,MODERATE,127,85,42,66.92913385826772,33.07086614173229,7534519.30668,6446899.62227,53.88951825968811,46.11048174031189,0.339,count,3136.75
ETH,30139,2026-01-13 06:34:21,SHORT,MODERATE,129,84,45,65.11627906976744,34.883720930232556,7385768.73673,6661966.90766,52.576222415457586,47.423777584542414,0.302,count,3129.85
ETH,30187,2026-01-13 07:35:32,SHORT,MODERATE,129,86,43,66.66666666666666,33.33333333333333,7475205.17195,6690882.00978,52.768312633221484,47.231687366778516,0.333,count,3126.95
ETH,30235,2026-01-13 08:36:43,SHORT,MODERATE,129,86,43,66.66666666666666,33.33333333333333,7487820.35407,6752182.65189,52.582997004537525,47.417002995462475,0.333,count,3128.85
ETH,30283,2026-01-13 09:37:55,SHORT,MODERATE,128,85,43,66.40625,33.59375,7489605.00596,6764377.15832,52.543948207881854,47.456051792118146,0.328,count,3137.75
ETH,30332,2026-01-13 10:39:07,SHORT,MODERATE,130,86,44,66.15384615384615,33.84615384615385,7305453.71218,6849819.36829,51.60941559127756,48.39058440872244,0.323,count,3136.95
ETH,30380,2026-01-13 11:40:21,SHORT,MODERATE,129,83,46,64.34108527131784,35.65891472868217,7138142.34875,6899228.07185,50.85099370374023,49.14900629625976,0.287,count,3133.45
ETH,30428,2026-01-13 12:41:32,SHORT,MODERATE,127,82,45,64.56692913385827,35.43307086614173,7126000.92477,6896045.9195,50.81997659765333,49.18002340234668,0.291,count,3135.15
ETH,30477,2026-01-13 13:42:43,SHORT,MODERATE,125,81,44,64.8,35.199999999999996,6995078.63995,6863361.73989,50.47522266737753,49.52477733262247,0.296,count,3143.95
ETH,30524,2026-01-13 14:43:54,SHORT,MODERATE,131,88,43,67.17557251908397,32.82442748091603,7417422.89573,7297500.32003,50.407486243528474,49.592513756471526,0.344,count,3161.95
ETH,30576,2026-01-13 15:45:06,SHORT,MODERATE,129,86,43,66.66666666666666,33.33333333333333,7432278.80144,8259324.62522,47.36468670124925,52.63531329875075,0.333,count,3161.75
ETH,30626,2026-01-13 16:46:17,SHORT,MODERATE,124,82,42,66.12903225806451,33.87096774193548,7494963.71837,8333971.25106,47.34976631621031,52.65023368378969,0.323,count,3190.35
ETH,30677,2026-01-13 17:47:29,SHORT,MODERATE,126,82,44,65.07936507936508,34.92063492063492,7444822.96941,8355016.42533,47.119611683448454,52.88038831655155,0.302,count,3182.85
ETH,30727,2026-01-13 18:48:40,SHORT,MODERATE,125,85,40,68.0,32.0,7783478.7485,8298165.67257,48.399768983215225,51.60023101678477,0.36,count,3209.95
ETH,30781,2026-01-13 19:49:52,SHORT,MODERATE,127,85,42,66.92913385826772,33.07086614173229,8029669.30162,7908313.01543,50.380714082171416,49.619285917828584,0.339,count,3206.45
ETH,30835,2026-01-13 20:51:03,SHORT,MODERATE,126,84,42,66.66666666666666,33.33333333333333,8040993.27624,7915069.82683,50.39459435763253,49.60540564236747,0.333,count,3200.15
ETH,30887,2026-01-13 21:52:15,SHORT,MODERATE,128,83,45,64.84375,35.15625,7941493.18138,8108298.10062,49.48035174941162,50.519648250588375,0.297,count,3209.0
ETH,30941,2026-01-13 22:53:26,SHORT,MODERATE,122,81,41,66.39344262295081,33.60655737704918,8086968.44689,8180112.50863,49.71370382309313,50.28629617690687,0.328,count,3331.75
ETH,30997,2026-01-13 23:54:37,SHORT,MODERATE,122,77,45,63.114754098360656,36.885245901639344,7056704.32236,8563472.41059,45.176853264881615,54.823146735118385,0.262,count,3321.85
ETH,31048,2026-01-14 00:55:48,SHORT,MODERATE,124,79,45,63.70967741935484,36.29032258064516,7055177.03769,8547335.6752,45.21821047363335,54.781789526366666,0.274,count,3322.65
ETH,31101,2026-01-14 01:57:00,SHORT,MODERATE,123,81,42,65.85365853658537,34.146341463414636,7125088.98573,7564173.13733,48.505424752034685,51.49457524796532,0.317,count,3334.45
ETH,31155,2026-01-14 02:58:11,SHORT,MODERATE,121,81,40,66.94214876033058,33.057851239669425,7210592.41459,7513547.85238,48.971228770247436,51.028771229752564,0.339,count,3323.05
ETH,31209,2026-01-14 03:59:23,SHORT,MODERATE,121,82,39,67.76859504132231,32.231404958677686,7574700.39898,7906674.92953,48.92782610231454,51.072173897685445,0.355,count,3350.65
ETH,31236,2026-01-14 04:29:59,SHORT,MODERATE,120,81,39,67.5,32.5,7660347.13869,7925446.41924,49.14954833847675,50.85045166152325,0.35,count,3345.35
ETH,31288,2026-01-14 05:31:10,SHORT,MODERATE,117,78,39,66.66666666666666,33.33333333333333,7369685.2985000005,7877000.99014,48.336308355678604,51.663691644321396,0.333,count,3326.05
ETH,31339,2026-01-14 06:32:21,SHORT,MODERATE,120,80,40,66.66666666666666,33.33333333333333,7206478.4316,7871605.2239,47.79439215388163,52.205607846118376,0.333,count,3324.55
ETH,31391,2026-01-14 07:33:32,SHORT,MODERATE,122,82,40,67.21311475409836,32.78688524590164,7728583.04,7745437.07254,49.945540872968294,50.05445912703171,0.344,count,3327.55
ETH,31444,2026-01-14 08:34:44,SHORT,MODERATE,126,87,39,69.04761904761905,30.952380952380953,8248512.82055,7759898.71512,51.5261167678669,48.47388323213309,0.381,count,3332.95
ETH,31503,2026-01-14 09:35:56,SHORT,MODERATE,123,84,39,68.29268292682927,31.70731707317073,7895972.16623,7757427.8997,50.442537295240875,49.557462704759125,0.366,count,3333.55
ETH,31559,2026-01-14 10:37:08,SHORT,MODERATE,118,80,38,67.79661016949152,32.20338983050847,7702984.0819,7680663.00591,50.07254806309126,49.92745193690875,0.356,count,3309.55
ETH,31619,2026-01-14 11:38:19,SHORT,MODERATE,117,76,41,64.95726495726495,35.04273504273504,7616481.19355,7694724.01841,49.74449161977503,50.25550838022497,0.299,count,3288.75
ETH,31677,2026-01-14 12:39:31,SHORT,MODERATE,123,81,42,65.85365853658537,34.146341463414636,8613853.48288,7730200.13203,52.70328699253618,47.29671300746383,0.317,count,3296.85
ETH,31736,2026-01-14 13:40:42,SHORT,MODERATE,122,81,41,66.39344262295081,33.60655737704918,8624448.04092,7672260.14972,52.92141173561323,47.07858826438677,0.328,count,3301.15
ETH,31791,2026-01-14 14:41:53,SHORT,STRONG,122,86,36,70.49180327868852,29.508196721311474,8958323.861130001,7536772.01659,54.30901358524414,45.69098641475586,0.41,count,3325.85
ETH,31849,2026-01-14 15:43:05,SHORT,MODERATE,126,86,40,68.25396825396825,31.746031746031743,8944094.57972,8029188.29409,52.69513650491772,47.30486349508228,0.365,count,3339.75
ETH,31903,2026-01-14 16:44:17,SHORT,STRONG,128,92,36,71.875,28.125,9478288.71274,7945694.60671,54.397944138064005,45.60205586193601,0.438,count,3389.15
ETH,31964,2026-01-14 17:45:31,SHORT,MODERATE,127,88,39,69.29133858267717,30.708661417322837,9471049.4723,8232917.53959,53.49676412037615,46.503235879623844,0.386,count,3352.25
ETH,32022,2026-01-14 18:46:43,SHORT,MODERATE,119,83,36,69.74789915966386,30.252100840336134,8863912.77845,8230475.78854,51.85276293278249,48.1472370672175,0.395,count,3323.15
ETH,32077,2026-01-14 19:47:55,SHORT,MODERATE,121,84,37,69.42148760330579,30.57851239669421,8285682.68233,8364416.42242,49.76356374939673,50.23643625060327,0.388,count,3372.75
ETH,32129,2026-01-14 20:49:06,SHORT,MODERATE,123,84,39,68.29268292682927,31.70731707317073,8834161.7686,8434619.27349,51.15683467795491,48.8431653220451,0.366,count,3370.65
ETH,32179,2026-01-14 21:50:18,SHORT,MODERATE,122,81,41,66.39344262295081,33.60655737704918,8642648.57759,8765594.29697,49.64687498828596,50.35312501171405,0.328,count,3372.35
ETH,32231,2026-01-14 22:51:29,SHORT,MODERATE,122,81,41,66.39344262295081,33.60655737704918,8332900.913,8401265.18717,49.79573444604058,50.20426555395942,0.328,count,3359.05
ETH,32281,2026-01-14 23:52:41,SHORT,MODERATE,119,80,39,67.22689075630252,32.773109243697476,8751416.17052,8370607.39364,51.11204372384206,48.88795627615794,0.345,count,3355.85
ETH,32331,2026-01-15 00:53:52,SHORT,MODERATE,119,78,41,65.54621848739495,34.45378151260504,7947549.37448,8292057.60465,48.93929628157646,51.06070371842354,0.311,count,3327.05
ETH,32382,2026-01-15 01:55:03,SHORT,MODERATE,121,80,41,66.11570247933885,33.88429752066116,7967016.99288,8366407.66202,48.77738233843022,51.22261766156978,0.322,count,3328.3
ETH,32432,2026-01-15 02:56:14,SHORT,MODERATE,118,78,40,66.10169491525424,33.89830508474576,6296801.13552,8247411.54675,43.294204183331715,56.70579581666828,0.322,count,3313.05
ETH,32482,2026-01-15 03:57:26,SHORT,MODERATE,116,78,38,67.24137931034483,32.758620689655174,6317800.14296,8277194.00231,43.287445545207675,56.71255445479232,0.345,count,3285.85
ETH,32528,2026-01-15 04:58:37,SHORT,MODERATE,118,82,36,69.49152542372882,30.508474576271187,6180600.86376,8121260.91102,43.21535867909808,56.78464132090192,0.39,count,3303.05
ETH,32574,2026-01-15 05:59:48,SHORT,MODERATE,119,82,37,68.90756302521008,31.092436974789916,6417022.45919,8148928.55061,44.05495017024714,55.94504982975286,0.378,count,3312.95
ETH,32598,2026-01-15 06:30:24,SHORT,MODERATE,118,82,36,69.49152542372882,30.508474576271187,6408170.80794,8157256.19706,43.99576343172234,56.00423656827766,0.39,count,3320.65
ETH,32646,2026-01-15 07:31:35,SHORT,MODERATE,115,80,35,69.56521739130434,30.434782608695656,6062609.22532,8174307.83797,42.58372229302708,57.41627770697292,0.391,count,3326.05
ETH,32694,2026-01-15 08:32:46,SHORT,MODERATE,115,79,36,68.69565217391305,31.30434782608696,6151723.98809,8294772.27569,42.582809532256576,57.41719046774342,0.374,count,3321.55
ETH,32742,2026-01-15 09:33:58,SHORT,MODERATE,117,80,37,68.37606837606837,31.62393162393162,6478962.60689,8440828.42466,43.425290563315,56.574709436685,0.368,count,3345.05
ETH,32790,2026-01-15 10:35:10,SHORT,STRONG,117,83,34,70.94017094017094,29.059829059829063,6826295.94211,8362759.02716,44.94220315826586,55.05779684173414,0.419,count,3370.05
ETH,32838,2026-01-15 11:36:21,SHORT,STRONG,116,82,34,70.6896551724138,29.310344827586203,6734507.15143,8316608.02553,44.74424035860859,55.255759641391414,0.414,count,3349.65
ETH,32886,2026-01-15 12:37:33,SHORT,STRONG,118,84,34,71.1864406779661,28.8135593220339,6834555.7961,8332063.43688,45.0631461838125,54.936853816187494,0.424,count,3347.75
ETH,32936,2026-01-15 13:38:44,SHORT,STRONG,123,88,35,71.54471544715447,28.455284552845526,6837082.7340400005,8366857.24962,44.96915103182438,55.03084896817562,0.431,count,3364.85
ETH,32985,2026-01-15 14:39:56,SHORT,STRONG,116,82,34,70.6896551724138,29.310344827586203,6836715.62288,8097180.01942,45.779854008857015,54.220145991142985,0.414,count,3343.15
ETH,33033,2026-01-15 15:41:07,SHORT,MODERATE,120,80,40,66.66666666666666,33.33333333333333,6938593.3515099995,8498480.04214,44.94759579470661,55.05240420529339,0.333,count,3318.15
ETH,33081,2026-01-15 16:42:18,SHORT,MODERATE,117,79,38,67.52136752136752,32.47863247863248,7015253.63234,8450195.77213,45.3608133127536,54.6391866872464,0.35,count,3326.85
ETH,33105,2026-01-15 17:12:54,SHORT,MODERATE,118,80,38,67.79661016949152,32.20338983050847,7007366.50134,8385423.46783,45.523693335483394,54.476306664516606,0.356,count,3324.55
ETH,33157,2026-01-16 08:53:11,SHORT,MODERATE,114,76,38,66.66666666666666,33.33333333333333,8450951.36789,8504269.16035,49.842768802767274,50.15723119723272,0.333,count,3314.05
ETH,33221,2026-01-16 09:54:28,SHORT,MODERATE,122,80,42,65.57377049180327,34.42622950819672,8873802.61786,8513250.61557,51.036840450907384,48.96315954909263,0.311,count,3310.15
ETH,33287,2026-01-16 10:57:14,SHORT,MODERATE,123,79,44,64.22764227642277,35.77235772357724,8873295.38033,8482502.01668,51.125829469861536,48.87417053013847,0.285,count,3296.05
ETH,33317,2026-01-16 11:29:22,SHORT,MODERATE,125,82,43,65.60000000000001,34.4,9178286.3303,8491043.43396,51.94473391325259,48.055266086747395,0.312,count,3301.75
ETH,33382,2026-01-16 12:32:39,SHORT,MODERATE,124,82,42,66.12903225806451,33.87096774193548,9209318.42532,8520093.84701,51.94373216585881,48.05626783414117,0.323,count,3307.25
ETH,33446,2026-01-16 13:36:23,SHORT,MODERATE,127,84,43,66.14173228346458,33.85826771653544,9227349.35605,8517995.96789,51.99870268853832,48.00129731146166,0.323,count,3304.15
ETH,33506,2026-01-16 14:38:43,SHORT,MODERATE,130,86,44,66.15384615384615,33.84615384615385,9291851.93026,8539820.95489,52.10869440072637,47.89130559927363,0.323,count,3299.25
ETH,33568,2026-01-16 15:42:29,SHORT,MODERATE,130,82,48,63.07692307692307,36.92307692307693,11145138.16508,11648663.42925,48.89547765411968,51.10452234588033,0.262,count,3265.55
ETH,33635,2026-01-16 16:46:12,SHORT,MODERATE,131,78,53,59.541984732824424,40.458015267175576,11086589.6029,8941157.09519,55.356150494739886,44.6438495052601,0.191,count,3283.75
ETH,33694,2026-01-16 17:52:28,SHORT,MODERATE,141,85,56,60.28368794326241,39.71631205673759,11074697.0087,9019420.44404,55.114124990793634,44.88587500920638,0.206,count,3278.55
ETH,33719,2026-01-19 07:48:46,SHORT,MODERATE,138,90,48,65.21739130434783,34.78260869565217,10680228.56095,10755295.11063,49.82490152601327,50.17509847398672,0.304,count,3203.05
ETH,33783,2026-01-19 08:50:43,SHORT,MODERATE,140,88,52,62.857142857142854,37.142857142857146,10639283.33681,9183992.49483,53.670661837982415,46.32933816201759,0.257,count,3216.45
ETH,33847,2026-01-19 09:56:10,SHORT,MODERATE,145,90,55,62.06896551724138,37.93103448275862,10553230.47359,9278983.3267,53.21256910529919,46.787430894700805,0.241,count,3208.55
ETH,33909,2026-01-19 10:59:02,SHORT,MODERATE,147,93,54,63.26530612244898,36.734693877551024,10702379.34904,9296527.71176,53.514821167491746,46.48517883250825,0.265,count,3214.75
ETH,33941,2026-01-19 11:29:44,SHORT,MODERATE,145,89,56,61.37931034482759,38.62068965517241,10724306.14758,9373391.49323,53.36086918634615,46.63913081365386,0.228,count,3226.15
ETH,34001,2026-01-19 12:31:40,SHORT,MODERATE,148,92,56,62.16216216216216,37.83783783783784,12468254.52384,9067967.52532,57.8943442140369,42.1056557859631,0.243,count,3228.35
ETH,34058,2026-01-19 13:35:04,SHORT,MODERATE,148,89,59,60.13513513513513,39.86486486486486,12473628.83867,9198410.76686,57.5563217201169,42.4436782798831,0.203,count,3216.65
ETH,34117,2026-01-19 14:39:55,SHORT,MODERATE,145,86,59,59.310344827586206,40.689655172413794,12398086.90632,9186007.58683,57.44084798301221,42.559152016987795,0.186,count,3207.55
ETH,34175,2026-01-19 15:41:27,SHORT,MODERATE,149,89,60,59.73154362416108,40.26845637583892,12379248.82508,9168986.32055,57.44901492589531,42.55098507410467,0.195,count,3213.35
ETH,34227,2026-01-19 16:44:22,SHORT,MODERATE,153,90,63,58.82352941176471,41.17647058823529,12396094.80122,9127547.15402,57.59292422257624,42.40707577742376,0.176,count,3217.45
ETH,34283,2026-01-19 17:48:17,SHORT,MODERATE,158,91,67,57.59493670886076,42.405063291139236,12500681.72611,10194557.15251,55.08063516302638,44.91936483697363,0.152,count,3217.55
ETH,34333,2026-01-19 18:53:17,SHORT,MODERATE,160,94,66,58.75,41.25,12440162.4422,10091542.43094,55.21181158834497,44.78818841165503,0.175,count,3213.45
ETH,34389,2026-01-19 19:58:44,SHORT,MODERATE,157,92,65,58.59872611464968,41.40127388535032,12503473.46565,10064977.56239,55.40244410267747,44.59755589732253,0.172,count,3220.15
ETH,34417,2026-01-19 20:29:35,SHORT,MODERATE,160,94,66,58.75,41.25,12534446.60753,10101666.001459999,55.373671372141466,44.626328627858534,0.175,count,3223.65
ETH,34472,2026-01-19 21:34:06,SHORT,MODERATE,160,92,68,57.49999999999999,42.5,12376715.81335,10067320.19578,55.14478683029772,44.85521316970227,0.15,count,3212.45
ETH,34533,2026-01-19 22:37:10,SHORT,MODERATE,153,86,67,56.209150326797385,43.790849673202615,11295921.53644,10088098.14488,52.82412616888651,47.17587383111349,0.124,count,3204.35
ETH,34593,2026-01-19 23:38:50,SHORT,MODERATE,153,84,69,54.90196078431373,45.09803921568628,11283153.44056,12021949.22786,48.41494843895041,51.585051561049575,0.098,count,3189.35
ETH,34645,2026-01-20 00:43:30,SHORT,MODERATE,160,92,68,57.49999999999999,42.5,11444480.47106,11791422.78959,49.253434836085006,50.74656516391498,0.15,count,3190.75
ETH,34706,2026-01-20 01:46:07,SHORT,MODERATE,159,93,66,58.490566037735846,41.509433962264154,11832137.3439,6059304.75775,66.1329437653816,33.86705623461842,0.17,count,3189.65
ETH,34766,2026-01-20 02:51:15,SHORT,MODERATE,155,89,66,57.41935483870968,42.58064516129032,12473804.23053,5540347.16649,69.2444731678756,30.755526832124414,0.148,count,3192.05
ETH,34825,2026-01-20 03:52:55,SHORT,MODERATE,159,89,70,55.9748427672956,44.0251572327044,11843343.30319,5551213.44376,68.0864909378426,31.913509062157402,0.119,count,3187.55
ETH,34885,2026-01-20 04:58:29,SHORT,MODERATE,154,85,69,55.1948051948052,44.8051948051948,11902060.97545,5543169.64813,68.22530026838666,31.77469973161332,0.104,count,3171.95
ETH,34908,2026-01-20 05:31:15,SHORT,MODERATE,155,89,66,57.41935483870968,42.58064516129032,12252938.40996,5379828.98769,69.48959362778758,30.510406372212422,0.148,count,3165.45
ETH,34973,2026-01-20 06:32:55,SHORT,MODERATE,148,81,67,54.729729729729726,45.27027027027027,11413967.41296,5343914.25333,68.1110395708321,31.888960429167895,0.095,count,3118.05
ETH,35027,2026-01-20 07:36:37,SHORT,MODERATE,157,84,73,53.503184713375795,46.496815286624205,12343542.16282,10952240.94443,52.986165375906616,47.01383462409339,0.07,count,3125.25
ETH,35092,2026-01-20 08:42:43,SHORT,MODERATE,165,83,82,50.303030303030305,49.696969696969695,13112945.34053,12969568.40127,50.27485260945195,49.725147390548045,0.006,count,3089.35
ETH,35144,2026-01-20 09:47:19,SHORT,MODERATE,174,88,86,50.57471264367817,49.42528735632184,13668678.3896,14980565.968630001,47.710432494089254,52.28956750591074,0.011,count,3091.55
ETH,35219,2026-01-20 10:49:08,SHORT,MODERATE,176,93,83,52.84090909090909,47.159090909090914,13911341.849440001,15307603.08659,47.6106918983439,52.3893081016561,0.057,count,3100.55
ETH,35297,2026-01-20 11:50:55,SHORT,MODERATE,175,92,83,52.57142857142857,47.42857142857143,14310543.31947,15732080.66516,47.6341325138289,52.36586748617109,0.051,count,3109.45
ETH,35373,2026-01-20 12:53:10,SHORT,MODERATE,181,96,85,53.03867403314917,46.96132596685083,17336413.602760002,15887268.52949,52.18089173183987,47.81910826816013,0.061,count,3108.05
ETH,35457,2026-01-20 13:58:23,SHORT,MODERATE,183,97,86,53.00546448087432,46.994535519125684,17568195.24787,16182139.22162,52.05339598560569,47.94660401439432,0.06,count,3078.35
ETH,35506,2026-01-20 14:31:14,SHORT,MODERATE,181,92,89,50.82872928176796,49.171270718232044,17441031.92134,17008112.53756,50.62834562451398,49.37165437548601,0.017,count,3065.95
ETH,35584,2026-01-20 15:36:37,SHORT,MODERATE,172,91,81,52.90697674418605,47.093023255813954,16255914.04148,19432722.25943,45.54927205516536,54.45072794483464,0.058,count,3034.05
ETH,35665,2026-01-20 16:40:28,SHORT,MODERATE,180,97,83,53.888888888888886,46.111111111111114,16553775.85785,19605219.217579998,45.78051968346398,54.21948031653603,0.078,count,3019.5
ETH,35766,2026-01-20 17:42:56,SHORT,MODERATE,179,94,85,52.513966480446925,47.486033519553075,16670812.126179999,19864150.21483,45.6297504034026,54.3702495965974,0.05,count,2997.75
ETH,35851,2026-01-20 18:45:23,SHORT,MODERATE,190,102,88,53.68421052631579,46.31578947368421,15490667.99275,21164143.92999,42.26093977893217,57.73906022106784,0.074,count,2992.55
ETH,35958,2026-01-20 19:49:22,SHORT,MODERATE,193,101,92,52.331606217616574,47.66839378238342,15086337.52439,21203760.95312,41.571497894224315,58.42850210577568,0.047,count,2988.65
ETH,36054,2026-01-20 20:55:37,SHORT,MODERATE,193,105,88,54.40414507772021,45.59585492227979,15162496.74055,21657515.253739998,41.18004291498163,58.819957085018395,0.088,count,2998.65
ETH,36102,2026-01-20 21:28:05,SHORT,MODERATE,194,105,89,54.123711340206185,45.876288659793815,15163626.18459,21662062.56918,41.17676192285103,58.823238077148964,0.082,count,2998.75
ETH,36216,2026-01-20 22:34:21,SHORT,MODERATE,179,91,88,50.83798882681564,49.162011173184354,14669470.12406,21448042.840859998,40.61594755515994,59.38405244484005,0.017,count,2942.45
ETH,36314,2026-01-20 23:38:46,SHORT,MODERATE,184,96,88,52.17391304347826,47.82608695652174,17007218.32816,21306857.81443,44.38895581056369,55.611044189436306,0.043,count,2946.45
ETH,36418,2026-01-21 00:43:12,SHORT,MODERATE,175,90,85,51.42857142857142,48.57142857142857,18144020.15143,21445599.85939,45.83024577268275,54.16975422731725,0.029,count,2949.75
ETH,36508,2026-01-21 01:45:16,SHORT,MODERATE,184,100,84,54.347826086956516,45.65217391304348,18916458.39397,21667363.93875,46.610834826957486,53.38916517304253,0.087,count,2965.05
ETH,36592,2026-01-21 02:49:46,SHORT,MODERATE,184,104,80,56.52173913043478,43.47826086956522,19612354.76227,21738201.401639998,47.42948241017203,52.57051758982796,0.13,count,2964.35
ETH,36698,2026-01-21 03:54:41,SHORT,MODERATE,185,103,82,55.67567567567567,44.32432432432433,19921959.53958,22406729.0637,47.06491081331603,52.93508918668397,0.114,count,2981.75
ETH,36798,2026-01-21 04:59:41,SHORT,MODERATE,191,108,83,56.54450261780105,43.455497382198956,20150999.1,22422246.02053,47.33254193555151,52.66745806444849,0.131,count,2980.55
ETH,36849,2026-01-21 05:32:10,SHORT,MODERATE,194,109,85,56.18556701030928,43.81443298969072,20305225.50401,22434489.05206,47.50903396271326,52.49096603728673,0.124,count,2986.15
ETH,36946,2026-01-21 06:34:45,SHORT,MODERATE,189,107,82,56.613756613756614,43.386243386243386,20550207.76174,22829303.93306,47.373073044995564,52.62692695500443,0.132,count,2985.95
ETH,37047,2026-01-21 07:38:17,SHORT,MODERATE,186,103,83,55.376344086021504,44.623655913978496,20436592.50252,22710768.58208,47.364640591691135,52.63535940830886,0.108,count,2969.75
ETH,37167,2026-01-21 08:41:23,SHORT,MODERATE,191,100,91,52.35602094240838,47.64397905759162,20682620.57139,22878297.75815,47.47976251309761,52.52023748690239,0.047,count,2961.15
ETH,37281,2026-01-21 09:46:33,SHORT,MODERATE,194,98,96,50.51546391752577,49.48453608247423,20629939.64721,22773735.33415,47.53039841918838,52.469601580811606,0.01,count,2967.55
ETH,37400,2026-01-21 10:48:45,SHORT,MODERATE,189,96,93,50.79365079365079,49.2063492063492,20659187.90238,22734501.37609,47.60873815038852,52.39126184961148,0.016,count,2965.75
ETH,37517,2026-01-21 11:56:17,SHORT,MODERATE,193,98,95,50.77720207253886,49.22279792746114,20650845.20606,22682122.708890002,47.656198501315664,52.34380149868434,0.016,count,2952.15
ETH,37635,2026-01-21 12:59:00,LONG,MODERATE,186,88,98,47.31182795698925,52.68817204301075,21166795.81368,23590422.92376,47.29247350656688,52.70752649343311,0.054,count,2929.35
ETH,37698,2026-01-21 13:30:10,LONG,MODERATE,192,94,98,48.95833333333333,51.041666666666664,21349991.11923,24747901.41738,46.314462428568234,53.685537571431766,0.021,count,2932.05
ETH,37813,2026-01-21 14:32:24,SHORT,MODERATE,208,110,98,52.88461538461539,47.11538461538461,22619139.59979,26361628.26554,46.17963454958509,53.82036545041492,0.058,count,2986.15
ETH,37927,2026-01-21 15:36:05,SHORT,MODERATE,208,111,97,53.36538461538461,46.63461538461539,24167937.5344,20127394.72264,54.560912635572144,45.43908736442786,0.067,count,2989.95
ETH,38053,2026-01-21 16:38:54,SHORT,MODERATE,194,99,95,51.03092783505154,48.96907216494845,24190517.349659998,19817701.13934,54.96818135391348,45.03181864608653,0.021,count,2921.65
ETH,38170,2026-01-21 17:41:39,SHORT,MODERATE,192,100,92,52.083333333333336,47.91666666666667,26530642.064600002,13857923.79509,65.68849747418002,34.311502525819975,0.042,count,2895.95
ETH,38282,2026-01-21 18:45:28,SHORT,MODERATE,200,107,93,53.5,46.5,24204400.97081,13868587.194840001,63.573683435353665,36.42631656464632,0.07,count,2908.85
ETH,38387,2026-01-21 19:48:49,SHORT,MODERATE,205,118,87,57.56097560975609,42.4390243902439,19615785.18854,17490410.5198,52.863908072718836,47.13609192728116,0.151,count,3055.05
ETH,38515,2026-01-21 20:55:06,SHORT,MODERATE,211,117,94,55.45023696682464,44.54976303317535,18615359.89751,19623065.97958,48.68233843449901,51.31766156550099,0.109,count,3030.35
ETH,38636,2026-01-21 21:57:24,SHORT,MODERATE,210,116,94,55.23809523809524,44.761904761904766,18606658.97677,19547476.76334,48.76708282297566,51.23291717702435,0.105,count,3030.15
ETH,38695,2026-01-21 22:30:32,SHORT,MODERATE,210,116,94,55.23809523809524,44.761904761904766,18440830.41957,19011060.52478,49.23871653629276,50.761283463707215,0.105,count,3020.15
ETH,38822,2026-01-21 23:36:16,SHORT,MODERATE,209,113,96,54.066985645933016,45.933014354066984,18308460.417179998,18953686.85219,49.13420658457277,50.86579341542722,0.081,count,3005.55
ETH,38938,2026-01-22 00:38:38,SHORT,MODERATE,206,111,95,53.883495145631066,46.116504854368934,18398897.991440002,18106231.013269998,50.40085733998124,49.59914266001875,0.078,count,3005.55
ETH,39056,2026-01-22 01:41:30,SHORT,MODERATE,213,116,97,54.460093896713616,45.539906103286384,18834427.73383,18271747.52518,50.75820292002929,49.24179707997071,0.089,count,3013.95
ETH,39175,2026-01-22 02:46:50,SHORT,MODERATE,214,117,97,54.67289719626168,45.32710280373832,18827053.81893,18133985.242540002,50.93756641315921,49.06243358684079,0.093,count,3024.95
ETH,39287,2026-01-22 03:50:38,SHORT,MODERATE,212,117,95,55.188679245283026,44.81132075471698,20396562.0066,17791104.77584,53.41138573037681,46.58861426962319,0.104,count,3010.15
ETH,39405,2026-01-22 04:53:59,SHORT,MODERATE,211,118,93,55.92417061611374,44.07582938388626,20462352.14364,17850852.7806,53.40809306896139,46.5919069310386,0.118,count,3022.45
ETH,39522,2026-01-22 05:59:18,SHORT,MODERATE,212,119,93,56.132075471698116,43.86792452830189,20433002.77421,17819231.86294,53.416494403612624,46.583505596387376,0.123,count,3015.85
ETH,39574,2026-01-22 06:30:26,SHORT,MODERATE,214,122,92,57.009345794392516,42.99065420560748,20417479.05669,17739376.319059998,53.5093336587323,46.4906663412677,0.14,count,3010.35
ETH,39694,2026-01-22 07:38:38,SHORT,MODERATE,216,125,91,57.870370370370374,42.129629629629626,20473488.229,18332303.3765,52.758847022459044,47.24115297754095,0.157,count,3009.35
ETH,39836,2026-01-22 08:41:37,SHORT,MODERATE,219,124,95,56.62100456621004,43.37899543378995,19692316.503310002,18337955.280530002,51.78063573996795,48.21936426003206,0.132,count,2995.95
ETH,39956,2026-01-22 09:46:31,SHORT,MODERATE,222,128,94,57.65765765765766,42.34234234234234,19765235.069029998,18739177.37362,51.33238975784691,48.66761024215309,0.153,count,3014.65
ETH,40080,2026-01-22 10:49:34,SHORT,MODERATE,225,129,96,57.333333333333336,42.66666666666667,19885866.48018,18655456.90327,51.596221235929775,48.40377876407021,0.147,count,2999.85
ETH,40209,2026-01-22 11:54:27,SHORT,MODERATE,226,128,98,56.63716814159292,43.36283185840708,18603177.64607,19655100.03559,48.625235565656084,51.37476443434392,0.133,count,2985.45
ETH,40272,2026-01-22 12:28:33,SHORT,MODERATE,228,129,99,56.57894736842105,43.42105263157895,18402364.27445,20136366.08935,47.750312739247924,52.24968726075206,0.132,count,2988.95
ETH,40395,2026-01-22 13:32:29,SHORT,MODERATE,227,131,96,57.70925110132159,42.290748898678416,18401839.003089998,20154539.95376,47.727093417367435,52.27290658263257,0.154,count,2994.55
ETH,40524,2026-01-22 14:36:29,SHORT,MODERATE,220,118,102,53.63636363636364,46.36363636363636,18489890.25543,20042581.5136,47.98521715985794,52.01478284014205,0.073,count,2954.55
ETH,40648,2026-01-22 15:41:50,SHORT,MODERATE,217,116,101,53.45622119815668,46.54377880184332,21787066.24402,18064842.60108,54.670069453144485,45.329930546855515,0.069,count,2928.15
ETH,40778,2026-01-22 16:46:48,SHORT,MODERATE,221,119,102,53.84615384615385,46.15384615384615,19583229.33577,18487098.54509,51.43961301582469,48.5603869841753,0.077,count,2945.75
ETH,40905,2026-01-22 17:50:52,SHORT,MODERATE,225,125,100,55.55555555555556,44.44444444444444,19570595.45999,18479871.72365,51.433259322514914,48.56674067748508,0.111,count,2958.75
ETH,41042,2026-01-22 18:53:27,SHORT,MODERATE,225,123,102,54.666666666666664,45.33333333333333,19780225.85157,18395079.9691,51.81419094450321,48.1858090554968,0.093,count,2940.45
ETH,41108,2026-01-22 19:27:35,SHORT,MODERATE,226,123,103,54.424778761061944,45.57522123893805,19834789.55026,18428036.2698,51.838276774271186,48.16172322572882,0.088,count,2945.55
ETH,41241,2026-01-22 20:34:57,SHORT,MODERATE,228,125,103,54.824561403508774,45.17543859649123,20069649.287440002,18500537.4298,52.034099379843866,47.96590062015613,0.096,count,2939.95
ETH,41363,2026-01-22 21:37:28,SHORT,MODERATE,231,131,100,56.709956709956714,43.290043290043286,20203597.52801,18360418.5922,52.38976528023498,47.61023471976502,0.134,count,2949.15
ETH,41502,2026-01-22 22:41:29,SHORT,MODERATE,232,127,105,54.741379310344826,45.258620689655174,19892406.215239998,18794999.207399998,51.418300084809765,48.581699915190235,0.095,count,2948.75
ETH,41634,2026-01-22 23:44:36,SHORT,MODERATE,231,124,107,53.67965367965368,46.320346320346324,19575378.16668,18798188.3625,51.012662979331104,48.98733702066889,0.074,count,2948.45
ETH,41759,2026-01-23 00:47:40,SHORT,MODERATE,231,128,103,55.41125541125541,44.58874458874459,19887799.06731,18316931.77151,52.05585442078791,47.9441455792121,0.108,count,2949.05
ETH,41888,2026-01-23 01:50:16,SHORT,MODERATE,237,135,102,56.9620253164557,43.037974683544306,19912001.77311,18411846.09515,51.95720910269351,48.04279089730649,0.139,count,2963.65
ETH,42024,2026-01-23 02:52:54,SHORT,MODERATE,237,133,104,56.118143459915615,43.88185654008439,19943650.86119,18361643.14514,52.064998790752746,47.935001209247254,0.122,count,2954.65
ETH,42153,2026-01-23 03:58:06,SHORT,MODERATE,244,137,107,56.14754098360656,43.85245901639344,20011053.37029,18477741.15653,51.99189430665534,48.00810569334465,0.123,count,2961.85
ETH,42218,2026-01-23 04:30:51,SHORT,MODERATE,243,139,104,57.20164609053497,42.79835390946502,20093519.01757,18547676.53474,52.000251882394956,47.99974811760504,0.144,count,2971.35
ETH,42357,2026-01-23 05:33:29,SHORT,MODERATE,243,140,103,57.61316872427984,42.38683127572017,19859264.699049998,18487120.01334,51.78914478640101,48.21085521359899,0.152,count,2967.65
ETH,42494,2026-01-23 06:38:29,SHORT,MODERATE,237,138,99,58.22784810126582,41.77215189873418,20299736.49108,17342984.90937,53.92738817984962,46.072611820150364,0.165,count,2945.75
ETH,42628,2026-01-23 07:44:32,SHORT,MODERATE,241,141,100,58.50622406639005,41.49377593360996,21164875.76438,14181693.630350001,59.87816109683215,40.12183890316784,0.17,count,2947.3
ETH,42777,2026-01-23 08:49:10,SHORT,MODERATE,250,140,110,56.00000000000001,44.0,20991055.17664,12133494.497539999,63.37008467469719,36.6299153253028,0.12,count,2923.15
ETH,42910,2026-01-23 09:56:44,SHORT,MODERATE,251,138,113,54.980079681274894,45.0199203187251,21522268.00935,11883436.22487,64.42692498996357,35.57307501003643,0.1,count,2920.65
ETH,42982,2026-01-23 10:28:04,SHORT,MODERATE,248,136,112,54.83870967741935,45.16129032258064,21465791.3883,11932576.903690001,64.27197640505146,35.728023594948546,0.097,count,2924.25
ETH,43115,2026-01-23 11:33:38,SHORT,MODERATE,245,138,107,56.326530612244895,43.673469387755105,20866352.65879,11402402.45064,64.66426296281928,35.335737037180714,0.127,count,2941.95
ETH,43251,2026-01-23 12:38:16,SHORT,MODERATE,246,137,109,55.6910569105691,44.3089430894309,20854599.90049,11377128.81788,64.70208310174883,35.297916898251174,0.114,count,2931.55
ETH,43389,2026-01-23 13:43:56,SHORT,MODERATE,247,135,112,54.655870445344135,45.34412955465587,20840868.5019,11405295.74235,64.63053510501254,35.36946489498746,0.093,count,2932.75
ETH,43525,2026-01-23 14:49:14,SHORT,MODERATE,240,131,109,54.58333333333333,45.416666666666664,20992552.53533,11351489.84487,64.90392353734046,35.09607646265954,0.092,count,2902.2
ETH,43659,2026-01-23 15:52:58,SHORT,MODERATE,244,134,110,54.91803278688525,45.08196721311475,21055221.09081,11457865.75707,64.75921892412654,35.240781075873464,0.098,count,2949.85
ETH,43788,2026-01-23 16:55:44,SHORT,MODERATE,250,143,107,57.199999999999996,42.8,25567955.87114,7579446.15056,77.13411704000784,22.86588295999217,0.144,count,2968.75
ETH,43923,2026-01-23 17:58:27,SHORT,MODERATE,250,139,111,55.60000000000001,44.4,25848581.37164,7724627.67513,76.99169101062394,23.008308989376065,0.112,count,2986.25
ETH,43990,2026-01-23 18:29:51,SHORT,MODERATE,250,141,109,56.39999999999999,43.6,26117687.47994,7604145.28866,77.45037957800271,22.54962042199729,0.128,count,2994.65
ETH,44127,2026-01-23 19:32:34,SHORT,MODERATE,244,131,113,53.68852459016394,46.31147540983606,29732111.39805,11283275.64096,72.4901397852752,27.50986021472479,0.074,count,2956.05
ETH,44266,2026-01-23 20:35:19,SHORT,MODERATE,236,122,114,51.69491525423729,48.30508474576271,30263928.56997,11151286.17402,73.07442145850945,26.92557854149054,0.034,count,2936.35
ETH,44409,2026-01-23 21:38:02,SHORT,MODERATE,237,121,116,51.0548523206751,48.9451476793249,28153684.73474,11227728.38926,71.48977779464815,28.51022220535186,0.021,count,2945.95
ETH,44540,2026-01-23 22:40:42,SHORT,MODERATE,236,122,114,51.69491525423729,48.30508474576271,28371284.7377,11238793.674899999,71.62642911778502,28.37357088221499,0.034,count,2958.55
ETH,44676,2026-01-23 23:43:28,SHORT,MODERATE,237,122,115,51.47679324894515,48.52320675105485,28386564.347850002,11213457.66464,71.68320345604042,28.316796543959573,0.03,count,2952.55
ETH,44807,2026-01-24 00:46:09,SHORT,MODERATE,238,125,113,52.52100840336135,47.47899159663865,28326537.77651,11172206.4945,71.71503372906007,28.284966270939943,0.05,count,2948.15
ETH,44941,2026-01-24 01:48:59,SHORT,MODERATE,241,128,113,53.11203319502075,46.88796680497925,28470854.90608,11046799.8726,72.04591230307571,27.954087696924297,0.062,count,2950.75
ETH,45076,2026-01-24 02:51:39,SHORT,MODERATE,239,127,112,53.13807531380753,46.86192468619247,28367222.17933,11036928.68764,71.99044150221351,28.00955849778648,0.063,count,2956.35
ETH,45207,2026-01-24 03:54:22,SHORT,MODERATE,239,128,111,53.55648535564853,46.44351464435147,28384438.0242,11036493.83895,72.00346791074536,27.99653208925465,0.071,count,2961.05
ETH,45345,2026-01-24 04:57:03,SHORT,MODERATE,240,128,112,53.333333333333336,46.666666666666664,22472033.10238,11046770.37055,67.04306471001735,32.95693528998266,0.067,count,2961.05
ETH,45486,2026-01-24 05:59:49,SHORT,MODERATE,240,127,113,52.916666666666664,47.083333333333336,22441456.83265,11040351.90252,67.02581993151708,32.97418006848292,0.058,count,2959.05
ETH,45550,2026-01-24 06:31:08,SHORT,MODERATE,240,128,112,53.333333333333336,46.666666666666664,22479213.57598,11027188.61413,67.08930862954642,32.91069137045358,0.067,count,2959.45
ETH,45691,2026-01-24 07:33:49,SHORT,MODERATE,237,127,110,53.58649789029536,46.41350210970464,22452647.36725,11036534.15378,67.04447928400562,32.95552071599437,0.072,count,2956.95
ETH,45833,2026-01-24 08:36:54,SHORT,MODERATE,236,126,110,53.38983050847458,46.61016949152542,22436708.81988,11039301.11781,67.02324698087432,32.976753019125674,0.068,count,2957.15
ETH,45978,2026-01-24 09:39:36,SHORT,MODERATE,237,127,110,53.58649789029536,46.41350210970464,22451703.13687,11034550.89634,67.04752079645432,32.95247920354567,0.072,count,2959.65
ETH,46125,2026-01-24 10:42:21,SHORT,MODERATE,239,129,110,53.97489539748954,46.02510460251046,22443601.96864,11029286.6721,67.05009002815429,32.94990997184571,0.079,count,2958.15
ETH,46273,2026-01-24 11:45:07,SHORT,MODERATE,238,128,110,53.78151260504202,46.21848739495798,22420020.96423,11058287.82158,66.96879793919838,33.03120206080161,0.076,count,2962.25
ETH,46420,2026-01-24 12:47:54,SHORT,MODERATE,238,127,111,53.36134453781513,46.63865546218487,22393227.10158,11045621.08084,66.96769870606046,33.03230129393954,0.067,count,2959.85
ETH,46568,2026-01-24 13:50:39,SHORT,MODERATE,238,127,111,53.36134453781513,46.63865546218487,22358052.37571,11042861.06027,66.93844591575015,33.06155408424984,0.067,count,2958.95
ETH,46715,2026-01-24 14:53:23,SHORT,MODERATE,238,128,110,53.78151260504202,46.21848739495798,22186095.6705,11090547.5063,66.67167584369757,33.328324156302436,0.076,count,2957.45
ETH,46865,2026-01-24 15:56:09,SHORT,MODERATE,241,127,114,52.69709543568465,47.30290456431535,22184895.42906,11087073.78636,66.67743434548004,33.322565654519956,0.054,count,2956.15
ETH,47008,2026-01-24 16:58:59,SHORT,MODERATE,241,128,113,53.11203319502075,46.88796680497925,22219520.663540002,11076159.66507,66.7339439958745,33.266056004125495,0.062,count,2957.15
ETH,47082,2026-01-24 17:30:23,SHORT,MODERATE,238,125,113,52.52100840336135,47.47899159663865,22183252.62862,11097048.66783,66.65580467862617,33.344195321373846,0.05,count,2962.55
ETH,47228,2026-01-24 18:33:09,SHORT,MODERATE,238,125,113,52.52100840336135,47.47899159663865,22183352.18354,11101527.08026,66.64693600876657,33.35306399123342,0.05,count,2963.55
ETH,47376,2026-01-24 19:35:53,SHORT,MODERATE,235,122,113,51.91489361702127,48.08510638297872,22078063.30748,11080576.13037,66.58313996526131,33.4168600347387,0.038,count,2955.85
ETH,47523,2026-01-24 20:38:34,SHORT,MODERATE,236,123,113,52.118644067796616,47.88135593220339,22065483.20485,11043832.64424,66.64433449915718,33.35566550084283,0.042,count,2955.85
ETH,47670,2026-01-24 21:41:21,SHORT,MODERATE,234,120,114,51.28205128205128,48.717948717948715,21948327.37854,11047278.00117,66.51894131342925,33.48105868657075,0.026,count,2952.35
ETH,47819,2026-01-24 22:44:08,SHORT,MODERATE,232,118,114,50.86206896551724,49.137931034482754,21991549.47005,11074046.130309999,66.50885632258372,33.49114367741627,0.017,count,2957.85
ETH,47957,2026-01-24 23:46:55,SHORT,MODERATE,236,122,114,51.69491525423729,48.30508474576271,21870139.34037,11049336.21762,66.43526049448812,33.564739505511895,0.034,count,2951.55
ETH,48105,2026-01-25 00:49:41,SHORT,MODERATE,235,119,116,50.638297872340424,49.361702127659576,22005841.95876,11062610.12928,66.54633213605707,33.453667863942925,0.013,count,2954.95
ETH,48248,2026-01-25 01:52:27,SHORT,MODERATE,231,116,115,50.21645021645021,49.78354978354979,21882573.92767,11066671.8685,66.41297364752918,33.587026352470815,0.004,count,2953.15
ETH,48390,2026-01-25 02:55:10,LONG,MODERATE,232,115,117,49.56896551724138,50.43103448275862,21941563.06097,11171028.74591,66.26350238283393,33.73649761716607,0.009,count,2952.35
ETH,48533,2026-01-25 03:57:58,LONG,MODERATE,232,114,118,49.137931034482754,50.86206896551724,22205568.45335,11956899.18255,64.99989605556198,35.000103944438024,0.017,count,2941.85
ETH,48606,2026-01-25 04:29:19,LONG,MODERATE,235,117,118,49.787234042553195,50.212765957446805,22229383.01548,11953812.40274,65.03014929853957,34.969850701460444,0.004,count,2940.95
ETH,48751,2026-01-25 05:32:04,LONG,MODERATE,236,116,120,49.152542372881356,50.847457627118644,22275012.44766,12431787.651899999,64.18054209481096,35.81945790518903,0.017,count,2945.85
ETH,48897,2026-01-25 06:34:56,LONG,MODERATE,237,115,122,48.52320675105485,51.47679324894515,22428744.5245,12396053.43577,64.40452160006187,35.595478399938116,0.03,count,2937.95
ETH,49040,2026-01-25 07:37:39,LONG,MODERATE,236,113,123,47.88135593220339,52.118644067796616,22279554.95163,12499547.42888,64.06017817215239,35.93982182784761,0.042,count,2941.65
ETH,49186,2026-01-25 08:40:24,LONG,MODERATE,240,114,126,47.5,52.5,22391342.33025,12491582.79286,64.18997905486916,35.810020945130844,0.05,count,2931.25
ETH,49332,2026-01-25 09:43:09,LONG,MODERATE,239,114,125,47.69874476987448,52.30125523012552,22759183.87037,12531073.28988,64.49140839927155,35.508591600728444,0.046,count,2937.45
ETH,49479,2026-01-25 10:45:55,LONG,MODERATE,240,116,124,48.333333333333336,51.66666666666667,22804832.98518,12581269.40789,64.44573276780574,35.55426723219427,0.033,count,2943.85
ETH,49630,2026-01-25 11:48:46,LONG,MODERATE,241,117,124,48.54771784232365,51.45228215767634,22712535.0883,12540542.89534,64.4270979652905,35.5729020347095,0.029,count,2935.85
ETH,49776,2026-01-25 12:51:27,LONG,MODERATE,243,116,127,47.73662551440329,52.2633744855967,22745528.38277,12567430.15584,64.41127938317828,35.58872061682172,0.045,count,2938.85
ETH,49929,2026-01-25 13:54:08,LONG,MODERATE,241,117,124,48.54771784232365,51.45228215767634,22697618.58465,12578523.51257,64.34268952113878,35.65731047886122,0.029,count,2942.85
ETH,50076,2026-01-25 14:56:54,LONG,MODERATE,240,116,124,48.333333333333336,51.66666666666667,22576432.009409998,12511777.83587,64.34193168862087,35.65806831137913,0.033,count,2930.85
ETH,50226,2026-01-25 15:59:40,LONG,MODERATE,240,115,125,47.91666666666667,52.083333333333336,22498868.90863,12580427.31584,64.13717300558508,35.86282699441492,0.042,count,2924.95
ETH,50297,2026-01-25 16:31:03,LONG,MODERATE,237,112,125,47.257383966244724,52.742616033755276,22067401.71529,14640712.261669999,60.115869012340696,39.884130987659304,0.055,count,2891.95
ETH,50442,2026-01-25 17:33:49,LONG,MODERATE,240,113,127,47.083333333333336,52.916666666666664,22676932.63703,14572996.43644,60.87778742424741,39.122212575752584,0.058,count,2881.75
ETH,50577,2026-01-25 18:36:31,LONG,MODERATE,223,96,127,43.04932735426009,56.95067264573991,21694183.74501,14271749.237089999,60.318701466209845,39.68129853379017,0.139,count,2841.05
ETH,50720,2026-01-25 19:39:20,LONG,MODERATE,213,87,126,40.845070422535215,59.154929577464785,20201831.61582,14048700.57128,58.98253348433735,41.01746651566265,0.183,count,2823.75
ETH,50870,2026-01-25 20:42:07,LONG,MODERATE,216,94,122,43.51851851851852,56.481481481481474,20589070.71118,13923877.38828,59.65607647265039,40.343923527349595,0.13,count,2794.75
ETH,51018,2026-01-25 21:44:51,LONG,MODERATE,219,100,119,45.662100456621005,54.337899543378995,21713356.52263,13762746.76887,61.205584909412735,38.79441509058726,0.087,count,2806.55
ETH,51156,2026-01-25 22:47:43,LONG,MODERATE,214,96,118,44.85981308411215,55.140186915887845,21319754.32658,13676321.29538,60.92041449699542,39.07958550300458,0.103,count,2798.3
ETH,51306,2026-01-25 23:50:25,LONG,MODERATE,216,101,115,46.75925925925926,53.24074074074075,21657495.00827,13692857.51706,61.26528722097326,38.73471277902674,0.065,count,2819.35
ETH,51453,2026-01-26 00:53:11,LONG,MODERATE,219,104,115,47.48858447488584,52.51141552511416,22164550.77542,13346510.13542,62.415907063633,37.584092936367,0.05,count,2839.85
ETH,51596,2026-01-26 01:55:56,LONG,MODERATE,215,104,111,48.372093023255815,51.627906976744185,22028746.18281,13537548.817569999,61.93714071869066,38.06285928130934,0.033,count,2887.95
ETH,51741,2026-01-26 02:58:44,LONG,MODERATE,221,110,111,49.7737556561086,50.2262443438914,21584111.00888,13396482.74555,61.703100754676456,38.29689924532355,0.005,count,2863.25
ETH,51813,2026-01-26 03:30:08,LONG,MODERATE,218,107,111,49.08256880733945,50.917431192660544,21489334.49458,13349771.60915,61.681647142718376,38.31835285728162,0.018,count,2853.05
ETH,51954,2026-01-26 04:32:53,LONG,MODERATE,215,107,108,49.76744186046512,50.23255813953489,21847386.50657,13431594.94418,61.92748658877606,38.07251341122394,0.005,count,2871.05
ETH,52095,2026-01-26 05:35:41,SHORT,MODERATE,220,111,109,50.45454545454545,49.54545454545455,21788628.68313,13433927.12343,61.85987411814106,38.140125881858935,0.009,count,2869.55
ETH,52236,2026-01-26 06:38:56,LONG,MODERATE,220,108,112,49.09090909090909,50.90909090909091,21835652.09397,13476238.75198,61.836541660227695,38.163458339772305,0.018,count,2881.35
ETH,52376,2026-01-26 07:41:42,LONG,MODERATE,216,104,112,48.148148148148145,51.85185185185185,21822054.36561,12235875.259229999,64.073343876118,35.926656123882,0.037,count,2896.85
ETH,52520,2026-01-26 08:44:27,LONG,MODERATE,214,104,110,48.598130841121495,51.4018691588785,21421902.16622,13884523.88752,60.67423004983192,39.32576995016809,0.028,count,2909.65
ETH,52653,2026-01-26 09:47:13,LONG,MODERATE,218,104,114,47.706422018348626,52.293577981651374,21237277.40569,13760814.8663,60.68124296788261,39.31875703211738,0.046,count,2889.85
ETH,52792,2026-01-26 10:50:03,LONG,MODERATE,220,106,114,48.18181818181818,51.81818181818182,21293443.88944,13273203.92103,61.60112489412515,38.39887510587485,0.036,count,2896.75
ETH,52930,2026-01-26 11:52:41,LONG,MODERATE,219,103,116,47.03196347031963,52.96803652968036,21230715.20654,13269380.50787,61.53813421935625,38.46186578064375,0.059,count,2890.55
ETH,53066,2026-01-26 12:55:25,LONG,MODERATE,219,106,113,48.401826484018265,51.598173515981735,21313423.25522,12891437.87004,62.3110942540276,37.68890574597242,0.032,count,2900.45
ETH,53195,2026-01-26 13:58:10,LONG,MODERATE,222,107,115,48.1981981981982,51.80180180180181,21234028.85114,13011571.36696,62.00512975654336,37.994870243456646,0.036,count,2908.85
ETH,53260,2026-01-26 14:29:32,LONG,MODERATE,223,105,118,47.08520179372198,52.91479820627802,21078836.90597,13127754.068640001,61.62215030903215,38.37784969096785,0.058,count,2884.35
ETH,53392,2026-01-26 15:32:20,LONG,MODERATE,223,107,116,47.98206278026906,52.01793721973094,21420952.3845,14075870.04555,60.34611246319894,39.65388753680106,0.04,count,2912.95
ETH,53525,2026-01-26 16:35:05,LONG,MODERATE,230,111,119,48.26086956521739,51.73913043478261,21388742.36422,14454678.86279,59.67271435602359,40.327285643976424,0.035,count,2906.4
ETH,53655,2026-01-26 17:37:52,LONG,MODERATE,226,106,120,46.902654867256636,53.09734513274337,21284935.27465,14426447.72826,59.60266303020402,40.39733696979598,0.062,count,2902.95
ETH,53785,2026-01-26 18:40:36,LONG,MODERATE,224,105,119,46.875,53.125,21465186.00429,14858116.46403,59.0948084167491,40.905191583250904,0.062,count,2922.75
ETH,53914,2026-01-26 19:43:19,LONG,MODERATE,225,105,120,46.666666666666664,53.333333333333336,21555251.395010002,15113001.67783,58.784505910852545,41.21549408914745,0.067,count,2930.85
ETH,54036,2026-01-26 20:45:58,LONG,MODERATE,225,99,126,44.0,56.00000000000001,21412917.21142,16677442.04934,56.21610724338638,43.78389275661361,0.12,count,2912.15
ETH,54172,2026-01-26 21:48:41,LONG,MODERATE,226,104,122,46.017699115044245,53.98230088495575,21534028.78096,16850986.58303,56.10009160283324,43.89990839716676,0.08,count,2931.65
ETH,54309,2026-01-26 22:51:25,LONG,MODERATE,227,106,121,46.69603524229075,53.30396475770925,21463651.001170002,16676607.38472,56.275578377073835,43.72442162292617,0.066,count,2924.85
ETH,54438,2026-01-26 23:54:10,LONG,MODERATE,231,106,125,45.887445887445885,54.112554112554115,21708049.33018,17243238.49428,55.73127499149882,44.26872500850118,0.082,count,2929.95
ETH,54571,2026-01-27 00:56:54,LONG,MODERATE,230,109,121,47.391304347826086,52.60869565217391,21794637.2661,17189103.49576,55.90699312114995,44.093006878850055,0.052,count,2917.65
ETH,54701,2026-01-27 01:59:38,LONG,MODERATE,232,110,122,47.41379310344828,52.58620689655172,21902677.27951,17450417.65059,55.656810013072956,44.34318998692706,0.052,count,2930.95
ETH,54766,2026-01-27 02:30:59,LONG,MODERATE,232,110,122,47.41379310344828,52.58620689655172,22091405.64702,17511718.11341,55.78197765574474,44.21802234425525,0.052,count,2936.55
ETH,54897,2026-01-27 03:33:37,LONG,MODERATE,229,112,117,48.90829694323144,51.09170305676856,22208912.70064,17510140.377550002,55.91501050369971,44.0849894963003,0.022,count,2938.85
ETH,55028,2026-01-27 04:36:15,LONG,MODERATE,228,112,116,49.122807017543856,50.877192982456144,22165163.33867,10638504.27581,67.5691620801754,32.4308379198246,0.018,count,2945.65
ETH,55157,2026-01-27 05:39:00,LONG,MODERATE,228,112,116,49.122807017543856,50.877192982456144,22251997.13554,10644858.73444,67.64171391785209,32.35828608214793,0.018,count,2936.85
ETH,55287,2026-01-27 06:41:42,LONG,MODERATE,228,110,118,48.24561403508772,51.75438596491229,22155064.84014,12160163.67106,64.56336093728446,35.43663906271555,0.035,count,2929.15
ETH,55422,2026-01-27 07:44:30,LONG,MODERATE,231,113,118,48.917748917748916,51.082251082251084,22222405.31075,12193854.7593,64.56949495825249,35.43050504174751,0.022,count,2933.65
ETH,55552,2026-01-27 08:47:12,LONG,MODERATE,230,114,116,49.56521739130435,50.43478260869565,22332867.82814,12106703.28193,64.84653295118984,35.15346704881015,0.009,count,2922.15
ETH,55680,2026-01-27 09:49:55,LONG,MODERATE,236,116,120,49.152542372881356,50.847457627118644,22278191.21558,12077458.73209,64.84578591734926,35.154214082650746,0.017,count,2913.05
ETH,55810,2026-01-27 10:52:42,LONG,MODERATE,231,112,119,48.484848484848484,51.515151515151516,22223962.68,12663813.16746,63.70128831705966,36.298711682940336,0.03,count,2904.25
ETH,55942,2026-01-27 11:55:24,SHORT,MODERATE,229,116,113,50.65502183406113,49.34497816593886,22548506.34708,12690851.94837,63.986710989545436,36.01328901045455,0.013,count,2918.35
ETH,56075,2026-01-27 12:58:08,SHORT,MODERATE,226,115,111,50.88495575221239,49.11504424778761,22581228.50319,12633295.36583,64.12475882729697,35.875241172703035,0.018,count,2915.25
ETH,56142,2026-01-27 13:29:28,SHORT,MODERATE,227,114,113,50.22026431718062,49.77973568281938,22540053.28909,12600486.94387,64.14259183172318,35.85740816827682,0.004,count,2906.45
ETH,56273,2026-01-27 14:32:10,SHORT,MODERATE,227,115,112,50.66079295154186,49.33920704845815,22190907.17159,12673906.13893,63.64843251546735,36.35156748453265,0.013,count,2925.45
ETH,56406,2026-01-27 15:34:53,LONG,MODERATE,225,112,113,49.77777777777778,50.22222222222222,22113271.93742,12748622.75653,63.43106744929036,36.56893255070965,0.004,count,2915.55
ETH,56540,2026-01-27 16:37:37,LONG,MODERATE,230,114,116,49.56521739130435,50.43478260869565,25408673.41645,12086539.72936,67.76511262288786,32.23488737711214,0.009,count,2986.25
ETH,56666,2026-01-27 17:40:21,LONG,MODERATE,226,109,117,48.23008849557522,51.76991150442478,24812313.776920002,14481696.280679999,63.145282806586344,36.85471719341366,0.035,count,2937.55
ETH,56797,2026-01-27 18:43:05,LONG,MODERATE,230,110,120,47.82608695652174,52.17391304347826,25077753.59451,14558154.75666,63.27028857853774,36.729711421462255,0.043,count,2947.95
ETH,56936,2026-01-27 19:45:48,LONG,MODERATE,227,112,115,49.33920704845815,50.66079295154186,25207796.03107,11330198.50818,68.99063933022151,31.009360669778484,0.013,count,2985.85
ETH,57067,2026-01-27 20:48:35,SHORT,MODERATE,225,114,111,50.66666666666667,49.333333333333336,25968740.21513,11466616.4065,69.36955477038347,30.630445229616527,0.013,count,3017.95
ETH,57200,2026-01-27 21:51:16,SHORT,MODERATE,226,116,110,51.32743362831859,48.67256637168141,26133081.82689,12012440.01179,68.50891157658971,31.491088423410286,0.027,count,3016.85
ETH,57327,2026-01-27 22:54:02,SHORT,MODERATE,227,119,108,52.42290748898678,47.57709251101321,26198406.33929,11973562.19069,68.63257869112502,31.36742130887498,0.048,count,3019.65
ETH,57461,2026-01-27 23:56:43,SHORT,MODERATE,226,117,109,51.76991150442478,48.23008849557522,26214575.95368,11739535.44788,69.06913371340983,30.930866286590174,0.035,count,3027.65
ETH,57601,2026-01-28 00:59:24,SHORT,MODERATE,228,117,111,51.31578947368421,48.68421052631579,26323684.48581,12007093.95425,68.6750584180643,31.3249415819357,0.026,count,3021.65
ETH,57671,2026-01-28 01:30:45,SHORT,MODERATE,223,114,109,51.12107623318386,48.87892376681614,26332593.41929,11728798.5252,69.18452550998221,30.815474490017785,0.022,count,3013.65
ETH,57808,2026-01-28 02:33:32,SHORT,MODERATE,225,114,111,50.66666666666667,49.333333333333336,26464425.09881,11860733.53241,69.05235632149962,30.94764367850038,0.013,count,3010.95
ETH,57947,2026-01-28 03:36:13,LONG,MODERATE,225,109,116,48.44444444444444,51.55555555555556,18746404.15615,12914551.94784,59.20984854208976,40.79015145791025,0.031,count,3005.65
ETH,58081,2026-01-28 04:38:53,LONG,MODERATE,226,108,118,47.78761061946903,52.21238938053098,18852946.78831,13169127.59843,58.87484539763859,41.12515460236141,0.044,count,2998.55
ETH,58223,2026-01-28 05:41:38,LONG,MODERATE,227,111,116,48.89867841409692,51.10132158590308,18688574.76993,13317951.64179,58.38988751708685,41.61011248291316,0.022,count,3001.95
ETH,58361,2026-01-28 06:44:18,SHORT,MODERATE,229,116,113,50.65502183406113,49.34497816593886,19084182.519050002,13240200.31595,59.03958821569872,40.96041178430128,0.013,count,3005.55
ETH,58499,2026-01-28 07:47:03,SHORT,MODERATE,231,117,114,50.649350649350644,49.35064935064935,19240354.0592,13330301.23861,59.072664898129,40.927335101871,0.013,count,3007.35
ETH,58635,2026-01-28 08:49:42,LONG,MODERATE,230,112,118,48.69565217391305,51.30434782608696,19005779.23082,13360518.94334,58.720892727835896,41.27910727216411,0.026,count,2992.55
ETH,58774,2026-01-28 09:52:29,SHORT,MODERATE,232,117,115,50.43103448275862,49.56896551724138,19180078.69726,13501769.68699,58.68725193188046,41.31274806811954,0.009,count,3014.15
ETH,58909,2026-01-28 10:55:09,SHORT,MODERATE,232,118,114,50.86206896551724,49.137931034482754,19445925.63427,14061933.93149,58.03392364142774,41.96607635857226,0.017,count,3027.25
ETH,59041,2026-01-28 11:57:52,SHORT,MODERATE,229,120,109,52.40174672489083,47.59825327510917,19796235.85675,14727899.25302,57.340280339558326,42.659719660441674,0.048,count,3043.95
ETH,59113,2026-01-28 12:29:15,SHORT,MODERATE,232,118,114,50.86206896551724,49.137931034482754,19606064.11614,14723614.24035,57.111120915682825,42.888879084317175,0.017,count,3029.05
ETH,59251,2026-01-28 13:31:57,SHORT,MODERATE,231,118,113,51.082251082251084,48.917748917748916,19414089.22927,14756964.38811,56.814429682658805,43.18557031734119,0.022,count,3037.45
ETH,59385,2026-01-28 14:34:41,SHORT,MODERATE,238,125,113,52.52100840336135,47.47899159663865,19618357.23113,14758401.92564,57.06866415668637,42.93133584331363,0.05,count,3026.45
ETH,59529,2026-01-28 15:37:22,SHORT,MODERATE,235,120,115,51.06382978723404,48.93617021276596,19753279.131500002,14339226.883820001,57.94023801777304,42.05976198222696,0.021,count,3005.05
ETH,59665,2026-01-28 16:40:05,SHORT,MODERATE,239,121,118,50.627615062761514,49.37238493723849,19918559.17057,14475812.53321,57.912263500894,42.08773649910599,0.013,count,3006.85
ETH,59800,2026-01-28 17:42:52,LONG,MODERATE,239,119,120,49.7907949790795,50.2092050209205,19781018.5214,14502570.81263,57.69821335995673,42.30178664004326,0.004,count,3011.15
ETH,59934,2026-01-28 18:45:39,SHORT,MODERATE,232,116,116,50.0,50.0,19463718.2955,14323658.17398,57.60648008016099,42.393519919839,0.0,count,3009.05
ETH,60067,2026-01-28 19:48:27,SHORT,MODERATE,236,120,116,50.847457627118644,49.152542372881356,19741672.6267,13321298.43173,59.70931224484287,40.29068775515712,0.017,count,3008.55
ETH,60208,2026-01-28 20:51:15,SHORT,MODERATE,236,119,117,50.42372881355932,49.57627118644068,19852293.84011,13238862.3719,59.99274764810083,40.00725235189917,0.008,count,3007.95
ETH,60344,2026-01-28 21:53:58,SHORT,MODERATE,235,118,117,50.212765957446805,49.787234042553195,20132608.99051,13935069.45165,59.09592291324189,40.9040770867581,0.004,count,3021.15
ETH,60482,2026-01-28 22:56:44,SHORT,MODERATE,235,119,116,50.638297872340424,49.361702127659576,19884157.52465,13866689.6583,58.91454343906049,41.08545656093951,0.013,count,3018.65
ETH,60618,2026-01-28 23:59:31,SHORT,MODERATE,236,120,116,50.847457627118644,49.152542372881356,20083673.22768,13831987.84195,59.216517072887186,40.78348292711282,0.017,count,3008.85
ETH,60686,2026-01-29 00:30:54,SHORT,MODERATE,236,118,118,50.0,50.0,20251332.28364,13885350.78511,59.32425315855843,40.67574684144158,0.0,count,3007.75
ETH,60822,2026-01-29 01:33:42,SHORT,MODERATE,238,119,119,50.0,50.0,20110322.32051,14113368.18732,58.76140773277791,41.23859226722208,0.0,count,2997.95
ETH,60959,2026-01-29 02:36:22,LONG,MODERATE,234,115,119,49.14529914529914,50.85470085470085,19510800.13131,13993800.86195,58.23319649511694,41.76680350488305,0.017,count,2975.35
ETH,61094,2026-01-29 03:39:06,LONG,MODERATE,230,113,117,49.130434782608695,50.8695652173913,19077735.41915,14247984.33715,57.24628172672395,42.75371827327605,0.017,count,2953.65
ETH,61231,2026-01-29 04:41:47,LONG,MODERATE,230,112,118,48.69565217391305,51.30434782608696,19544245.95404,12491122.90051,61.00833751213113,38.99166248786888,0.026,count,2953.35
ETH,61369,2026-01-29 05:44:29,LONG,MODERATE,233,115,118,49.35622317596567,50.64377682403433,19781065.84245,12165259.69829,61.91969031688455,38.08030968311545,0.013,count,2956.25
ETH,61506,2026-01-29 06:47:17,LONG,MODERATE,233,114,119,48.927038626609445,51.072961373390555,15494090.242970001,12200776.58741,55.94571130406626,44.05428869593374,0.021,count,2951.95
ETH,61641,2026-01-29 07:50:05,LONG,MODERATE,231,114,117,49.35064935064935,50.649350649350644,15488905.03616,12467550.12091,55.40368029185904,44.59631970814097,0.013,count,2961.95
ETH,61778,2026-01-29 08:52:53,LONG,MODERATE,232,114,118,49.137931034482754,50.86206896551724,15521558.1176,12245670.96026,55.89883698541603,44.101163014583975,0.017,count,2949.25
ETH,61917,2026-01-29 09:55:50,LONG,MODERATE,230,113,117,49.130434782608695,50.8695652173913,15502479.4133,11966282.61174,56.43676041595261,43.56323958404738,0.017,count,2943.65
ETH,62056,2026-01-29 10:58:57,SHORT,MODERATE,230,117,113,50.8695652173913,49.130434782608695,15603983.64625,11865861.537139999,56.80404655387411,43.19595344612589,0.017,count,2943.85
ETH,62127,2026-01-29 11:30:23,LONG,MODERATE,231,113,118,48.917748917748916,51.082251082251084,15585070.80798,11880580.44342,56.743860414325994,43.25613958567399,0.022,count,2923.85
ETH,62268,2026-01-29 12:33:07,LONG,MODERATE,232,114,118,49.137931034482754,50.86206896551724,15508342.97274,11753035.79121,56.88759584400764,43.112404155992365,0.017,count,2934.25
ETH,62413,2026-01-29 13:35:58,LONG,MODERATE,233,113,120,48.497854077253216,51.50214592274678,15432083.03513,11805066.89498,56.65821524913005,43.34178475086994,0.03,count,2936.75
ETH,62542,2026-01-29 14:38:56,LONG,MODERATE,224,103,121,45.982142857142854,54.01785714285714,14954677.647640001,11618627.074930001,56.277071308102165,43.722928691897835,0.08,count,2916.35
ETH,62668,2026-01-29 15:41:49,LONG,MODERATE,216,91,125,42.129629629629626,57.870370370370374,9752004.91248,11910998.10747,45.016865406421886,54.98313459357811,0.157,count,2805.1
ETH,62805,2026-01-29 16:44:33,LONG,MODERATE,219,95,124,43.37899543378995,56.62100456621004,10043642.17465,11910367.70023,45.74855450958887,54.25144549041113,0.132,count,2812.95
ETH,62938,2026-01-29 17:47:17,LONG,MODERATE,220,98,122,44.54545454545455,55.45454545454545,13204738.26022,11777458.61604,52.85659353989062,47.143406460109375,0.109,count,2825.45
ETH,63070,2026-01-29 18:50:04,LONG,MODERATE,213,90,123,42.25352112676056,57.74647887323944,10772178.447250001,13090802.61404,45.141796909541995,54.858203090458005,0.155,count,2791.55
ETH,63202,2026-01-29 19:52:47,LONG,MODERATE,215,92,123,42.7906976744186,57.20930232558139,12058965.40277,13215435.94458,47.7121702589184,52.287829741081595,0.144,count,2796.8
ETH,63339,2026-01-29 20:55:30,LONG,MODERATE,221,98,123,44.34389140271493,55.65610859728507,12156922.84349,13184755.99086,47.972050008824205,52.027949991175795,0.113,count,2805.65
ETH,63470,2026-01-29 21:58:14,LONG,MODERATE,230,103,127,44.78260869565218,55.21739130434783,12357035.93002,13858253.68777,47.13675153004746,52.86324846995254,0.104,count,2818.05
ETH,63538,2026-01-29 22:29:38,LONG,MODERATE,229,105,124,45.851528384279476,54.14847161572053,12352378.70758,13844726.80269,47.1516927804773,52.8483072195227,0.083,count,2812.85
ETH,63669,2026-01-29 23:32:23,LONG,MODERATE,231,105,126,45.45454545454545,54.54545454545454,14124955.35434,13869323.46358,50.45657881101827,49.543421188981725,0.091,count,2819.55
ETH,63800,2026-01-30 00:35:02,LONG,MODERATE,237,105,132,44.303797468354425,55.69620253164557,14201178.11467,14202706.26966,49.99730995421379,50.00269004578621,0.114,count,2806.95
ETH,63930,2026-01-30 01:37:44,LONG,MODERATE,235,102,133,43.40425531914894,56.59574468085107,13981520.82169,15849686.84634,46.86877238521572,53.13122761478427,0.132,count,2791.45
ETH,64058,2026-01-30 02:40:26,LONG,MODERATE,219,90,129,41.0958904109589,58.9041095890411,11938823.10183,13024962.55017,47.82456983191373,52.175430168086265,0.178,count,2736.05
ETH,64188,2026-01-30 03:43:08,LONG,MODERATE,220,92,128,41.81818181818181,58.18181818181818,12489651.44454,12775540.4769,49.43422350946523,50.56577649053479,0.164,count,2738.05
ETH,64317,2026-01-30 04:45:52,LONG,MODERATE,217,94,123,43.31797235023041,56.68202764976959,13187594.79827,13115510.03153,50.137027106127654,49.86297289387234,0.134,count,2756.75
ETH,64447,2026-01-30 05:48:39,LONG,MODERATE,219,93,126,42.465753424657535,57.534246575342465,13268417.52811,13080947.88891,50.355738432848376,49.64426156715162,0.151,count,2750.75
ETH,64579,2026-01-30 06:51:24,LONG,MODERATE,212,91,121,42.924528301886795,57.07547169811321,13012711.43974,13463869.4833,49.14800546779172,50.851994532208266,0.142,count,2714.05
ETH,64716,2026-01-30 07:54:08,LONG,MODERATE,213,96,117,45.07042253521127,54.929577464788736,13311906.264489999,13489713.80103,49.66828957334421,50.331710426655796,0.099,count,2741.05
ETH,64848,2026-01-30 08:57:15,LONG,MODERATE,219,99,120,45.20547945205479,54.794520547945204,13424402.436900001,13540904.509920001,49.78397784744345,50.21602215255655,0.096,count,2737.05
ETH,64913,2026-01-30 09:28:40,LONG,MODERATE,219,96,123,43.83561643835616,56.16438356164384,13082624.77156,13506083.05073,49.203687742179405,50.796312257820595,0.123,count,2725.55
ETH,65041,2026-01-30 10:31:29,LONG,MODERATE,219,96,123,43.83561643835616,56.16438356164384,12970686.80057,13423718.46766,49.141803608594095,50.858196391405905,0.123,count,2727.35
ETH,65175,2026-01-30 11:34:17,LONG,MODERATE,222,100,122,45.04504504504504,54.95495495495496,13049033.59888,13558411.77006,49.04279015870006,50.95720984129994,0.099,count,2738.35
ETH,65305,2026-01-30 12:37:06,LONG,MODERATE,225,98,127,43.55555555555555,56.44444444444444,13550147.76205,13820466.43099,49.506188156697014,50.49381184330299,0.129,count,2745.95
ETH,65438,2026-01-30 13:39:54,LONG,MODERATE,229,100,129,43.66812227074236,56.33187772925764,13548283.132,13715861.77931,49.69267576911887,50.307324230881136,0.127,count,2731.65
ETH,65571,2026-01-30 14:42:40,LONG,MODERATE,229,99,130,43.23144104803494,56.76855895196506,13638068.69799,13729954.01356,49.83213015324775,50.167869846752254,0.135,count,2746.35
ETH,65706,2026-01-30 15:45:25,LONG,MODERATE,224,96,128,42.857142857142854,57.14285714285714,13811537.26537,13689296.02287,50.22225007005928,49.77774992994072,0.143,count,2736.15
ETH,65843,2026-01-30 16:48:10,LONG,MODERATE,228,99,129,43.42105263157895,56.57894736842105,14065418.84509,13590012.39495,50.85951733316618,49.14048266683382,0.132,count,2728.25
ETH,65976,2026-01-30 17:51:01,LONG,MODERATE,226,100,126,44.24778761061947,55.75221238938053,14331373.15494,13623232.56834,51.266590188410845,48.73340981158916,0.115,count,2716.85
ETH,66102,2026-01-30 18:53:58,LONG,MODERATE,208,87,121,41.82692307692308,58.17307692307693,17353806.21386,13648103.81767,55.97657110871745,44.02342889128255,0.163,count,2731.35
ETH,66239,2026-01-30 19:56:48,LONG,MODERATE,220,96,124,43.63636363636363,56.36363636363636,18879718.0427,13548722.61138,58.21962962725634,41.78037037274366,0.127,count,2748.75
ETH,66370,2026-01-30 20:59:33,LONG,MODERATE,213,91,122,42.72300469483568,57.27699530516433,18209318.77279,12917911.82682,58.499642987892884,41.50035701210711,0.146,count,2679.85
ETH,66434,2026-01-30 21:30:55,LONG,MODERATE,220,95,125,43.18181818181818,56.81818181818182,18435428.5492,12977257.92881,58.68784435901544,41.31215564098456,0.136,count,2691.35
ETH,66567,2026-01-30 22:33:42,LONG,MODERATE,222,96,126,43.24324324324324,56.75675675675676,18463135.51476,13036376.84265,58.61403600559771,41.38596399440229,0.135,count,2700.55
ETH,66702,2026-01-30 23:36:23,LONG,MODERATE,221,97,124,43.89140271493213,56.10859728506787,18480385.56163,13022367.12923,58.66276430818623,41.33723569181376,0.122,count,2696.35
ETH,66838,2026-01-31 00:39:09,LONG,MODERATE,223,101,122,45.2914798206278,54.7085201793722,18200281.72727,12875916.91152,58.56662823795959,41.43337176204041,0.094,count,2709.05
ETH,66972,2026-01-31 01:41:50,LONG,MODERATE,225,103,122,45.77777777777778,54.22222222222223,17501887.81187,12404963.25272,58.521332700895435,41.47866729910457,0.084,count,2701.05
ETH,67104,2026-01-31 02:44:33,LONG,MODERATE,220,99,121,45.0,55.00000000000001,18209164.11352,12383641.78533,59.52106574900503,40.47893425099496,0.1,count,2704.25
ETH,67237,2026-01-31 03:47:16,LONG,MODERATE,221,99,122,44.79638009049774,55.203619909502265,14769089.35683,12344627.32618,54.47091422211625,45.52908577788375,0.104,count,2695.65
ETH,67371,2026-01-31 04:50:00,LONG,MODERATE,224,100,124,44.642857142857146,55.35714285714286,14766258.95343,12347308.13088,54.46077569769451,45.539224302305485,0.107,count,2695.65
ETH,67507,2026-01-31 05:52:45,LONG,MODERATE,223,102,121,45.73991031390135,54.26008968609865,14790627.31447,12357319.27644,54.48156922270642,45.518430777293574,0.085,count,2698.55
ETH,67638,2026-01-31 06:55:31,LONG,MODERATE,222,101,121,45.4954954954955,54.5045045045045,14762000.32861,12143319.038279999,54.86647501674442,45.13352498325558,0.09,count,2692.95
ETH,67772,2026-01-31 07:58:12,LONG,MODERATE,219,99,120,45.20547945205479,54.794520547945204,14534015.69576,12090910.538169999,54.588003617596094,45.4119963824039,0.096,count,2678.85
ETH,67839,2026-01-31 08:29:36,LONG,MODERATE,221,99,122,44.79638009049774,55.203619909502265,14393225.67405,12156133.57379,54.213081150804044,45.78691884919594,0.104,count,2664.45
ETH,67965,2026-01-31 09:32:27,LONG,MODERATE,207,85,122,41.06280193236715,58.93719806763285,10165078.38712,11981046.0745,45.90003277881162,54.09996722118837,0.179,count,2654.8
ETH,68097,2026-01-31 10:35:16,LONG,MODERATE,208,86,122,41.34615384615385,58.65384615384615,10677582.72483,11991624.09086,47.10170413831922,52.89829586168078,0.173,count,2651.55
ETH,68232,2026-01-31 11:38:16,LONG,MODERATE,211,86,125,40.758293838862556,59.241706161137444,10684158.46758,11986468.14662,47.12775985154225,52.87224014845775,0.185,count,2643.05
ETH,68368,2026-01-31 12:41:01,LONG,MODERATE,215,90,125,41.86046511627907,58.139534883720934,10587225.39177,11959376.05307,46.957078731672816,53.042921268327184,0.163,count,2640.35
ETH,68499,2026-01-31 13:43:45,LONG,MODERATE,220,91,129,41.36363636363637,58.63636363636363,10472496.12128,12015713.62839,46.56882979061363,53.43117020938638,0.173,count,2624.65
ETH,68628,2026-01-31 14:46:37,LONG,MODERATE,210,87,123,41.42857142857143,58.57142857142858,11966007.61448,10868029.41453,52.40425772839698,47.59574227160302,0.171,count,2532.85
ETH,68757,2026-01-31 15:49:27,LONG,MODERATE,211,85,126,40.28436018957346,59.71563981042654,12082658.08769,10914786.66034,52.539133021398044,47.460866978601956,0.194,count,2544.1
ETH,68886,2026-01-31 16:52:20,LONG,MODERATE,205,84,121,40.97560975609756,59.02439024390244,12348214.44295,10872118.75523,53.17845500993003,46.82154499006997,0.18,count,2502.45
ETH,69016,2026-01-31 17:55:06,LONG,MODERATE,197,81,116,41.11675126903553,58.88324873096447,16483296.45149,10556695.41285,60.958954921979704,39.041045078020296,0.178,count,2405.75
ETH,69146,2026-01-31 18:57:49,LONG,MODERATE,187,76,111,40.64171122994652,59.35828877005348,15733416.75346,10430802.65047,60.13333136587578,39.8666686341242,0.187,count,2378.85
ETH,69208,2026-01-31 19:29:10,LONG,MODERATE,194,83,111,42.78350515463917,57.21649484536082,20122501.02336,10636559.92905,65.419750799588,34.580249200412005,0.144,count,2409.4
ETH,69328,2026-01-31 20:31:55,LONG,MODERATE,197,85,112,43.14720812182741,56.852791878172596,8676749.48743,10171352.35357,46.03513690994387,53.964863090056134,0.137,count,2361.75
ETH,69448,2026-01-31 21:34:42,LONG,MODERATE,195,83,112,42.56410256410256,57.43589743589743,10276393.7324,10070909.43684,50.50494233523448,49.495057664765525,0.149,count,2398.15
ETH,69570,2026-01-31 22:37:26,LONG,MODERATE,198,89,109,44.94949494949495,55.05050505050505,11012330.96692,9624947.76385,53.361352097748785,46.63864790225122,0.101,count,2413.75
ETH,69690,2026-01-31 23:40:11,LONG,MODERATE,194,89,105,45.876288659793815,54.123711340206185,11635462.45935,9724901.05773,54.47221181440168,45.52778818559831,0.082,count,2449.75
ETH,69814,2026-02-01 00:42:54,LONG,MODERATE,198,91,107,45.95959595959596,54.04040404040404,12313108.20273,9775491.40249,55.74417764275176,44.25582235724825,0.081,count,2451.05
ETH,69934,2026-02-01 01:45:40,LONG,MODERATE,200,90,110,45.0,55.00000000000001,9886412.70791,9715010.14939,50.43721968493774,49.56278031506228,0.1,count,2435.55
ETH,70059,2026-02-01 02:48:31,LONG,MODERATE,205,95,110,46.34146341463415,53.65853658536586,10142320.13308,9861264.28877,50.702513705501204,49.297486294498796,0.073,count,2455.45
ETH,70181,2026-02-01 03:51:15,LONG,MODERATE,203,93,110,45.812807881773395,54.187192118226605,10286034.34551,9804596.44998,51.19816520553968,48.801834794460326,0.084,count,2441.75
ETH,70303,2026-02-01 04:53:55,LONG,MODERATE,205,95,110,46.34146341463415,53.65853658536586,10533294.034090001,9843627.10308,51.692274623745696,48.307725376254304,0.073,count,2450.35
ETH,70427,2026-02-01 05:56:39,LONG,MODERATE,205,95,110,46.34146341463415,53.65853658536586,10570584.5258,9806359.16272,51.875220775897205,48.1247792241028,0.073,count,2430.25
ETH,70551,2026-02-01 06:59:22,LONG,MODERATE,201,91,110,45.27363184079602,54.72636815920397,10364013.21634,9787348.15499,51.430834003529014,48.56916599647099,0.095,count,2417.85
ETH,70612,2026-02-01 07:30:45,LONG,MODERATE,201,89,112,44.27860696517413,55.72139303482587,10316967.15896,9756189.32266,51.39683521326971,48.60316478673028,0.114,count,2403.75
ETH,70733,2026-02-01 08:33:28,LONG,MODERATE,203,91,112,44.827586206896555,55.172413793103445,10451850.60433,9631533.82292,52.04227724759618,47.95772275240383,0.103,count,2403.15
ETH,70857,2026-02-01 09:36:11,LONG,MODERATE,206,92,114,44.66019417475729,55.33980582524271,10475185.76137,10129616.0043,50.83856608037297,49.16143391962702,0.107,count,2421.15
ETH,70979,2026-02-01 10:38:54,LONG,MODERATE,205,91,114,44.390243902439025,55.60975609756098,13413665.39605,9596901.07703,58.29350360297566,41.70649639702433,0.112,count,2393.45
ETH,71103,2026-02-01 11:41:34,LONG,MODERATE,207,94,113,45.410628019323674,54.589371980676326,14666990.72231,9836175.17203,59.85753345325037,40.14246654674963,0.092,count,2409.95
ETH,71221,2026-02-01 12:44:24,LONG,MODERATE,208,91,117,43.75,56.25,14759905.16991,9853083.51923,59.96795170357561,40.032048296424406,0.125,count,2398.95
ETH,71342,2026-02-01 13:47:10,LONG,MODERATE,209,92,117,44.01913875598086,55.980861244019145,14732863.46169,10073604.049010001,59.39121906549224,40.60878093450775,0.12,count,2393.45
ETH,71461,2026-02-01 14:49:57,LONG,MODERATE,198,82,116,41.41414141414141,58.58585858585859,14332480.31324,9806638.23625,59.37449739043106,40.62550260956895,0.172,count,2357.05
ETH,71584,2026-02-01 15:52:44,LONG,MODERATE,200,82,118,41.0,59.0,13685794.762050001,10253872.97339,57.16785593389716,42.83214406610284,0.18,count,2319.55
ETH,71705,2026-02-01 16:55:27,LONG,MODERATE,203,79,124,38.91625615763547,61.083743842364534,13597673.46424,10299624.78895,56.90046347571895,43.09953652428105,0.222,count,2308.75
ETH,71830,2026-02-01 17:58:12,LONG,MODERATE,200,82,118,41.0,59.0,13856563.910769999,9857266.71525,58.432414945082236,41.567585054917764,0.18,count,2306.85
ETH,71894,2026-02-01 18:29:34,LONG,MODERATE,201,90,111,44.776119402985074,55.223880597014926,14274108.61109,9876600.64832,59.10430396791882,40.89569603208119,0.104,count,2358.65
ETH,72017,2026-02-01 19:32:16,LONG,MODERATE,199,87,112,43.71859296482412,56.28140703517588,14395308.05407,9881890.04424,59.29559084939087,40.70440915060912,0.126,count,2338.85
ETH,72137,2026-02-01 20:35:03,LONG,MODERATE,198,85,113,42.92929292929293,57.07070707070707,14253708.27469,9853228.03816,59.127000170038954,40.87299982996105,0.141,count,2315.35
ETH,72260,2026-02-01 21:37:48,LONG,MODERATE,197,84,113,42.63959390862944,57.360406091370564,14427160.22742,10152388.22205,58.695790352206764,41.304209647793236,0.147,count,2313.95
ETH,72382,2026-02-01 22:40:33,LONG,MODERATE,202,85,117,42.07920792079208,57.920792079207914,14340926.5328,10104654.20859,58.6646997038556,41.3353002961444,0.158,count,2320.65
ETH,72500,2026-02-01 23:43:21,LONG,MODERATE,199,86,113,43.21608040201005,56.78391959798995,10631739.9389,9450413.99826,52.94123315740069,47.058766842599304,0.136,count,2290.45
ETH,72620,2026-02-02 00:46:02,LONG,MODERATE,201,84,117,41.7910447761194,58.2089552238806,10598629.79829,9787369.6691,51.989748235026966,48.01025176497303,0.164,count,2305.85
ETH,72740,2026-02-02 01:48:46,LONG,MODERATE,200,86,114,43.0,56.99999999999999,10426209.16935,9733462.17719,51.7181505101245,48.2818494898755,0.14,count,2289.35
ETH,72859,2026-02-02 02:51:25,LONG,MODERATE,195,83,112,42.56410256410256,57.43589743589743,10238684.99926,9579018.53713,51.6643362862874,48.3356637137126,0.149,count,2266.95
ETH,72979,2026-02-02 03:54:09,LONG,MODERATE,193,77,116,39.89637305699482,60.10362694300518,9034858.15954,11015966.25433,45.05978394230119,54.94021605769882,0.202,count,2227.45
ETH,73099,2026-02-02 04:56:56,LONG,MODERATE,195,81,114,41.53846153846154,58.46153846153847,9277463.00874,11557155.76774,44.52907494142988,55.47092505857012,0.169,count,2240.25
ETH,73220,2026-02-02 05:59:41,LONG,MODERATE,194,81,113,41.75257731958763,58.24742268041238,8988251.42857,11384881.80903,44.118159557223,55.88184044277701,0.165,count,2199.05
ETH,73280,2026-02-02 06:31:04,LONG,MODERATE,190,80,110,42.10526315789473,57.89473684210527,8838422.30351,11370717.04389,43.7347783672297,56.26522163277029,0.158,count,2197.85
ETH,73401,2026-02-02 07:33:49,LONG,MODERATE,194,84,110,43.29896907216495,56.70103092783505,8926084.50049,11459902.05643,43.78539383201963,56.21460616798038,0.134,count,2228.05
ETH,73520,2026-02-02 08:36:40,LONG,MODERATE,195,86,109,44.1025641025641,55.8974358974359,9064627.23161,11153692.84385,44.83373098149829,55.1662690185017,0.118,count,2244.65
ETH,73638,2026-02-02 09:39:29,LONG,MODERATE,192,89,103,46.35416666666667,53.645833333333336,9398548.05732,11211768.2455,45.601183015488445,54.398816984511555,0.073,count,2288.55
ETH,73756,2026-02-02 10:42:13,LONG,MODERATE,194,91,103,46.90721649484536,53.09278350515464,9184694.72962,10938365.11539,45.64263486945583,54.35736513054417,0.062,count,2274.95
ETH,73876,2026-02-02 11:45:06,LONG,MODERATE,201,97,104,48.258706467661696,51.741293532338304,9263354.94145,11021289.15112,45.666834967260016,54.333165032739984,0.035,count,2287.55
ETH,73995,2026-02-02 12:47:54,LONG,MODERATE,199,97,102,48.743718592964825,51.256281407035175,9551625.424589999,11026403.58972,46.4166194825937,53.5833805174063,0.025,count,2301.25
ETH,74112,2026-02-02 13:50:38,LONG,MODERATE,195,96,99,49.23076923076923,50.76923076923077,10296617.69768,11443342.74564,47.36263308539655,52.637366914603454,0.015,count,2320.25
ETH,74229,2026-02-02 14:53:24,SHORT,MODERATE,210,110,100,52.38095238095239,47.61904761904761,11272949.86951,11945484.12003,48.55172349086295,51.448276509137045,0.048,count,2343.35
ETH,74344,2026-02-02 15:56:13,SHORT,MODERATE,205,113,92,55.1219512195122,44.87804878048781,10918193.88314,12061043.12904,47.51330027778067,52.48669972221932,0.102,count,2365.25
ETH,74463,2026-02-02 16:59:00,SHORT,MODERATE,205,107,98,52.19512195121951,47.80487804878049,11103016.5909,11716795.40239,48.65516242712587,51.34483757287413,0.044,count,2357.65
ETH,74522,2026-02-02 17:30:27,SHORT,MODERATE,204,108,96,52.94117647058824,47.05882352941176,11007990.86438,11829892.17319,48.20057466040545,51.79942533959455,0.059,count,2364.85
ETH,74643,2026-02-02 18:33:13,SHORT,MODERATE,202,103,99,50.99009900990099,49.00990099009901,10705096.58949,11229770.80431,48.804017810091025,51.19598218990898,0.02,count,2350.15
ETH,74762,2026-02-02 19:35:54,SHORT,MODERATE,198,100,98,50.505050505050505,49.494949494949495,11025920.65045,10988494.8276,50.085002990170956,49.914997009829044,0.01,count,2333.05
ETH,74879,2026-02-02 20:38:34,LONG,MODERATE,194,96,98,49.48453608247423,50.51546391752577,10688229.14154,10915105.6939,49.474903865333296,50.52509613466669,0.01,count,2314.65
ETH,74998,2026-02-02 21:41:15,SHORT,MODERATE,194,100,94,51.546391752577314,48.45360824742268,9831483.70011,11340691.86598,46.4358689517784,53.5641310482216,0.031,count,2338.95
ETH,75115,2026-02-02 22:44:00,SHORT,MODERATE,196,101,95,51.53061224489795,48.46938775510204,9687286.9346,11526413.75054,45.66523813257087,54.33476186742913,0.031,count,2350.35
ETH,75233,2026-02-02 23:46:44,SHORT,MODERATE,197,101,96,51.26903553299492,48.73096446700508,9653210.04779,11625325.99787,45.36595011553383,54.63404988446617,0.025,count,2347.75
ETH,75352,2026-02-03 00:49:30,SHORT,MODERATE,194,98,96,50.51546391752577,49.48453608247423,9525038.85421,11186355.47292,45.9893655818869,54.0106344181131,0.01,count,2345.75
ETH,75468,2026-02-03 01:52:15,SHORT,MODERATE,191,96,95,50.26178010471204,49.73821989528796,9270355.13037,11461393.35818,44.7157418270338,55.2842581729662,0.005,count,2353.25
ETH,75587,2026-02-03 02:55:00,LONG,MODERATE,187,93,94,49.73262032085562,50.26737967914438,9150082.56757,11339108.1078,44.658096615642755,55.34190338435725,0.005,count,2303.45
ETH,75703,2026-02-03 03:57:44,LONG,MODERATE,192,94,98,48.95833333333333,51.041666666666664,9158664.6169,11501387.54126,44.330307333143146,55.66969266685686,0.021,count,2341.55
ETH,75762,2026-02-03 04:29:09,SHORT,MODERATE,195,99,96,50.76923076923077,49.23076923076923,9188946.45087,11284608.10356,44.88202782003834,55.11797217996166,0.015,count,2332.15
ETH,75878,2026-02-03 05:31:48,SHORT,MODERATE,190,95,95,50.0,50.0,9030381.00011,11741430.62777,43.474209962454076,56.52579003754593,0.0,count,2328.75
ETH,75994,2026-02-03 06:34:32,SHORT,MODERATE,189,97,92,51.32275132275132,48.67724867724868,9035048.82363,11659522.25354,43.65902917213566,56.34097082786433,0.026,count,2321.75
ETH,76112,2026-02-03 07:37:18,SHORT,MODERATE,190,97,93,51.05263157894737,48.94736842105264,9163758.83492,11649566.24907,44.02832703539972,55.97167296460028,0.021,count,2325.05
ETH,76228,2026-02-03 08:40:10,SHORT,MODERATE,191,99,92,51.832460732984295,48.167539267015705,8808066.90443,11776307.54349,42.790063534430274,57.20993646556971,0.037,count,2324.65
ETH,76347,2026-02-03 09:42:54,SHORT,MODERATE,195,98,97,50.256410256410255,49.743589743589745,10505977.93436,11594029.69073,47.5383452919384,52.4616547080616,0.005,count,2292.55
ETH,76464,2026-02-03 10:45:49,LONG,MODERATE,199,96,103,48.24120603015075,51.75879396984925,8339026.49245,11709594.37823,41.59401559957356,58.40598440042643,0.035,count,2278.55
ETH,76581,2026-02-03 11:48:39,LONG,MODERATE,197,93,104,47.20812182741117,52.79187817258884,8341928.64257,11563627.34655,41.907539016390906,58.09246098360911,0.056,count,2282.85
ETH,76696,2026-02-03 12:51:31,LONG,MODERATE,205,99,106,48.292682926829265,51.707317073170735,8435083.20991,11881897.20506,41.51740582323368,58.48259417676632,0.034,count,2297.65
ETH,76813,2026-02-03 13:54:17,LONG,MODERATE,209,103,106,49.282296650717704,50.717703349282296,8486398.38879,12129007.35709,41.165323124848086,58.834676875151914,0.014,count,2307.9
ETH,76929,2026-02-03 14:57:15,LONG,MODERATE,199,96,103,48.24120603015075,51.75879396984925,8080694.56109,11395402.88218,41.49031696225313,58.50968303774688,0.035,count,2258.95
ETH,76992,2026-02-03 15:28:49,LONG,MODERATE,200,97,103,48.5,51.5,8343958.13895,11621102.23277,41.792801942983374,58.20719805701662,0.03,count,2294.55
ETH,77109,2026-02-03 16:31:41,LONG,MODERATE,205,98,107,47.80487804878049,52.19512195121951,8422970.58378,12557736.26871,40.14626696326181,59.85373303673819,0.044,count,2250.85
ETH,77226,2026-02-03 17:34:37,LONG,MODERATE,205,93,112,45.36585365853659,54.63414634146342,8209446.60616,11900534.91558,40.82274564641014,59.17725435358986,0.093,count,2231.35
ETH,77342,2026-02-03 18:37:16,LONG,MODERATE,196,83,113,42.3469387755102,57.6530612244898,7690680.94334,12924826.4898,37.305319639995936,62.69468036000405,0.153,count,2134.65
ETH,77464,2026-02-03 19:39:58,LONG,MODERATE,198,94,104,47.474747474747474,52.52525252525253,8031958.30072,12576293.4659,38.97447678570038,61.025523214299625,0.051,count,2201.15
ETH,77585,2026-02-03 20:42:42,LONG,MODERATE,201,99,102,49.25373134328358,50.74626865671642,8421571.97439,13333557.31706,38.71074201199883,61.289257988001154,0.015,count,2301.05
ETH,77695,2026-02-03 21:45:22,LONG,MODERATE,204,96,108,47.05882352941176,52.94117647058824,8359783.24709,12950458.50745,39.22894607851647,60.77105392148352,0.059,count,2294.65
ETH,77812,2026-02-03 22:48:06,LONG,MODERATE,200,92,108,46.0,54.0,7889316.75858,12732288.35566,38.257529978265985,61.74247002173401,0.08,count,2244.35
ETH,77930,2026-02-03 23:50:56,LONG,MODERATE,201,92,109,45.77114427860697,54.22885572139303,7781451.09649,12367901.838680001,38.61886345197589,61.381136548024095,0.085,count,2225.45
ETH,78048,2026-02-04 00:53:42,LONG,MODERATE,200,96,104,48.0,52.0,7852900.73279,12032494.003899999,39.490796319475756,60.50920368052424,0.04,count,2247.15
ETH,78166,2026-02-04 01:56:26,LONG,MODERATE,197,92,105,46.7005076142132,53.299492385786806,8072711.6861,12113662.86168,39.990894189505646,60.00910581049435,0.066,count,2265.25
ETH,78283,2026-02-04 02:59:10,LONG,MODERATE,198,91,107,45.95959595959596,54.04040404040404,8060990.33173,12245832.57179,39.69597001967601,60.30402998032399,0.081,count,2250.15
ETH,78342,2026-02-04 03:30:29,LONG,MODERATE,201,91,110,45.27363184079602,54.72636815920397,8991460.02385,12345857.42164,42.13959907012817,57.86040092987182,0.095,count,2266.65
ETH,78462,2026-02-04 04:33:15,LONG,MODERATE,200,94,106,47.0,53.0,8292306.66465,12123212.30501,40.61766285233013,59.38233714766987,0.06,count,2277.65
ETH,78580,2026-02-04 05:36:02,LONG,MODERATE,204,96,108,47.05882352941176,52.94117647058824,8147065.47864,12291758.39694,39.860735276328654,60.139264723671346,0.059,count,2269.85
ETH,78698,2026-02-04 06:38:39,LONG,MODERATE,206,98,108,47.57281553398058,52.42718446601942,8230400.51827,12368564.97143,39.95540709258145,60.04459290741855,0.049,count,2280.45
ETH,78816,2026-02-04 07:41:25,LONG,MODERATE,201,96,105,47.76119402985074,52.23880597014925,8388397.08983,12354020.85229,40.44078715045241,59.55921284954759,0.045,count,2288.25
ETH,78934,2026-02-04 08:44:23,LONG,MODERATE,203,97,106,47.783251231527096,52.21674876847291,8575750.11232,12309438.2032,41.06139711437159,58.93860288562842,0.044,count,2277.45
ETH,79053,2026-02-04 09:47:19,LONG,MODERATE,208,100,108,48.07692307692308,51.92307692307693,8569168.93855,12205959.42889,41.24724905180419,58.752750948195796,0.038,count,2258.05
ETH,79172,2026-02-04 10:50:08,LONG,MODERATE,211,101,110,47.867298578199055,52.13270142180095,8656632.46932,12219426.66732,41.466794152381794,58.53320584761822,0.043,count,2260.2
ETH,79288,2026-02-04 11:53:03,LONG,MODERATE,206,96,110,46.601941747572816,53.398058252427184,8131042.09286,12142116.62387,40.10742581593873,59.892574184061274,0.068,count,2251.75
ETH,79408,2026-02-04 12:55:50,LONG,MODERATE,208,95,113,45.67307692307692,54.32692307692307,8288945.36573,12203934.86024,40.44792764281945,59.55207235718055,0.087,count,2242.05
ETH,79526,2026-02-04 13:58:37,LONG,MODERATE,209,90,119,43.0622009569378,56.9377990430622,7417443.081,12528718.06362,37.187321546335134,62.81267845366486,0.139,count,2198.05
ETH,79586,2026-02-04 14:30:04,LONG,MODERATE,214,92,122,42.99065420560748,57.009345794392516,8389905.51297,12539807.76927,40.086098647559076,59.913901352440924,0.14,count,2201.95
ETH,79706,2026-02-04 15:33:03,LONG,MODERATE,209,90,119,43.0622009569378,56.9377990430622,8532280.18332,12058402.55531,41.43757781917869,58.56242218082131,0.139,count,2172.75
ETH,79824,2026-02-04 16:35:49,LONG,MODERATE,204,86,118,42.15686274509804,57.84313725490197,7079259.88385,11910982.34626,37.2784075003818,62.72159249961818,0.157,count,2117.15
ETH,79946,2026-02-04 17:38:33,LONG,MODERATE,208,83,125,39.90384615384615,60.09615384615385,7048793.59686,13387502.60728,34.49154155160489,65.50845844839512,0.202,count,2106.35
ETH,80069,2026-02-04 18:41:20,LONG,MODERATE,200,82,118,41.0,59.0,7720296.2181,12372392.66463,38.423409943582634,61.576590056417366,0.18,count,2166.85
ETH,80191,2026-02-04 19:44:06,LONG,MODERATE,202,84,118,41.584158415841586,58.415841584158414,8045869.31687,12437359.84354,39.28027780122219,60.7197221987778,0.168,count,2153.65
ETH,80315,2026-02-04 20:46:52,LONG,MODERATE,205,88,117,42.926829268292686,57.073170731707314,8412970.35357,12267383.54418,40.68097864846173,59.31902135153828,0.141,count,2172.65
ETH,80433,2026-02-04 21:49:37,LONG,MODERATE,189,73,116,38.62433862433862,61.37566137566137,8232083.45276,12137530.56401,40.413546599276,59.586453400724004,0.228,count,2111.35
ETH,80559,2026-02-04 22:52:20,LONG,MODERATE,189,80,109,42.32804232804233,57.67195767195767,8738030.30898,11991474.03785,42.15262537290834,57.84737462709166,0.153,count,2134.15
ETH,80678,2026-02-04 23:55:06,LONG,MODERATE,190,82,108,43.15789473684211,56.84210526315789,9895011.39117,9573640.98719,50.825353490663815,49.17464650933617,0.137,count,2156.1
ETH,80801,2026-02-05 00:57:55,LONG,MODERATE,196,85,111,43.36734693877551,56.63265306122449,9638825.50949,9122816.0145,51.375171501731856,48.62482849826815,0.133,count,2149.55
ETH,80864,2026-02-05 01:29:16,LONG,MODERATE,193,86,107,44.559585492227974,55.44041450777202,9712139.416199999,5816520.34361,62.54332032785057,37.45667967214943,0.109,count,2162.85
ETH,80985,2026-02-05 02:32:03,LONG,MODERATE,197,84,113,42.63959390862944,57.360406091370564,9618873.9167,5821058.392870001,62.29867931958495,37.70132068041506,0.147,count,2143.0
ETH,81108,2026-02-05 03:34:51,LONG,MODERATE,192,81,111,42.1875,57.8125,9552594.52851,7129417.49154,57.262844056393206,42.7371559436068,0.156,count,2116.25
ETH,81231,2026-02-05 04:37:35,LONG,MODERATE,195,81,114,41.53846153846154,58.46153846153847,8214419.8365400005,7297779.85478,52.954577687240956,47.04542231275905,0.169,count,2102.95
ETH,81356,2026-02-05 05:40:26,LONG,MODERATE,199,80,119,40.20100502512563,59.798994974874375,8066757.08958,7632627.4451,51.382632687036256,48.617367312963744,0.196,count,2105.25
ETH,81478,2026-02-05 06:43:15,LONG,MODERATE,200,83,117,41.5,58.5,7742626.63117,8094744.73579,48.88833160358104,51.11166839641896,0.17,count,2091.15
ETH,81597,2026-02-05 07:46:02,LONG,MODERATE,207,85,122,41.06280193236715,58.93719806763285,8228575.23485,7704244.79863,51.64544140685143,48.354558593148575,0.179,count,2102.65
ETH,81717,2026-02-05 08:48:52,LONG,MODERATE,209,87,122,41.62679425837321,58.3732057416268,8239011.26351,7536362.32404,52.227043738680564,47.772956261319436,0.167,count,2113.95
ETH,81843,2026-02-05 09:51:40,LONG,MODERATE,207,90,117,43.47826086956522,56.52173913043478,8536701.58798,6002964.58285,58.71318837503049,41.28681162496951,0.13,count,2133.45
ETH,81961,2026-02-05 10:54:25,LONG,MODERATE,205,85,120,41.46341463414634,58.536585365853654,8527328.60061,6130394.05475,58.176353865528675,41.823646134471325,0.171,count,2098.55
ETH,82083,2026-02-05 11:57:19,LONG,MODERATE,197,82,115,41.62436548223351,58.37563451776649,8106635.02222,6245957.78041,56.48202477209917,43.51797522790083,0.168,count,2076.75
ETH,82145,2026-02-05 12:28:46,LONG,MODERATE,187,77,110,41.17647058823529,58.82352941176471,8160452.98568,6087233.60652,57.27563512063425,42.72436487936575,0.176,count,2076.15
ETH,82264,2026-02-05 13:31:30,LONG,MODERATE,191,75,116,39.26701570680628,60.73298429319372,8198944.91314,5769703.45023,58.69533472286482,41.30466527713518,0.215,count,2056.95
ETH,82389,2026-02-05 14:34:20,LONG,MODERATE,194,80,114,41.23711340206185,58.76288659793815,8216197.04755,6110282.89749,57.349726374304154,42.65027362569585,0.175,count,2080.05
ETH,82509,2026-02-05 15:37:21,LONG,MODERATE,178,72,106,40.44943820224719,59.55056179775281,9905212.64926,5418998.93997,64.63766564161433,35.36233435838568,0.191,count,1944.75
ETH,82635,2026-02-05 16:40:13,LONG,MODERATE,188,84,104,44.680851063829785,55.319148936170215,9732944.00387,5638000.95446,63.32040112208853,36.67959887791147,0.106,count,1984.75
ETH,82751,2026-02-05 17:43:07,LONG,MODERATE,185,80,105,43.24324324324324,56.75675675675676,9449506.21374,5774529.58507,62.06965313677618,37.93034686322381,0.135,count,1966.15
ETH,82870,2026-02-05 18:45:52,LONG,MODERATE,178,73,105,41.01123595505618,58.98876404494382,9009386.88943,5696350.93864,61.26443293605489,38.73556706394511,0.18,count,1924.35
ETH,82991,2026-02-05 19:48:48,LONG,MODERATE,184,78,106,42.391304347826086,57.608695652173914,9305252.3539,5571792.27624,62.54772090316996,37.45227909683004,0.152,count,1927.5
ETH,83108,2026-02-05 20:51:44,LONG,MODERATE,175,70,105,40.0,60.0,7585097.88164,4947791.41951,60.52154215504003,39.47845784495996,0.2,count,1850.15
ETH,83230,2026-02-05 21:54:29,LONG,MODERATE,180,74,106,41.11111111111111,58.88888888888889,7382095.3344,5432632.43089,57.60633756415147,42.39366243584855,0.178,count,1845.65
ETH,83351,2026-02-05 22:57:15,LONG,MODERATE,180,76,104,42.22222222222222,57.77777777777777,7652617.14115,5677383.2941499995,57.40897892909763,42.591021070902364,0.156,count,1879.25
ETH,83472,2026-02-05 23:59:57,LONG,MODERATE,173,75,98,43.35260115606936,56.64739884393064,8149062.99266,5240972.794629999,60.85915767600263,39.140842323997376,0.133,count,1825.05
ETH,83531,2026-02-06 00:31:29,LONG,MODERATE,168,69,99,41.07142857142857,58.92857142857143,7489032.3851499995,5301055.38646,58.553408849729024,41.446591150270976,0.179,count,1803.25
ETH,83655,2026-02-06 01:34:17,LONG,MODERATE,175,81,94,46.285714285714285,53.714285714285715,10138191.31537,6230180.12743,61.93769093521833,38.06230906478168,0.074,count,1906.5
ETH,83773,2026-02-06 02:37:01,LONG,MODERATE,165,74,91,44.84848484848485,55.15151515151515,9768500.6147,5363758.23563,64.55414694738037,35.445853052619626,0.103,count,1918.95
ETH,83891,2026-02-06 03:39:41,LONG,MODERATE,165,71,94,43.03030303030303,56.96969696969697,9374584.65522,5263653.958,64.04175326636418,35.95824673363583,0.139,count,1894.25
ETH,84013,2026-02-06 04:42:24,LONG,MODERATE,168,73,95,43.452380952380956,56.547619047619044,9624728.69677,5222647.52773,64.82444137764901,35.17555862235099,0.131,count,1901.25
ETH,84131,2026-02-06 05:45:08,LONG,MODERATE,170,74,96,43.529411764705884,56.470588235294116,10078346.08437,5341462.93846,65.35973350544337,34.64026649455663,0.129,count,1937.15
ETH,84251,2026-02-06 06:47:56,LONG,MODERATE,173,79,94,45.664739884393065,54.33526011560693,10063277.74021,5317738.4196500005,65.42661184163009,34.573388158369916,0.087,count,1918.55
ETH,84370,2026-02-06 07:50:44,LONG,MODERATE,173,78,95,45.08670520231214,54.91329479768786,9901521.9331,5285977.15517,65.1952100576414,34.804789942358596,0.098,count,1891.75
ETH,84490,2026-02-06 08:53:26,LONG,MODERATE,178,83,95,46.62921348314607,53.37078651685393,9790175.63857,5087920.63056,65.80260983310926,34.19739016689074,0.067,count,1876.75
ETH,84613,2026-02-06 09:56:10,LONG,MODERATE,182,85,97,46.7032967032967,53.2967032967033,10099180.44752,6335119.42856,61.451844761694296,38.5481552383057,0.066,count,1922.15
ETH,84733,2026-02-06 10:58:57,LONG,MODERATE,178,83,95,46.62921348314607,53.37078651685393,10281825.1434,6599745.01747,60.90562101404744,39.09437898595257,0.067,count,1925.55
ETH,84793,2026-02-06 11:30:16,LONG,MODERATE,178,83,95,46.62921348314607,53.37078651685393,10229048.20093,6578615.00991,60.859431038175714,39.140568961824286,0.067,count,1926.35
ETH,84916,2026-02-06 12:33:02,LONG,MODERATE,180,85,95,47.22222222222222,52.77777777777778,10573461.41366,6438371.26897,62.153570464257356,37.846429535742644,0.056,count,1917.1
ETH,85039,2026-02-06 13:35:45,LONG,MODERATE,178,85,93,47.752808988764045,52.24719101123596,10584760.92685,6825175.36563,60.79724100668854,39.20275899331146,0.045,count,1947.7
ETH,85161,2026-02-06 14:38:39,LONG,MODERATE,180,89,91,49.44444444444444,50.55555555555556,10905574.45419,6998189.11485,60.91218984285748,39.08781015714252,0.011,count,1986.65
ETH,85279,2026-02-06 15:42:05,LONG,MODERATE,182,88,94,48.35164835164835,51.64835164835166,10885987.318,6887189.2651700005,61.249531095686606,38.75046890431339,0.033,count,1980.65
ETH,85402,2026-02-06 16:44:59,SHORT,MODERATE,176,89,87,50.56818181818182,49.43181818181818,11188868.13978,6620929.7184,62.82422871319102,37.17577128680897,0.011,count,2033.15
ETH,85523,2026-02-06 17:48:18,LONG,MODERATE,169,82,87,48.5207100591716,51.4792899408284,11242577.687619999,6990562.12047,61.66012988411186,38.33987011588813,0.03,count,2078.55
ETH,85641,2026-02-06 18:51:46,LONG,MODERATE,173,80,93,46.24277456647399,53.75722543352601,9757430.50494,6979539.92346,58.29866609779736,41.70133390220265,0.075,count,2047.55
ETH,85759,2026-02-06 19:54:39,LONG,MODERATE,177,77,100,43.50282485875706,56.49717514124294,9391337.8466,7241606.53388,56.462269287820355,43.53773071217965,0.13,count,2066.35
ETH,85880,2026-02-06 20:57:24,LONG,MODERATE,177,81,96,45.76271186440678,54.23728813559322,9343599.93936,6869658.02638,57.629379357954,42.370620642046006,0.085,count,2055.35
ETH,85941,2026-02-06 21:28:47,LONG,MODERATE,180,82,98,45.55555555555556,54.44444444444444,9561048.68612,6998468.1568,57.7374858023579,42.262514197642105,0.089,count,2057.95
ETH,86059,2026-02-06 22:31:28,LONG,MODERATE,178,80,98,44.9438202247191,55.0561797752809,9441527.64791,7583248.50249,55.45757291903172,44.54242708096828,0.101,count,2064.45
ETH,86183,2026-02-06 23:34:12,LONG,MODERATE,176,78,98,44.31818181818182,55.68181818181818,9595201.30008,7386883.76876,56.50190339516078,43.49809660483922,0.114,count,2073.05
ETH,86302,2026-02-07 00:37:00,LONG,MODERATE,183,77,106,42.07650273224044,57.92349726775956,9257742.90136,7764103.76408,54.38741802413419,45.6125819758658,0.158,count,2039.75
ETH,86424,2026-02-07 01:39:41,LONG,MODERATE,181,77,104,42.5414364640884,57.4585635359116,9222550.22742,7784360.1634,54.22825201923892,45.77174798076108,0.149,count,2052.95
ETH,86545,2026-02-07 02:42:26,LONG,MODERATE,181,74,107,40.88397790055249,59.11602209944752,9292576.07482,7672234.85017,54.77559470545928,45.224405294540716,0.182,count,2055.45
ETH,86667,2026-02-07 03:45:12,LONG,MODERATE,180,76,104,42.22222222222222,57.77777777777777,9148793.44437,7773416.40316,54.06382220053474,45.93617779946526,0.156,count,2077.05
ETH,86790,2026-02-07 04:47:59,LONG,MODERATE,179,75,104,41.899441340782126,58.10055865921788,9327371.861539999,8323566.00473,52.84349155952845,47.15650844047155,0.162,count,2079.95
ETH,86912,2026-02-07 05:50:41,LONG,MODERATE,175,75,100,42.857142857142854,57.14285714285714,9293391.56738,8007559.29439,53.71607399865896,46.28392600134103,0.143,count,2085.65
ETH,87033,2026-02-07 06:53:23,LONG,MODERATE,172,71,101,41.27906976744186,58.720930232558146,9098178.04174,8311314.38176,52.259869618363666,47.740130381636334,0.174,count,2067.75
ETH,87154,2026-02-07 07:56:59,LONG,MODERATE,169,69,100,40.828402366863905,59.171597633136095,8991479.39805,6657537.5382,57.45715168357817,42.542848316421825,0.183,count,2026.15
ETH,87211,2026-02-07 08:28:34,LONG,MODERATE,169,67,102,39.64497041420118,60.35502958579882,8805012.21137,6614834.97896,57.101812376530845,42.898187623469155,0.207,count,2023.45
ETH,87331,2026-02-07 09:31:27,LONG,MODERATE,171,68,103,39.76608187134503,60.23391812865497,8785940.555,6401946.11245,57.84834155912972,42.151658440870285,0.205,count,2021.95
ETH,87452,2026-02-07 10:34:14,LONG,MODERATE,171,68,103,39.76608187134503,60.23391812865497,8832325.92193,6292621.26502,58.39574719011678,41.60425280988323,0.205,count,2005.05
ETH,87573,2026-02-07 11:37:07,LONG,MODERATE,176,69,107,39.20454545454545,60.79545454545454,8776954.54585,6491852.00512,57.48291142828328,42.51708857171672,0.216,count,2010.05
ETH,87696,2026-02-07 12:40:00,LONG,MODERATE,175,70,105,40.0,60.0,9040532.59974,6800887.51948,57.068952983396656,42.931047016603344,0.2,count,2046.75
ETH,87817,2026-02-07 13:42:51,LONG,MODERATE,177,67,110,37.85310734463277,62.14689265536724,8945997.32587,7082989.2143,55.811372125433955,44.18862787456605,0.243,count,2035.15
ETH,87938,2026-02-07 14:45:41,LONG,MODERATE,171,65,106,38.01169590643275,61.98830409356725,8852287.53611,7051078.37871,55.662980928211844,44.337019071788156,0.24,count,2029.25
ETH,88060,2026-02-07 15:48:37,LONG,MODERATE,169,64,105,37.8698224852071,62.1301775147929,9076646.83766,6826771.81057,57.0735578206652,42.926442179334806,0.243,count,2047.05
ETH,88122,2026-02-07 16:20:07,LONG,MODERATE,167,64,103,38.32335329341318,61.67664670658682,8638322.85582,7001414.52751,55.23317076300379,44.76682923699621,0.234,count,2046.9
ETH,88184,2026-02-09 07:42:28,LONG,MODERATE,177,69,108,38.983050847457626,61.016949152542374,9298578.26708,6854610.77495,57.564969015625614,42.4350309843744,0.22,count,2067.75
ETH,88304,2026-02-09 08:50:37,LONG,MODERATE,176,68,108,38.63636363636363,61.36363636363637,9627592.43341,6642937.50422,59.171965942815355,40.828034057184645,0.227,count,2050.35
ETH,88422,2026-02-09 09:56:48,LONG,MODERATE,181,71,110,39.226519337016576,60.773480662983424,9551603.51732,6626331.35002,59.04093195852067,40.959068041479334,0.215,count,2037.55
ETH,88484,2026-02-09 10:30:39,LONG,MODERATE,186,74,112,39.784946236559136,60.215053763440864,9414574.55744,6644790.86025,58.623577660605996,41.376422339394004,0.204,count,2026.25
ETH,88604,2026-02-09 11:36:55,LONG,MODERATE,183,73,110,39.89071038251366,60.10928961748634,9413430.62009,7390309.5166,56.01985357733733,43.980146422662685,0.202,count,2024.35
ETH,88727,2026-02-09 12:45:27,LONG,MODERATE,189,77,112,40.74074074074074,59.25925925925925,9914005.55501,7449326.41507,57.09736801723041,42.9026319827696,0.185,count,2035.35
ETH,88846,2026-02-09 13:53:37,LONG,MODERATE,187,75,112,40.106951871657756,59.893048128342244,9355495.07274,7221500.90306,56.43661304133547,43.56338695866452,0.198,count,2030.55
ETH,88905,2026-02-09 14:26:59,LONG,MODERATE,185,72,113,38.91891891891892,61.08108108108108,7345454.91326,7358474.2723199995,49.955728299233215,50.044271700766785,0.222,count,2024.35
ETH,89026,2026-02-09 15:34:13,LONG,MODERATE,190,78,112,41.05263157894737,58.94736842105262,7005319.63733,7207025.99404,49.290383297937865,50.709616702062135,0.179,count,2037.65
ETH,89146,2026-02-09 16:40:37,LONG,MODERATE,195,81,114,41.53846153846154,58.46153846153847,8486602.56807,7035827.57783,54.67315676928074,45.32684323071926,0.169,count,2055.15
ETH,89210,2026-02-09 17:13:32,LONG,MODERATE,188,82,106,43.61702127659575,56.38297872340425,8456760.10655,7069216.34885,54.468458913633754,45.53154108636623,0.128,count,2085.95
ETH,89263,2026-02-10 07:44:55,LONG,MODERATE,197,78,119,39.59390862944163,60.40609137055838,11319031.29354,7666252.719860001,59.62002615052224,40.37997384947774,0.208,count,2011.35
ETH,89385,2026-02-10 08:48:00,LONG,MODERATE,203,82,121,40.39408866995074,59.60591133004927,11293673.67369,7611346.8659,59.7390182678687,40.2609817321313,0.192,count,2011.05
ETH,89508,2026-02-10 09:54:19,LONG,MODERATE,197,84,113,42.63959390862944,57.360406091370564,11343864.32374,7454690.66572,60.344342052356126,39.65565794764389,0.147,count,2013.25
ETH,89569,2026-02-10 10:29:43,LONG,MODERATE,197,84,113,42.63959390862944,57.360406091370564,11366027.67669,7478305.44029,60.31536168530395,39.684638314696045,0.147,count,2017.45
ETH,89694,2026-02-10 11:35:37,LONG,MODERATE,206,87,119,42.23300970873786,57.76699029126213,11401241.76431,7449453.636779999,60.481809937105815,39.518190062894185,0.155,count,2019.45
ETH,89817,2026-02-10 12:42:01,LONG,MODERATE,210,88,122,41.904761904761905,58.0952380952381,11430445.779509999,7414314.6787,60.655829533403036,39.34417046659696,0.162,count,2006.25
ETH,89943,2026-02-10 13:47:55,LONG,MODERATE,212,90,122,42.45283018867924,57.54716981132076,11526337.78107,8774904.05417,56.776515814229434,43.223484185770566,0.151,count,2024.55
ETH,90068,2026-02-10 14:54:10,LONG,MODERATE,215,89,126,41.3953488372093,58.6046511627907,10958970.88507,10520463.40398,51.02076124349687,48.979238756503136,0.172,count,2006.05
ETH,90134,2026-02-10 15:27:12,LONG,MODERATE,218,96,122,44.03669724770643,55.96330275229357,11383910.88066,11974916.42795,48.73494174283279,51.26505825716722,0.119,count,2024.8
ETH,90260,2026-02-10 16:35:38,LONG,MODERATE,221,96,125,43.43891402714932,56.56108597285068,11369445.40078,12589599.619,47.45366683602649,52.5463331639735,0.131,count,2028.55
ETH,90387,2026-02-10 17:42:07,LONG,MODERATE,218,98,120,44.95412844036697,55.04587155963303,11452487.8009,12405949.20141,48.00183599533849,51.998164004661504,0.101,count,2044.65
ETH,90449,2026-02-11 07:30:22,LONG,MODERATE,213,88,125,41.31455399061033,58.68544600938967,10274854.51475,11353295.99952,47.506856899163765,52.493143100836235,0.174,count,1950.65
ETH,90576,2026-02-11 08:38:49,LONG,MODERATE,215,92,123,42.7906976744186,57.20930232558139,13105949.37835,11434859.10868,53.40471722957535,46.59528277042465,0.144,count,1948.15
ETH,90699,2026-02-11 09:45:04,LONG,MODERATE,220,95,125,43.18181818181818,56.81818181818182,13080510.13623,11465992.76673,53.28869121577663,46.71130878422338,0.136,count,1946.25
ETH,90822,2026-02-11 10:52:13,LONG,MODERATE,225,94,131,41.77777777777778,58.22222222222222,13041767.83989,11471544.53818,53.20279707102078,46.797202928979225,0.164,count,1933.55
ETH,90948,2026-02-11 11:59:16,LONG,MODERATE,223,98,125,43.946188340807176,56.05381165919282,13159316.42572,11396242.4834,53.58996907552609,46.41003092447391,0.121,count,1952.45
ETH,91013,2026-02-11 12:33:21,LONG,MODERATE,232,106,126,45.689655172413794,54.310344827586206,13265945.62077,11633094.873499999,53.278943113582564,46.721056886417436,0.086,count,1959.15
ETH,91131,2026-02-11 13:38:30,LONG,MODERATE,230,103,127,44.78260869565218,55.21739130434783,14042357.95604,11776710.09456,54.38754771674912,45.61245228325088,0.104,count,1956.95
ETH,91259,2026-02-11 14:43:42,LONG,MODERATE,231,108,123,46.75324675324675,53.246753246753244,13593542.48498,12009025.69149,53.09444892904581,46.90555107095419,0.065,count,1958.15
ETH,91382,2026-02-11 15:46:59,LONG,MODERATE,225,104,121,46.22222222222222,53.77777777777778,13475663.11173,11767701.24324,53.38299175274893,46.617008247251064,0.076,count,1931.85
ETH,91506,2026-02-11 16:51:17,LONG,MODERATE,221,97,124,43.89140271493213,56.10859728506787,13181228.97606,12047310.71098,52.247292707279634,47.75270729272036,0.122,count,1915.45
ETH,91569,2026-02-11 17:24:21,LONG,MODERATE,223,101,122,45.2914798206278,54.7085201793722,13330123.14501,12266911.81386,52.076825173029604,47.92317482697039,0.094,count,1930.75
ETH,91631,2026-02-12 08:45:36,LONG,MODERATE,227,105,122,46.25550660792951,53.74449339207048,8189341.13261,12776276.35047,39.060815352655794,60.93918464734421,0.075,count,1959.95
ETH,91762,2026-02-12 09:48:53,LONG,MODERATE,233,110,123,47.21030042918455,52.78969957081545,8328948.91136,12881382.47185,39.26835823957545,60.73164176042456,0.056,count,1974.75
ETH,91892,2026-02-12 10:52:14,LONG,MODERATE,231,112,119,48.484848484848484,51.515151515151516,8563317.49779,12803856.32782,40.076977740155264,59.92302225984475,0.03,count,1989.95
ETH,92023,2026-02-12 11:57:33,LONG,MODERATE,233,115,118,49.35622317596567,50.64377682403433,8595826.96049,12745270.55077,40.278279764921486,59.721720235078514,0.013,count,1988.35
ETH,92085,2026-02-12 12:32:09,LONG,MODERATE,237,116,121,48.9451476793249,51.0548523206751,8539628.5763,12668900.22893,40.26506814651914,59.734931853480866,0.021,count,1983.45
ETH,92210,2026-02-12 13:40:22,LONG,MODERATE,234,112,122,47.863247863247864,52.13675213675214,8583987.83636,13574862.78189,38.738416465022965,61.26158353497705,0.043,count,1987.15
ETH,92341,2026-02-12 14:49:32,LONG,MODERATE,241,115,126,47.71784232365145,52.282157676348554,8690344.68863,13589188.215809999,39.00595549244273,60.99404450755726,0.046,count,1979.75
ETH,92471,2026-02-12 15:58:09,LONG,MODERATE,239,118,121,49.37238493723849,50.627615062761514,8667843.36956,13476955.60247,39.14166653988562,60.85833346011439,0.013,count,1947.85
ETH,92525,2026-02-12 16:29:50,LONG,MODERATE,227,103,124,45.37444933920705,54.62555066079295,8359781.47123,13241494.23775,38.700406327181426,61.29959367281857,0.093,count,1906.35
ETH,92662,2026-02-12 17:37:05,LONG,MODERATE,232,115,117,49.56896551724138,50.43103448275862,8893238.24266,14739376.25108,37.631207689761595,62.368792310238405,0.009,count,1916.15
ETH,92722,2026-02-13 08:56:22,LONG,MODERATE,211,103,108,48.81516587677725,51.18483412322274,8891345.62337,16403286.267239999,35.151116892397596,64.8488831076024,0.024,count,1956.05
ETH,92844,2026-02-13 09:59:45,LONG,MODERATE,221,110,111,49.7737556561086,50.2262443438914,8921407.8571,16391087.88751,35.24507400262856,64.75492599737144,0.005,count,1960.95
ETH,92906,2026-02-13 10:34:50,LONG,MODERATE,226,111,115,49.11504424778761,50.88495575221239,8880494.94031,16320712.27894,35.23837117424522,64.76162882575477,0.018,count,1960.55
ETH,93021,2026-02-13 11:39:48,LONG,MODERATE,225,107,118,47.55555555555556,52.44444444444445,8902893.50285,16364863.0584,35.234206413494,64.76579358650599,0.049,count,1954.85
ETH,93146,2026-02-13 12:43:41,LONG,MODERATE,221,107,114,48.41628959276018,51.58371040723983,8845590.50601,16455921.06019,34.96071957150072,65.0392804284993,0.032,count,1959.75
ETH,93270,2026-02-13 13:49:59,LONG,MODERATE,227,112,115,49.33920704845815,50.66079295154186,9704061.33859,16538416.31979,36.97844946241654,63.02155053758346,0.013,count,1970.35
ETH,93388,2026-02-13 14:58:16,LONG,MODERATE,224,106,118,47.32142857142857,52.67857142857143,9866209.878729999,17082410.48142,36.61118731450742,63.38881268549258,0.054,count,1986.45
ETH,93453,2026-02-13 15:30:02,SHORT,MODERATE,224,112,112,50.0,50.0,9861577.65141,15054250.72629,39.5795696691997,60.4204303308003,0.0,count,2038.75
ETH,93576,2026-02-13 16:37:24,SHORT,MODERATE,223,112,111,50.224215246636774,49.775784753363226,9881091.374189999,14542149.95967,40.45773957321139,59.54226042678861,0.004,count,2060.15
ETH,93698,2026-02-13 17:42:17,SHORT,MODERATE,226,113,113,50.0,50.0,9996635.780749999,14662572.19354,40.53916002157335,59.46083997842665,0.0,count,2065.45
ETH,93760,2026-02-13 18:14:00,SHORT,MODERATE,225,114,111,50.66666666666667,49.333333333333336,10052955.98938,14575654.69361,40.818201719852496,59.181798280147504,0.013,count,2057.65
ETH,93821,2026-02-14 07:46:29,SHORT,MODERATE,243,123,120,50.617283950617285,49.382716049382715,10022895.93954,14664289.17205,40.5995900068595,59.4004099931405,0.012,count,2054.15
ETH,93948,2026-02-14 08:51:31,SHORT,MODERATE,235,121,114,51.48936170212765,48.51063829787234,10224225.08842,15227642.45324,40.170824681862086,59.829175318137914,0.03,count,2077.35
ETH,94073,2026-02-14 09:55:21,SHORT,MODERATE,237,126,111,53.16455696202531,46.835443037974684,10349087.36226,14819339.03371,41.11932625202627,58.88067374797373,0.063,count,2078.05
ETH,94139,2026-02-14 10:28:03,SHORT,MODERATE,235,120,115,51.06382978723404,48.93617021276596,10564151.6887,14734608.07591,41.757587276977944,58.24241272302206,0.021,count,2072.85
ETH,94260,2026-02-14 11:32:55,SHORT,MODERATE,232,123,109,53.01724137931034,46.98275862068966,10290475.23476,14610620.96688,41.32539046245789,58.67460953754211,0.06,count,2097.05
ETH,94384,2026-02-16 08:35:13,SHORT,MODERATE,235,123,112,52.34042553191489,47.65957446808511,11998160.36867,13485837.24112,47.08115481874302,52.91884518125699,0.047,count,1971.95
ETH,94509,2026-02-16 09:38:52,SHORT,MODERATE,242,125,117,51.652892561983464,48.34710743801653,12171691.24033,13657569.92319,47.123652369587354,52.87634763041263,0.033,count,1990.05
ETH,94634,2026-02-16 10:42:21,SHORT,MODERATE,242,125,117,51.652892561983464,48.34710743801653,11901766.83007,13581576.10887,46.704103376811766,53.295896623188234,0.033,count,1979.55
ETH,94759,2026-02-16 11:45:51,SHORT,MODERATE,235,118,117,50.212765957446805,49.787234042553195,11790046.74756,13538805.84003,46.54789121137131,53.452108788628685,0.004,count,1968.25
ETH,94883,2026-02-16 12:50:57,SHORT,MODERATE,235,123,112,52.34042553191489,47.65957446808511,12027919.43508,13558587.99099,47.00883647302639,52.991163526973615,0.047,count,1999.55
ETH,95010,2026-02-16 13:54:26,SHORT,MODERATE,225,114,111,50.66666666666667,49.333333333333336,11110419.99202,13238466.092459999,45.630095575919555,54.36990442408045,0.013,count,1966.45
ETH,95132,2026-02-16 14:59:25,SHORT,MODERATE,222,117,105,52.702702702702695,47.2972972972973,9458779.60446,13083357.524530001,41.96043857924929,58.039561420750694,0.054,count,1972.05
ETH,95197,2026-02-16 15:31:13,SHORT,MODERATE,221,117,104,52.94117647058824,47.05882352941176,9474855.68226,13073403.79095,42.02034171869119,57.97965828130881,0.059,count,1953.75
ETH,95325,2026-02-16 16:34:47,SHORT,MODERATE,221,114,107,51.58371040723983,48.41628959276018,8946850.90747,13432366.26964,39.97839082870626,60.02160917129375,0.032,count,1965.55
ETH,95445,2026-02-16 17:40:53,SHORT,MODERATE,224,116,108,51.78571428571429,48.214285714285715,9417490.15504,14822198.1699,38.85153154114786,61.148468458852136,0.036,count,1984.95
ETH,95511,2026-02-17 07:27:27,SHORT,MODERATE,229,117,112,51.09170305676856,48.90829694323144,3654634.74952,13969352.89757,20.736707393933283,79.26329260606671,0.022,count,1974.75
ETH,95636,2026-02-17 08:36:00,SHORT,MODERATE,235,121,114,51.48936170212765,48.51063829787234,8552178.70369,16049585.31914,34.76246132494292,65.23753867505707,0.03,count,1982.05
ETH,95760,2026-02-17 09:40:34,SHORT,MODERATE,238,119,119,50.0,50.0,8594542.91896,16210209.801339999,34.64877483711539,65.35122516288462,0.0,count,1971.55
ETH,95881,2026-02-17 10:44:45,LONG,MODERATE,242,115,127,47.5206611570248,52.47933884297521,8591560.299349999,15949235.67044,35.009297619874715,64.9907023801253,0.05,count,1963.05
ETH,96003,2026-02-17 11:49:21,LONG,MODERATE,246,117,129,47.5609756097561,52.4390243902439,8671830.83976,16086429.860960001,35.02600988246243,64.97399011753757,0.049,count,1965.75
ETH,96132,2026-02-17 12:53:28,LONG,MODERATE,236,115,121,48.728813559322035,51.271186440677965,8658851.62276,16029647.75272,35.07240959067668,64.92759040932332,0.025,count,1969.75
ETH,96254,2026-02-17 13:57:08,LONG,MODERATE,242,114,128,47.107438016528924,52.892561983471076,8675009.64564,16616581.03833,34.29997643896035,65.70002356103966,0.058,count,1992.05
ETH,96319,2026-02-17 14:29:00,LONG,MODERATE,246,116,130,47.15447154471545,52.84552845528455,8845702.25846,16661586.29452,34.679116285084575,65.32088371491544,0.057,count,1990.25
ETH,96448,2026-02-17 15:43:30,LONG,MODERATE,253,124,129,49.01185770750988,50.988142292490124,9002300.73732,16265951.50766,35.62692286764104,64.37307713235896,0.02,count,1952.15
ETH,96571,2026-02-17 16:48:19,LONG,MODERATE,244,115,129,47.13114754098361,52.86885245901639,9459594.07086,16313348.41734,36.703585844693606,63.29641415530638,0.057,count,1984.8
ETH,96628,2026-02-17 17:20:49,LONG,MODERATE,247,113,134,45.74898785425101,54.25101214574899,8994448.39909,16963996.01252,34.64941217766964,65.35058782233037,0.085,count,1968.75
ETH,96695,2026-02-18 07:28:24,LONG,MODERATE,255,117,138,45.88235294117647,54.11764705882353,9856162.29928,14796878.16638,39.97949994447526,60.02050005552475,0.082,count,1997.75
ETH,96828,2026-02-18 08:32:16,LONG,MODERATE,256,121,135,47.265625,52.734375,10066171.52227,14394542.04295,41.152403405691345,58.84759659430866,0.055,count,2027.75
ETH,96961,2026-02-18 09:36:06,LONG,MODERATE,265,128,137,48.301886792452834,51.698113207547166,10304100.07612,14371806.21799,41.75773709506885,58.24226290493115,0.034,count,2020.85
ETH,97089,2026-02-18 10:40:26,LONG,MODERATE,264,124,140,46.96969696969697,53.03030303030303,10154253.55244,14232686.869099999,41.638079139567495,58.361920860432505,0.061,count,2004.65
ETH,97222,2026-02-18 11:47:06,SHORT,MODERATE,258,129,129,50.0,50.0,9245417.31541,13904213.0731,39.93764548395915,60.06235451604085,0.0,count,1984.65
ETH,97351,2026-02-18 12:51:49,SHORT,MODERATE,260,133,127,51.153846153846146,48.84615384615385,9352200.63492,14738286.68704,38.82113512247168,61.178864877528326,0.023,count,1983.95
ETH,97476,2026-02-18 13:58:58,LONG,MODERATE,261,126,135,48.275862068965516,51.724137931034484,9272495.49832,15396284.61878,37.587977412358775,62.412022587641225,0.034,count,1969.45
ETH,97542,2026-02-18 14:30:51,LONG,MODERATE,269,129,140,47.95539033457249,52.04460966542751,9210175.09409,15838821.1447,36.768639374968025,63.231360625031975,0.041,count,1964.05
ETH,97682,2026-02-18 15:36:03,LONG,MODERATE,265,131,134,49.43396226415094,50.56603773584906,9229737.83059,14286429.41113,39.24847844344097,60.75152155655904,0.011,count,1988.05
ETH,97815,2026-02-18 16:41:53,LONG,MODERATE,258,127,131,49.224806201550386,50.775193798449614,9090012.62187,13945626.43758,39.46064877301925,60.539351226980756,0.016,count,1972.95
ETH,97881,2026-02-18 17:15:17,LONG,MODERATE,257,125,132,48.63813229571984,51.36186770428015,9314679.45187,14012205.357859999,39.93109036138724,60.06890963861275,0.027,count,1976.45
ETH,97937,2026-02-19 07:28:31,LONG,MODERATE,273,127,146,46.52014652014652,53.47985347985348,11231798.78614,13795772.51151,44.877701685719,55.122298314281,0.07,count,1983.65
ETH,98080,2026-02-19 08:34:37,LONG,MODERATE,273,124,149,45.42124542124542,54.57875457875458,11122751.64954,13419770.535260001,45.320328390815064,54.67967160918494,0.092,count,1967.45
ETH,98228,2026-02-19 09:40:09,LONG,MODERATE,275,126,149,45.81818181818182,54.18181818181819,11182896.73988,13783213.99058,44.79230610091088,55.20769389908913,0.084,count,1972.95
ETH,98369,2026-02-19 10:45:04,LONG,MODERATE,276,120,156,43.47826086956522,56.52173913043478,11122755.089,13919077.895739999,44.4166970356283,55.583302964371704,0.13,count,1965.25
ETH,98505,2026-02-19 11:49:01,LONG,MODERATE,282,122,160,43.262411347517734,56.73758865248227,11154642.83909,13950320.446460001,44.43202211536564,55.56797788463436,0.135,count,1955.15
ETH,98655,2026-02-19 12:39:20,LONG,MODERATE,273,121,152,44.32234432234432,55.67765567765568,11164094.28518,14226351.59607,43.96966613896415,56.03033386103584,0.114,count,1950.65
ETH,98794,2026-02-19 13:44:46,LONG,MODERATE,268,119,149,44.40298507462687,55.59701492537313,10553106.30147,13955730.856870001,43.05837210183157,56.941627898168434,0.112,count,1917.45
ETH,98944,2026-02-19 14:50:14,LONG,MODERATE,273,126,147,46.15384615384615,53.84615384615385,10705639.4253,13307557.7396,44.582315931459526,55.417684068540474,0.077,count,1934.85
ETH,99086,2026-02-19 15:54:44,LONG,MODERATE,279,130,149,46.59498207885305,53.40501792114696,10677856.53105,13468053.31158,44.22221651883281,55.7777834811672,0.068,count,1920.35
ETH,99153,2026-02-19 16:27:13,LONG,MODERATE,276,125,151,45.289855072463766,54.710144927536234,10786354.67214,13528469.72094,44.36122793965067,55.638772060349325,0.094,count,1917.45
ETH,99227,2026-02-19 17:00:42,LONG,MODERATE,281,128,153,45.55160142348754,54.44839857651246,10788942.54097,13464736.271,44.4837363626886,55.516263637311404,0.089,count,1921.55
ETH,99305,2026-02-20 07:43:33,LONG,MODERATE,269,130,139,48.3271375464684,51.6728624535316,11434151.07541,14221935.66311,44.56701129811347,55.43298870188653,0.033,count,1963.75
ETH,99461,2026-02-20 08:52:30,LONG,MODERATE,274,135,139,49.27007299270073,50.72992700729927,11915078.0596,14147495.12924,45.717197504895786,54.28280249510421,0.015,count,1960.15
ETH,99610,2026-02-20 09:58:25,LONG,MODERATE,271,135,136,49.815498154981555,50.184501845018445,11977677.90506,14291176.85926,45.59649825819141,54.40350174180859,0.004,count,1967.65
ETH,99686,2026-02-20 10:31:51,LONG,MODERATE,272,135,137,49.63235294117647,50.36764705882353,11879385.19138,14240120.78822,45.48089539158246,54.51910460841754,0.007,count,1968.25
ETH,99832,2026-02-20 11:38:55,LONG,MODERATE,275,130,145,47.27272727272727,52.72727272727272,11721346.02251,13978943.79385,45.60783596708143,54.39216403291858,0.055,count,1949.45
ETH,99984,2026-02-20 12:46:24,LONG,MODERATE,280,132,148,47.14285714285714,52.85714285714286,12053955.71198,14016699.422939999,46.23572230770099,53.764277692299004,0.057,count,1945.35
ETH,100124,2026-02-20 13:51:50,LONG,MODERATE,273,125,148,45.78754578754579,54.21245421245421,10862116.782780001,13751025.41007,44.13136972789843,55.86863027210157,0.084,count,1928.25
ETH,100273,2026-02-20 14:56:47,LONG,MODERATE,276,127,149,46.01449275362319,53.985507246376805,11003087.29431,13576712.15768,44.764756180381205,55.23524381961879,0.08,count,1944.45
ETH,100347,2026-02-20 15:29:45,LONG,MODERATE,272,124,148,45.588235294117645,54.41176470588235,10925210.48877,13231929.27162,45.22559623007961,54.7744037699204,0.088,count,1953.95
ETH,100497,2026-02-20 16:38:08,LONG,MODERATE,272,124,148,45.588235294117645,54.41176470588235,10867197.93062,11678990.31288,48.19971257781448,51.80028742218551,0.088,count,1957.15
ETH,100568,2026-02-20 17:12:32,LONG,MODERATE,270,125,145,46.2962962962963,53.70370370370371,11000162.69035,11452859.17803,48.991902982294064,51.008097017705936,0.074,count,1952.75
ETH,100635,2026-03-02 08:31:58,LONG,MODERATE,240,108,132,45.0,55.00000000000001,8114787.20629,9725119.69597,45.486712743226256,54.513287256773744,0.1,count,1926.45
ETH,100766,2026-03-02 09:36:11,LONG,MODERATE,238,109,129,45.79831932773109,54.20168067226891,8294092.0571099995,10149431.41906,44.970214437747764,55.02978556225223,0.084,count,1958.85
ETH,100896,2026-03-02 10:42:11,LONG,MODERATE,245,115,130,46.93877551020408,53.06122448979592,8334115.99571,9914119.68675,45.67080423956086,54.329195760439134,0.061,count,1951.65
ETH,101025,2026-03-02 11:47:11,LONG,MODERATE,254,119,135,46.8503937007874,53.14960629921261,8514057.62648,9791837.58824,46.509922222398274,53.49007777760172,0.063,count,1950.35
ETH,101152,2026-03-02 12:51:19,LONG,MODERATE,252,117,135,46.42857142857143,53.57142857142857,8439176.07571,9986732.11608,45.800597657760115,54.19940234223988,0.071,count,1940.05
ETH,101283,2026-03-02 13:55:24,LONG,MODERATE,253,112,141,44.26877470355731,55.73122529644269,8315579.19837,9838542.23034,45.8054620325457,54.194537967454316,0.115,count,1923.45
ETH,101423,2026-03-02 14:59:33,LONG,MODERATE,253,122,131,48.22134387351779,51.77865612648221,8802066.381070001,10099530.50841,46.567845206607586,53.43215479339241,0.036,count,1975.45
ETH,101492,2026-03-02 15:31:35,SHORT,MODERATE,245,124,121,50.61224489795918,49.38775510204081,9341463.09495,11250814.37824,45.36391424946592,54.63608575053407,0.012,count,2031.25
ETH,101622,2026-03-02 16:37:04,SHORT,MODERATE,256,132,124,51.5625,48.4375,9638096.94237,11605705.141929999,45.368982934994165,54.63101706500585,0.031,count,2049.25
ETH,101688,2026-03-02 17:09:40,SHORT,MODERATE,260,132,128,50.76923076923077,49.23076923076923,9813569.13656,12417832.83723,44.142826206506605,55.85717379349339,0.015,count,2052.45
ETH,101818,2026-03-04 08:51:29,SHORT,MODERATE,252,140,112,55.55555555555556,44.44444444444444,10645180.59656,10873479.12659,49.46953357465754,50.53046642534246,0.111,count,2048.75
ETH,101961,2026-03-04 09:58:37,SHORT,MODERATE,257,140,117,54.474708171206224,45.525291828793776,10769926.4231,9116466.04258,54.15726578707915,45.84273421292085,0.089,count,2071.45
ETH,102031,2026-03-04 10:30:48,SHORT,MODERATE,262,143,119,54.58015267175572,45.41984732824427,13722718.02846,9292967.37023,59.62332987589875,40.37667012410125,0.092,count,2077.85
ETH,102173,2026-03-04 11:36:26,SHORT,MODERATE,269,148,121,55.01858736059479,44.98141263940521,13569445.947,9319780.94351,59.28311170975359,40.71688829024641,0.1,count,2054.55
ETH,102316,2026-03-04 12:43:31,SHORT,MODERATE,279,152,127,54.48028673835126,45.51971326164875,13826872.38648,9047621.17017,60.446682031394296,39.55331796860571,0.09,count,2051.75
ETH,102456,2026-03-04 13:51:09,SHORT,MODERATE,281,156,125,55.51601423487544,44.48398576512456,13706466.88522,9142609.736,59.986961891014744,40.013038108985256,0.11,count,2062.95
ETH,102604,2026-03-04 14:57:21,SHORT,MODERATE,269,145,124,53.90334572490706,46.09665427509294,13577650.737329999,9288513.7248,59.37878545313862,40.62121454686139,0.078,count,2081.25
ETH,102667,2026-03-04 15:30:28,SHORT,MODERATE,265,151,114,56.9811320754717,43.0188679245283,14007292.50344,9456154.46924,59.698357704004835,40.30164229599516,0.14,count,2133.95
ETH,102821,2026-03-04 16:38:40,SHORT,MODERATE,269,142,127,52.78810408921933,47.21189591078067,13863472.74381,10237332.89143,57.52286024637676,42.47713975362324,0.056,count,2143.65
ETH,102885,2026-03-04 17:12:17,SHORT,MODERATE,277,151,126,54.51263537906137,45.48736462093863,13899634.62405,11675865.75266,54.347459167240864,45.652540832759136,0.09,count,2148.75
ETH,103029,2026-03-05 08:39:57,SHORT,MODERATE,296,155,141,52.36486486486487,47.63513513513514,16319591.02566,11181251.31381,59.34214968476677,40.65785031523324,0.047,count,2103.05
ETH,103164,2026-03-05 09:49:32,SHORT,MODERATE,300,163,137,54.333333333333336,45.666666666666664,16554011.897119999,11372598.915000001,59.27683816876069,40.72316183123931,0.087,count,2122.75
ETH,103294,2026-03-05 10:55:19,SHORT,MODERATE,304,181,123,59.539473684210535,40.46052631578947,17020694.645150002,11312897.172699999,60.07249188374014,39.927508116259865,0.191,count,2157.85
ETH,103433,2026-03-05 11:59:34,SHORT,MODERATE,302,174,128,57.615894039735096,42.384105960264904,16515918.544470001,11271407.72712,59.43687558509728,40.56312441490272,0.152,count,2137.25
ETH,103500,2026-03-05 12:31:46,SHORT,MODERATE,305,176,129,57.70491803278689,42.295081967213115,16333383.12715,11542530.92766,58.59317507951517,41.40682492048483,0.154,count,2129.15
ETH,103631,2026-03-05 13:40:00,SHORT,MODERATE,302,178,124,58.94039735099338,41.05960264900662,16437131.50066,11778481.27621,58.25544754475255,41.74455245524746,0.179,count,2111.35
ETH,103768,2026-03-05 14:46:41,SHORT,MODERATE,300,177,123,59.0,41.0,16607574.48226,11652581.45521,58.766747497808744,41.233252502191256,0.18,count,2100.35
ETH,103916,2026-03-05 15:52:02,SHORT,MODERATE,292,161,131,55.13698630136986,44.86301369863014,12491769.54948,12228273.6895,50.53295994960985,49.467040050390146,0.103,count,2084.65
ETH,104053,2026-03-06 10:40:35,SHORT,MODERATE,303,170,133,56.10561056105611,43.89438943894389,12331256.3869,10845305.185619999,53.205719702274266,46.794280297725734,0.122,count,2061.85
ETH,104193,2026-03-06 11:45:00,SHORT,MODERATE,300,167,133,55.666666666666664,44.333333333333336,12171624.913069999,10808482.72133,52.96591776989644,47.03408223010355,0.113,count,2055.85
ETH,104334,2026-03-06 12:49:30,SHORT,MODERATE,302,165,137,54.63576158940398,45.36423841059602,12209116.4197,11103928.127039999,52.370321667863294,47.629678332136706,0.093,count,2041.65
ETH,104477,2026-03-06 13:53:54,SHORT,MODERATE,311,171,140,54.983922829581985,45.01607717041801,12804584.1758,10734649.8434,54.39677504100524,45.603224958994765,0.1,count,2041.75
ETH,104556,2026-03-06 14:28:32,SHORT,MODERATE,304,167,137,54.93421052631579,45.06578947368421,12116447.88953,11830152.91795,50.597777893158366,49.402222106841634,0.099,count,2008.55
ETH,104702,2026-03-06 15:35:55,SHORT,MODERATE,302,168,134,55.62913907284768,44.370860927152314,12097812.50652,11305306.65381,51.69316287987235,48.30683712012766,0.113,count,1991.65
ETH,104847,2026-03-06 16:41:21,SHORT,MODERATE,304,167,137,54.93421052631579,45.06578947368421,12014817.52943,11190882.427819999,51.77528603560304,48.22471396439696,0.099,count,1975.55
ETH,104922,2026-03-06 17:13:34,SHORT,MODERATE,302,165,137,54.63576158940398,45.36423841059602,12442074.43913,10453387.32524,54.3429722762456,45.657027723754396,0.093,count,1975.05
ETH,104999,2026-03-07 07:35:06,SHORT,MODERATE,301,160,141,53.156146179402,46.84385382059801,13504345.53082,10842033.822859999,55.46757213728699,44.532427862713,0.063,count,1975.65
ETH,105145,2026-03-07 08:41:15,SHORT,MODERATE,300,159,141,53.0,47.0,12646013.37172,10851659.29863,53.818152755515584,46.181847244484416,0.06,count,1981.55
ETH,105292,2026-03-07 09:45:51,SHORT,MODERATE,303,154,149,50.82508250825083,49.17491749174918,12638372.28547,10949948.19512,53.578940882500184,46.42105911749981,0.017,count,1984.15
ETH,105431,2026-03-07 10:50:24,SHORT,MODERATE,305,159,146,52.131147540983605,47.868852459016395,12647309.82394,10934735.45096,53.63109805153926,46.368901948460746,0.043,count,1984.85
ETH,105575,2026-03-07 11:54:55,SHORT,MODERATE,304,161,143,52.960526315789465,47.03947368421053,12686356.12958,11097296.42613,53.34065530878371,46.65934469121628,0.059,count,1989.45
ETH,105719,2026-03-07 12:59:27,SHORT,MODERATE,305,161,144,52.78688524590164,47.21311475409836,12663590.10979,11028789.91942,53.450054803178226,46.54994519682177,0.056,count,1981.05
ETH,105791,2026-03-07 13:31:43,SHORT,MODERATE,311,162,149,52.09003215434084,47.90996784565916,12670587.03959,11039714.45697,53.43916458180975,46.56083541819025,0.042,count,1981.65
ETH,105948,2026-03-07 14:36:19,SHORT,MODERATE,314,161,153,51.27388535031847,48.72611464968153,12673121.0408,10581068.7784,54.49822651028822,45.50177348971177,0.025,count,1976.05
ETH,106101,2026-03-07 15:43:19,SHORT,MODERATE,320,163,157,50.9375,49.0625,12664015.86516,10556917.09593,54.537067422658566,45.462932577341434,0.019,count,1976.55
ETH,106252,2026-03-07 16:48:20,SHORT,MODERATE,320,162,158,50.625,49.375,12545743.01184,10758744.68874,53.834021897541064,46.165978102458936,0.013,count,1975.85
ETH,106399,2026-03-07 17:54:22,SHORT,MODERATE,319,163,156,51.09717868338558,48.90282131661442,12566314.33346,10733551.71486,53.93298960345771,46.06701039654229,0.022,count,1980.25
ETH,106463,2026-03-09 08:39:37,SHORT,MODERATE,316,166,150,52.53164556962025,47.46835443037975,12381181.84693,11454076.29085,51.9448196254491,48.05518037455089,0.051,count,1990.85
ETH,106600,2026-03-09 09:48:52,SHORT,MODERATE,307,166,141,54.071661237785015,45.928338762214985,12355647.43696,11815906.37479,51.11647986383818,48.88352013616181,0.081,count,2010.0
ETH,106746,2026-03-09 10:57:25,SHORT,MODERATE,320,167,153,52.1875,47.8125,12329410.705120001,11778583.4941,51.14241609332605,48.85758390667395,0.044,count,1993.05
ETH,106822,2026-03-09 11:30:42,SHORT,MODERATE,322,166,156,51.5527950310559,48.4472049689441,12340958.27513,11691513.86451,51.35118103299241,48.64881896700759,0.031,count,1983.55
ETH,106958,2026-03-09 12:35:48,SHORT,MODERATE,323,172,151,53.25077399380805,46.749226006191954,12817997.78417,11836592.39844,51.99030967146684,48.00969032853317,0.065,count,2002.85
ETH,107101,2026-03-09 13:40:31,SHORT,MODERATE,325,172,153,52.92307692307693,47.07692307692308,12839310.9122,11974674.98046,51.742235075574385,48.25776492442562,0.058,count,2011.25
ETH,107242,2026-03-09 14:47:36,SHORT,MODERATE,337,180,157,53.41246290801187,46.58753709198813,12999091.25339,12550226.61892,50.8784278247923,49.12157217520772,0.068,count,2026.15
ETH,107387,2026-03-09 15:56:08,SHORT,MODERATE,344,181,163,52.616279069767444,47.383720930232556,13088044.65702,12809663.4434,50.537463030590516,49.4625369694095,0.052,count,2024.15
ETH,107458,2026-03-09 16:30:25,SHORT,MODERATE,339,178,161,52.50737463126843,47.49262536873156,12936193.27048,12834695.46092,50.19692337858014,49.803076621419876,0.05,count,2027.45
ETH,107605,2026-03-09 17:36:28,SHORT,MODERATE,335,174,161,51.94029850746269,48.059701492537314,13145543.82277,12395775.38069,51.46775590584692,48.532244094153064,0.039,count,2018.85
ETH,107682,2026-03-10 07:45:32,LONG,MODERATE,332,163,169,49.096385542168676,50.903614457831324,14652182.15889,11382226.39274,56.280065398192555,43.719934601807445,0.018,count,2047.95
ETH,107825,2026-03-10 08:55:33,SHORT,MODERATE,325,166,159,51.07692307692307,48.92307692307693,14360549.80347,11218684.04606,56.14143835560527,43.85856164439473,0.022,count,2058.45
ETH,107894,2026-03-10 09:27:53,SHORT,MODERATE,324,164,160,50.617283950617285,49.382716049382715,14549679.099030001,11057876.57355,56.81791454468835,43.18208545531164,0.012,count,2069.05
ETH,108037,2026-03-10 10:34:31,SHORT,MODERATE,326,165,161,50.61349693251533,49.38650306748466,14566660.368900001,11015131.27622,56.94151750969618,43.05848249030381,0.012,count,2061.55
ETH,108183,2026-03-10 11:40:08,LONG,MODERATE,334,166,168,49.700598802395206,50.29940119760479,14422538.88448,10941888.59595,56.861282974385105,43.138717025614895,0.006,count,2063.85
ETH,108329,2026-03-10 12:47:44,SHORT,MODERATE,336,168,168,50.0,50.0,14329536.46333,11098187.16154,56.35398856276211,43.64601143723788,0.0,count,2050.15
ETH,108470,2026-03-10 13:56:48,LONG,MODERATE,341,164,177,48.09384164222874,51.90615835777126,14263060.19706,12734721.49336,52.83048941062132,47.169510589378675,0.038,count,2037.05
ETH,108543,2026-03-10 14:30:37,LONG,MODERATE,334,158,176,47.30538922155689,52.69461077844312,14045121.65716,12792709.46721,52.33329620442532,47.66670379557469,0.054,count,2026.85
ETH,108694,2026-03-10 15:36:20,LONG,MODERATE,335,161,174,48.059701492537314,51.94029850746269,14129917.66041,12965283.691159999,52.149151715350726,47.850848284649274,0.039,count,2068.35
ETH,108847,2026-03-10 16:45:05,LONG,MODERATE,347,172,175,49.56772334293948,50.43227665706051,14404777.40712,13182884.5015,52.21456408605292,47.785435913947076,0.009,count,2084.35
ETH,108997,2026-03-10 17:51:54,LONG,MODERATE,342,168,174,49.122807017543856,50.877192982456144,14257381.87277,13191240.357929999,51.94206744855771,48.057932551442285,0.018,count,2074.15
ETH,109075,2026-03-10 18:24:21,LONG,MODERATE,339,168,171,49.557522123893804,50.442477876106196,13512919.36529,12952280.37825,51.05920036967952,48.940799630320484,0.009,count,2044.05
ETH,109153,2026-03-12 10:45:12,LONG,MODERATE,320,155,165,48.4375,51.5625,13709433.43206,10127012.12741,57.51458789380352,42.48541210619648,0.031,count,2071.15
ETH,109307,2026-03-12 11:52:58,LONG,MODERATE,323,154,169,47.6780185758514,52.32198142414861,13814217.43568,10184720.111440001,57.561787510621606,42.438212489378394,0.046,count,2063.75
ETH,109463,2026-03-12 12:58:09,LONG,MODERATE,326,156,170,47.85276073619632,52.14723926380368,13784678.21224,10700565.6186,56.29790051295191,43.70209948704809,0.043,count,2063.25
ETH,109539,2026-03-12 13:30:29,LONG,MODERATE,328,155,173,47.256097560975604,52.743902439024396,13970685.93012,10423703.83411,57.270077526618465,42.729922473381535,0.055,count,2054.35
ETH,109695,2026-03-12 14:35:11,LONG,MODERATE,327,155,172,47.40061162079511,52.59938837920489,14507273.44625,10904939.72373,57.087800063741625,42.912199936258375,0.052,count,2050.55
ETH,109861,2026-03-12 15:39:53,SHORT,MODERATE,323,163,160,50.464396284829725,49.53560371517028,15738938.8786,9383297.93664,62.64943282857769,37.350567171422306,0.009,count,2079.25
ETH,110018,2026-03-12 16:44:36,SHORT,MODERATE,325,164,161,50.46153846153846,49.53846153846154,15598575.06783,9448108.84579,62.278005031028215,37.72199496897178,0.009,count,2070.55
ETH,110150,2026-03-13 08:41:29,SHORT,MODERATE,330,187,143,56.666666666666664,43.333333333333336,15060294.66832,10222464.44787,59.567449102799976,40.43255089720002,0.133,count,2108.75
ETH,110305,2026-03-13 09:46:47,SHORT,MODERATE,329,189,140,57.446808510638306,42.5531914893617,15079755.64973,10441798.81271,59.08635256493814,40.91364743506187,0.149,count,2107.05
ETH,110461,2026-03-13 10:51:41,SHORT,MODERATE,331,192,139,58.006042296072515,41.99395770392749,15719586.69888,8307172.28526,65.42533143673876,34.57466856326125,0.16,count,2131.05
ETH,110619,2026-03-13 11:59:29,SHORT,MODERATE,336,192,144,57.14285714285714,42.857142857142854,15970700.30249,9404631.98805,62.93789621995975,37.06210378004025,0.143,count,2120.15
ETH,110693,2026-03-13 12:32:52,SHORT,MODERATE,342,197,145,57.60233918128655,42.39766081871345,16110537.38318,9382721.42967,63.19528429633095,36.80471570366906,0.152,count,2131.9
ETH,110852,2026-03-13 13:37:49,SHORT,MODERATE,328,183,145,55.79268292682927,44.207317073170735,15991607.94328,9670934.32556,62.314979458201805,37.685020541798195,0.116,count,2176.5
ETH,111014,2026-03-13 14:42:45,SHORT,MODERATE,357,192,165,53.78151260504202,46.21848739495798,16716771.89887,10272395.58002,61.938820128280305,38.061179871719695,0.076,count,2184.65
ETH,111171,2026-03-13 15:47:41,SHORT,MODERATE,342,177,165,51.75438596491229,48.24561403508772,15483048.19387,9069427.58189,63.06104661410967,36.93895338589032,0.035,count,2142.05
ETH,111320,2026-03-13 16:53:08,SHORT,MODERATE,333,179,154,53.753753753753756,46.246246246246244,15455965.37538,9142418.51725,62.83325539939562,37.16674460060438,0.075,count,2138.25
ETH,111390,2026-03-13 17:26:34,SHORT,MODERATE,331,183,148,55.2870090634441,44.71299093655589,15515916.51785,9350833.05837,62.39623908340569,37.60376091659432,0.106,count,2130.65
ETH,111472,2026-03-13 18:01:25,SHORT,MODERATE,331,181,150,54.68277945619335,45.31722054380665,15133655.36903,11521977.39555,56.774699376634565,43.225300623365435,0.094,count,2130.65
ETH,111552,2026-03-14 07:53:00,SHORT,MODERATE,329,176,153,53.49544072948328,46.504559270516715,15123553.46199,11305340.95731,57.22355699807803,42.77644300192197,0.07,count,2076.65
ETH,111705,2026-03-14 08:58:45,SHORT,MODERATE,335,180,155,53.73134328358209,46.26865671641791,14995483.45986,11117924.48539,57.42445984568499,42.575540154315014,0.075,count,2073.05
ETH,111785,2026-03-14 09:31:15,SHORT,MODERATE,336,181,155,53.86904761904761,46.13095238095239,15160591.48744,11488392.9441,56.889940877059885,43.110059122940115,0.077,count,2075.25
ETH,111943,2026-03-14 10:36:14,SHORT,MODERATE,331,177,154,53.47432024169184,46.52567975830816,14889560.733620001,11225206.87605,57.01586533784266,42.98413466215734,0.069,count,2062.55
ETH,112093,2026-03-14 11:42:15,SHORT,MODERATE,333,183,150,54.95495495495496,45.04504504504504,15201295.2876,11326247.84271,57.30381895122135,42.69618104877865,0.099,count,2073.65
ETH,112244,2026-03-14 12:47:18,SHORT,MODERATE,338,186,152,55.02958579881657,44.97041420118343,15222060.0088,11338151.43572,57.3115166669378,42.6884833330622,0.101,count,2072.35
ETH,112399,2026-03-14 13:52:48,SHORT,MODERATE,335,188,147,56.11940298507463,43.88059701492537,15250617.98296,11148675.32956,57.76903874819753,42.23096125180246,0.122,count,2075.85
ETH,112554,2026-03-14 14:57:48,SHORT,MODERATE,338,189,149,55.917159763313606,44.08284023668639,15455068.90182,10165385.26146,60.32316524650319,39.676834753496806,0.118,count,2072.15
ETH,112626,2026-03-14 15:30:17,SHORT,MODERATE,340,193,147,56.76470588235294,43.23529411764706,15561324.92847,10180082.46702,60.45250241910397,39.547497580896035,0.135,count,2074.55
ETH,112782,2026-03-14 16:35:20,SHORT,MODERATE,337,190,147,56.37982195845698,43.62017804154303,15562261.95292,10192937.69646,60.423767490750656,39.576232509249344,0.128,count,2075.55
ETH,112937,2026-03-14 17:40:23,SHORT,MODERATE,339,192,147,56.63716814159292,43.36283185840708,16032536.84676,10214969.96658,61.082132336514505,38.917867663485495,0.133,count,2075.25
ETH,113090,2026-03-14 18:45:26,SHORT,MODERATE,340,194,146,57.05882352941176,42.94117647058823,15890510.55506,10385680.032230001,60.474940240182164,39.52505975981783,0.141,count,2074.85
ETH,113161,2026-03-16 08:40:01,SHORT,MODERATE,346,196,150,56.64739884393064,43.35260115606936,17430841.84456,10964306.14552,61.38669131307067,38.61330868692933,0.133,count,2240.55
ETH,113315,2026-03-16 09:47:11,SHORT,MODERATE,353,202,151,57.22379603399433,42.77620396600567,17500640.89524,11189159.61719,60.99952102370931,39.00047897629069,0.144,count,2255.95
ETH,113383,2026-03-16 10:19:51,SHORT,MODERATE,360,213,147,59.166666666666664,40.833333333333336,17720939.79815,11326155.95267,61.0076131196343,38.9923868803657,0.183,count,2266.05
ETH,113451,2026-03-19 08:51:42,SHORT,MODERATE,332,201,131,60.54216867469879,39.45783132530121,16299523.65253,7520397.47172,68.4281176562595,31.571882343740505,0.211,count,2160.05
ETH,113603,2026-03-19 09:56:53,SHORT,MODERATE,337,203,134,60.23738872403561,39.762611275964396,16514460.42258,7568658.48852,68.57276453079515,31.427235469204852,0.205,count,2188.15
ETH,113679,2026-03-19 10:29:25,SHORT,MODERATE,338,204,134,60.35502958579882,39.64497041420118,16524402.06645,7552400.62805,68.6320450274104,31.367954972589608,0.207,count,2181.55
ETH,113830,2026-03-19 11:34:31,SHORT,MODERATE,339,202,137,59.587020648967545,40.41297935103245,16106167.66797,8113238.98466,66.50108278445798,33.498917215542015,0.192,count,2171.25
ETH,113984,2026-03-19 12:39:37,SHORT,MODERATE,338,193,145,57.100591715976336,42.89940828402367,15672813.14402,8737772.95831,64.20498499429321,35.795015005706794,0.142,count,2154.05
ETH,114130,2026-03-19 13:44:40,SHORT,MODERATE,323,189,134,58.51393188854489,41.48606811145511,15105147.09101,9408029.0142,61.620522066088256,38.37947793391175,0.17,count,2135.35
ETH,114282,2026-03-19 14:49:45,SHORT,MODERATE,329,194,135,58.96656534954408,41.03343465045592,14410214.88188,11023511.121509999,56.65789935756679,43.34210064243321,0.179,count,2114.05
ETH,114440,2026-03-19 15:54:50,SHORT,MODERATE,332,195,137,58.734939759036145,41.265060240963855,14910011.06226,9435160.48583,61.24422262873627,38.755777371263726,0.175,count,2120.35
ETH,114517,2026-03-19 16:27:22,SHORT,MODERATE,329,194,135,58.96656534954408,41.03343465045592,14407744.13944,9380537.25167,60.5665617560097,39.4334382439903,0.179,count,2111.05
ETH,114585,2026-03-20 08:40:32,SHORT,MODERATE,331,202,129,61.027190332326285,38.972809667673715,16717131.213370001,8318088.9727,66.77445250779812,33.225547492201876,0.221,count,2163.05
ETH,114739,2026-03-20 09:45:38,SHORT,MODERATE,329,198,131,60.182370820668694,39.81762917933131,16389277.37777,9291620.9535,63.81894109137847,36.18105890862152,0.204,count,2144.65
ETH,114886,2026-03-20 10:50:50,SHORT,MODERATE,323,194,129,60.06191950464397,39.93808049535604,16534271.01406,9617845.56333,63.2234525459206,36.776547454079406,0.201,count,2147.75
ETH,115039,2026-03-20 11:55:54,SHORT,MODERATE,323,192,131,59.44272445820433,40.55727554179567,16111739.16502,9791396.07823,62.199957702874975,37.80004229712503,0.189,count,2138.25
ETH,115115,2026-03-20 12:28:27,SHORT,MODERATE,333,195,138,58.55855855855856,41.44144144144144,16176879.13536,9847017.11663,62.16163397947372,37.838366020526294,0.171,count,2140.45
ETH,115267,2026-03-20 13:33:34,SHORT,MODERATE,331,194,137,58.610271903323266,41.389728096676734,16735531.66892,9861601.28189,62.922314596357,37.07768540364299,0.172,count,2132.45
ETH,115420,2026-03-20 14:38:41,SHORT,MODERATE,330,195,135,59.09090909090909,40.909090909090914,16551378.93929,10957883.28843,60.16656790821466,39.83343209178534,0.182,count,2136.05
ETH,115570,2026-03-20 15:43:40,SHORT,MODERATE,328,194,134,59.14634146341463,40.853658536585364,16418453.03032,11013617.46706,59.851308095348124,40.148691904651876,0.183,count,2131.95
ETH,115716,2026-03-20 16:48:42,SHORT,MODERATE,325,197,128,60.61538461538461,39.38461538461539,16478051.40325,10961832.82441,60.05146110142755,39.948538898572444,0.212,count,2134.85
ETH,115868,2026-03-20 17:53:47,SHORT,MODERATE,328,198,130,60.36585365853659,39.63414634146341,16436610.6906,10954565.17109,60.006955428257704,39.993044571742296,0.207,count,2129.15
ETH,116033,2026-03-23 08:43:18,SHORT,MODERATE,327,182,145,55.65749235474006,44.342507645259936,14268028.42959,7136883.1047,66.65773136568708,33.3422686343129,0.113,count,2051.25
ETH,116173,2026-03-23 09:48:13,SHORT,MODERATE,327,185,142,56.574923547400616,43.425076452599384,14404769.78483,6959528.15473,67.42449401137058,32.57550598862942,0.131,count,2039.35
ETH,116316,2026-03-23 10:53:08,SHORT,MODERATE,330,187,143,56.666666666666664,43.333333333333336,14211124.26071,7067150.28359,66.7870142906717,33.2129857093283,0.133,count,2045.85
ETH,116478,2026-03-23 11:58:04,SHORT,MODERATE,311,161,150,51.76848874598071,48.231511254019296,14428637.78377,6891027.24519,67.67760076985529,32.32239923014472,0.035,count,2138.35
ETH,116546,2026-03-23 12:30:31,SHORT,MODERATE,314,168,146,53.503184713375795,46.496815286624205,14048916.04369,7149051.75395,66.27482491625489,33.72517508374512,0.07,count,2120.85
ETH,116687,2026-03-23 13:35:26,SHORT,MODERATE,316,175,141,55.379746835443036,44.620253164556964,15443321.86926,7053865.97611,68.64556572762177,31.354434272378224,0.108,count,2147.25
ETH,116826,2026-03-23 14:40:22,SHORT,MODERATE,305,177,128,58.032786885245905,41.967213114754095,15411349.61895,5141354.49454,74.98453504633771,25.0154649536623,0.161,count,2178.65
ETH,116982,2026-03-23 15:45:17,SHORT,MODERATE,315,171,144,54.285714285714285,45.714285714285715,14730690.57664,5095836.22477,74.29788749279274,25.702112507207264,0.086,count,2148.3
ETH,117125,2026-03-23 16:50:12,SHORT,MODERATE,310,172,138,55.483870967741936,44.516129032258064,14601588.52385,4973644.35023,74.59215743575795,25.40784256424205,0.11,count,2140.25
ETH,117274,2026-03-23 17:55:08,SHORT,MODERATE,309,170,139,55.016181229773466,44.983818770226534,14896037.41738,4783814.77427,75.69181552948993,24.308184470510067,0.1,count,2151.45
ETH,117346,2026-03-23 18:27:35,SHORT,MODERATE,312,174,138,55.769230769230774,44.230769230769226,14977748.65884,4731455.5302800005,75.99367541743827,24.006324582561724,0.115,count,2147.1
ETH,117493,2026-03-23 19:32:31,SHORT,MODERATE,310,173,137,55.80645161290323,44.193548387096776,15075319.89331,4823279.76825,75.76070753577909,24.239292464220906,0.116,count,2164.85
ETH,117639,2026-03-23 20:37:27,SHORT,MODERATE,318,180,138,56.60377358490566,43.39622641509434,15022678.39689,4736019.64045,76.03070996125419,23.969290038745804,0.132,count,2164.95
ETH,117781,2026-03-23 21:42:22,SHORT,MODERATE,314,179,135,57.00636942675159,42.99363057324841,15111075.19913,4412099.96766,77.40070490600716,22.599295093992833,0.14,count,2159.25
ETH,117938,2026-03-23 22:47:17,SHORT,MODERATE,315,176,139,55.87301587301587,44.12698412698413,14642849.26295,8048418.74199,64.5307669001229,35.4692330998771,0.117,count,2149.55
ETH,118088,2026-03-23 23:52:13,SHORT,MODERATE,318,177,141,55.660377358490564,44.339622641509436,14595376.62719,8246257.87606,63.89812701500548,36.10187298499453,0.113,count,2146.95
ETH,118235,2026-03-24 00:57:08,SHORT,MODERATE,318,178,140,55.9748427672956,44.0251572327044,14714198.42132,8623905.37828,63.047960312749105,36.952039687250895,0.119,count,2142.95
ETH,118307,2026-03-24 01:29:35,SHORT,MODERATE,316,176,140,55.69620253164557,44.303797468354425,14714922.49206,8630988.46509,63.029977793834426,36.97002220616559,0.114,count,2146.75
ETH,118459,2026-03-24 02:34:31,SHORT,MODERATE,318,179,139,56.289308176100626,43.710691823899374,14332420.73435,8614957.51653,62.45777002346824,37.54222997653176,0.126,count,2137.15
ETH,118607,2026-03-24 03:39:26,SHORT,MODERATE,318,179,139,56.289308176100626,43.710691823899374,14312088.47087,8532335.80361,62.65024803824162,37.34975196175838,0.126,count,2135.55
ETH,118754,2026-03-24 04:44:22,SHORT,MODERATE,314,178,136,56.68789808917197,43.31210191082803,14328993.67831,8337803.37363,63.21578494515886,36.784215054841134,0.134,count,2134.25
ETH,118903,2026-03-24 05:49:17,SHORT,MODERATE,315,179,136,56.82539682539682,43.17460317460318,14334839.32776,8292292.84699,63.35243554972685,36.64756445027316,0.137,count,2136.95
ETH,119053,2026-03-24 06:54:13,SHORT,MODERATE,320,183,137,57.1875,42.8125,14699196.91405,8303551.83153,63.90191483908837,36.09808516091163,0.144,count,2142.25
ETH,119205,2026-03-24 07:59:08,SHORT,MODERATE,319,184,135,57.68025078369906,42.31974921630094,15512346.35513,8474203.16187,64.67102049895057,35.32897950104943,0.154,count,2168.55
ETH,119276,2026-03-24 08:31:35,SHORT,MODERATE,317,184,133,58.0441640378549,41.95583596214511,15013477.25071,8347845.8548,64.2663824429059,35.733617557094085,0.161,count,2155.55
ETH,119423,2026-03-24 09:36:31,SHORT,MODERATE,322,196,126,60.86956521739131,39.130434782608695,15380846.82969,8649876.53437,64.00492651292124,35.99507348707875,0.217,count,2153.25
ETH,119575,2026-03-24 10:41:26,SHORT,MODERATE,316,191,125,60.44303797468354,39.55696202531646,15392261.61437,8341172.97277,64.85475820137015,35.14524179862985,0.209,count,2158.55
ETH,119721,2026-03-24 11:46:21,SHORT,MODERATE,321,195,126,60.747663551401864,39.25233644859813,15452201.71568,8450343.1178,64.64668018961851,35.35331981038148,0.215,count,2171.85
ETH,119870,2026-03-24 12:51:16,SHORT,MODERATE,318,192,126,60.37735849056604,39.62264150943396,15664261.9569,8424602.05964,65.02698485966188,34.973015140338134,0.208,count,2160.85
ETH,120022,2026-03-24 13:56:11,SHORT,MODERATE,316,188,128,59.49367088607595,40.50632911392405,14924731.92264,8437493.89558,63.88403244951228,36.115967550487724,0.19,count,2138.45
ETH,120099,2026-03-24 14:28:39,SHORT,MODERATE,315,184,131,58.41269841269842,41.58730158730159,14784088.46388,8537445.84051,63.39243495269123,36.607565047308775,0.168,count,2135.3
ETH,120243,2026-03-24 15:33:34,SHORT,MODERATE,321,190,131,59.19003115264797,40.809968847352025,15972417.28719,8531609.29547,65.18282712969592,34.81717287030409,0.184,count,2131.65
ETH,120386,2026-03-24 16:38:30,SHORT,MODERATE,323,196,127,60.681114551083596,39.318885448916404,16015369.38828,8463937.435109999,65.42411312471194,34.57588687528806,0.214,count,2123.95
ETH,120532,2026-03-24 17:43:25,SHORT,MODERATE,310,182,128,58.70967741935483,41.29032258064516,15429282.0593,8694707.31144,63.958252601512854,36.04174739848715,0.174,count,2110.35
ETH,120677,2026-03-24 18:48:21,SHORT,MODERATE,320,190,130,59.375,40.625,15502990.37872,8915823.10467,63.487893829343264,36.512106170656736,0.188,count,2118.9
ETH,120820,2026-03-24 19:53:16,SHORT,MODERATE,317,189,128,59.62145110410094,40.37854889589905,15556322.70512,9311544.01684,62.555919569018435,37.44408043098156,0.192,count,2114.95
ETH,120958,2026-03-24 20:58:12,SHORT,MODERATE,313,195,118,62.30031948881789,37.69968051118211,16561004.04984,9080871.58766,64.58577478482242,35.414225215177574,0.246,count,2148.15
ETH,121032,2026-03-24 21:30:39,SHORT,MODERATE,313,194,119,61.980830670926515,38.019169329073485,16067510.39125,8999173.33808,64.09906697171012,35.900933028289884,0.24,count,2145.55
ETH,121174,2026-03-24 22:35:35,SHORT,MODERATE,316,199,117,62.9746835443038,37.0253164556962,16289479.58935,9016417.47023,64.37029104717442,35.62970895282558,0.259,count,2141.65
ETH,121324,2026-03-24 23:40:30,SHORT,MODERATE,317,197,120,62.14511041009464,37.85488958990536,16304356.23512,9059615.46999,64.28155820657699,35.718441793423025,0.243,count,2162.65
ETH,121466,2026-03-25 00:45:25,SHORT,MODERATE,321,203,118,63.2398753894081,36.7601246105919,16088768.36289,9182882.54252,63.66330566653172,36.33669433346828,0.265,count,2164.95
ETH,121608,2026-03-25 01:50:20,SHORT,MODERATE,319,199,120,62.38244514106584,37.61755485893417,16065180.1513,9253970.33161,63.450707645755045,36.549292354244955,0.248,count,2159.65
ETH,121750,2026-03-25 02:55:16,SHORT,MODERATE,321,200,121,62.30529595015576,37.69470404984423,16012989.24489,9252668.51518,63.37847760368632,36.62152239631368,0.246,count,2156.05
ETH,121822,2026-03-25 03:27:43,SHORT,MODERATE,314,192,122,61.146496815286625,38.853503184713375,15900291.71905,9306083.1894,63.08043809076133,36.91956190923867,0.223,count,2149.95
ETH,121965,2026-03-25 04:32:38,SHORT,MODERATE,322,196,126,60.86956521739131,39.130434782608695,16062155.15777,9582379.98114,62.63383239651389,37.366167603486105,0.217,count,2162.15
ETH,122104,2026-03-25 05:37:33,SHORT,MODERATE,309,192,117,62.13592233009708,37.86407766990291,16106962.9466,9881494.11704,61.977372905046266,38.022627094953734,0.243,count,2172.55
ETH,122247,2026-03-25 06:42:29,SHORT,MODERATE,309,193,116,62.45954692556634,37.54045307443366,15957379.36345,8203947.15709,66.04512939256183,33.95487060743817,0.249,count,2170.55
ETH,122389,2026-03-25 07:47:33,SHORT,MODERATE,312,197,115,63.141025641025635,36.858974358974365,15965738.31053,8198688.58038,66.0712475516474,33.9287524483526,0.263,count,2161.35
ETH,122529,2026-03-25 08:52:28,SHORT,MODERATE,309,202,107,65.37216828478964,34.627831715210355,16054168.03019,8250400.70725,66.05411601259699,33.945883987403,0.307,count,2177.85
ETH,122681,2026-03-25 09:57:24,SHORT,MODERATE,315,202,113,64.12698412698413,35.87301587301587,15298725.24113,8284581.00553,64.87099425805357,35.129005741946415,0.283,count,2184.05
ETH,122756,2026-03-25 10:29:52,SHORT,MODERATE,317,204,113,64.35331230283911,35.646687697160885,16095130.81143,8395306.94557,65.72006172829474,34.27993827170527,0.287,count,2183.55
ETH,122901,2026-03-25 11:34:47,SHORT,MODERATE,322,208,114,64.59627329192547,35.40372670807454,16346501.86425,8990998.74388,64.51505267652536,35.48494732347465,0.292,count,2197.75
ETH,123050,2026-03-25 12:39:44,SHORT,MODERATE,319,202,117,63.322884012539184,36.677115987460816,16190636.69323,9845896.86635,62.184302131390076,37.815697868609924,0.266,count,2173.15
ETH,123201,2026-03-25 13:44:39,SHORT,MODERATE,326,207,119,63.49693251533742,36.50306748466258,16880064.57267,9442125.6008,64.12864758375362,35.87135241624639,0.27,count,2188.75
ETH,123349,2026-03-25 14:49:35,SHORT,MODERATE,327,206,121,62.99694189602446,37.00305810397553,16656312.74744,9176119.89381,64.47829741300748,35.52170258699252,0.26,count,2178.55
ETH,123495,2026-03-25 15:54:30,SHORT,MODERATE,321,201,120,62.616822429906534,37.38317757009346,16380117.6448,9040712.08489,64.43581039240827,35.564189607591736,0.252,count,2162.35
ETH,123643,2026-03-25 16:59:25,SHORT,MODERATE,316,200,116,63.29113924050633,36.708860759493675,16549269.02437,9035941.13852,64.68295127930527,35.31704872069473,0.266,count,2173.75
ETH,123718,2026-03-25 17:31:53,SHORT,MODERATE,315,197,118,62.53968253968254,37.46031746031746,16531829.42547,9094134.44568,64.51202970781411,35.487970292185885,0.251,count,2166.55
ETH,123863,2026-03-25 18:36:52,SHORT,MODERATE,312,194,118,62.17948717948718,37.82051282051282,16543792.78554,9169375.01099,64.33976908816575,35.66023091183425,0.244,count,2167.05
ETH,124008,2026-03-25 19:41:48,SHORT,MODERATE,314,195,119,62.101910828025474,37.898089171974526,16594792.380690001,9208644.06846,64.31233457370232,35.687665426297684,0.242,count,2174.05
ETH,124155,2026-03-25 20:46:43,SHORT,MODERATE,314,194,120,61.78343949044586,38.21656050955414,16553741.94278,9200324.04709,64.2762270986305,35.72377290136951,0.236,count,2164.25
ETH,124301,2026-03-25 21:51:38,SHORT,MODERATE,314,194,120,61.78343949044586,38.21656050955414,16533654.49152,9200721.277,64.24735008239472,35.75264991760528,0.236,count,2162.35
ETH,124442,2026-03-25 22:56:33,SHORT,MODERATE,319,200,119,62.695924764890286,37.30407523510972,16751126.7347,9186781.375909999,64.58164113800638,35.41835886199362,0.254,count,2172.15
ETH,124513,2026-03-25 23:29:01,SHORT,MODERATE,320,200,120,62.5,37.5,16744952.87504,9196134.61782,64.54992636545737,35.45007363454263,0.25,count,2172.55
ETH,124658,2026-03-26 00:33:56,SHORT,MODERATE,327,204,123,62.38532110091744,37.61467889908257,16662390.79392,9111212.80346,64.64905355964196,35.35094644035806,0.248,count,2167.05
ETH,124800,2026-03-26 01:38:52,SHORT,MODERATE,319,201,118,63.00940438871473,36.990595611285265,16651818.99506,9071774.60096,64.73364202751361,35.266357972486404,0.26,count,2165.85
ETH,124941,2026-03-26 02:43:47,SHORT,MODERATE,313,195,118,62.30031948881789,37.69968051118211,16176767.344,8876829.90979,64.56864130181086,35.43135869818915,0.246,count,2148.25
ETH,125083,2026-03-26 03:48:43,SHORT,MODERATE,317,199,118,62.77602523659306,37.22397476340694,16484536.03919,8983415.96579,64.726586715597,35.27341328440302,0.256,count,2149.95
ETH,125226,2026-03-26 04:53:39,SHORT,MODERATE,320,199,121,62.18749999999999,37.8125,16489244.05279,8942709.54828,64.83671805730349,35.1632819426965,0.244,count,2150.15
ETH,125370,2026-03-26 05:58:34,SHORT,MODERATE,310,188,122,60.64516129032258,39.35483870967742,16668423.77661,9428397.48273,63.87147159022061,36.12852840977939,0.213,count,2116.15
ETH,125439,2026-03-26 06:31:02,SHORT,MODERATE,319,195,124,61.12852664576802,38.87147335423197,16986915.81061,10278408.90404,62.302268498136456,37.697731501863544,0.223,count,2122.25
ETH,125581,2026-03-26 07:35:58,SHORT,MODERATE,314,193,121,61.46496815286624,38.53503184713376,16931464.30113,10254694.80236,62.27972195953358,37.72027804046642,0.229,count,2118.35
ETH,125724,2026-03-26 08:40:54,SHORT,MODERATE,319,194,125,60.81504702194357,39.18495297805642,16954174.2113,8627508.79391,66.2746630385776,33.7253369614224,0.216,count,2114.95
ETH,125867,2026-03-26 09:45:49,SHORT,MODERATE,295,177,118,60.0,40.0,15552866.14746,10288738.17627,60.18537375861766,39.81462624138235,0.2,count,2080.55
ETH,126010,2026-03-26 10:50:45,SHORT,MODERATE,302,184,118,60.9271523178808,39.0728476821192,15833690.59481,10216075.413,60.78246764313694,39.21753235686305,0.219,count,2076.55
ETH,126157,2026-03-26 11:40:53,SHORT,MODERATE,303,184,119,60.726072607260726,39.273927392739274,15309311.95467,10178822.06965,60.064467410844294,39.93553258915572,0.215,count,2071.95
ETH,126302,2026-03-26 12:46:01,SHORT,MODERATE,308,187,121,60.71428571428571,39.285714285714285,15355086.51204,9387553.83423,62.05920749421882,37.94079250578118,0.214,count,2072.05
ETH,126448,2026-03-26 13:51:10,SHORT,MODERATE,306,191,115,62.41830065359477,37.58169934640523,15844902.62147,4740528.58946,76.97143897115461,23.02856102884538,0.248,count,2083.35
ETH,126597,2026-03-26 14:56:15,SHORT,MODERATE,306,190,116,62.091503267973856,37.908496732026144,15657301.51776,4807567.38633,76.50819358354558,23.491806416454423,0.242,count,2071.45
ETH,126670,2026-03-26 15:28:50,SHORT,MODERATE,309,191,118,61.81229773462783,38.18770226537217,15116822.07271,4771592.33411,76.0081812631893,23.991818736810703,0.236,count,2067.25
ETH,126812,2026-03-26 16:33:51,SHORT,MODERATE,314,198,116,63.05732484076433,36.94267515923567,15150020.68719,4740782.60784,76.16595701278415,23.834042987215867,0.261,count,2065.25
ETH,126884,2026-03-26 17:06:24,SHORT,MODERATE,318,198,120,62.264150943396224,37.735849056603776,15159791.47855,4760804.40804,76.10109438922535,23.898905610774644,0.245,count,2064.25
ETH,127046,2026-03-27 08:55:34,SHORT,MODERATE,313,180,133,57.50798722044729,42.49201277955272,15751028.352049999,10510983.60017,59.97647240701419,40.0235275929858,0.15,count,2048.05
ETH,127119,2026-03-27 09:28:06,SHORT,MODERATE,311,178,133,57.234726688102896,42.765273311897104,15465031.13688,10523247.51564,59.50771631956626,40.49228368043373,0.145,count,2050.65
ETH,127274,2026-03-27 10:33:24,SHORT,MODERATE,319,179,140,56.112852664576806,43.8871473354232,15435923.73446,10821370.76365,58.78718287434784,41.21281712565216,0.122,count,2040.85
ETH,127418,2026-03-27 11:38:32,SHORT,MODERATE,306,173,133,56.5359477124183,43.4640522875817,15676895.32675,9961567.42977,61.14600346997513,38.85399653002487,0.131,count,1993.75
ETH,127575,2026-03-27 12:43:39,SHORT,MODERATE,309,169,140,54.69255663430421,45.307443365695796,14697936.53533,10065634.1349,59.35305829300055,40.64694170699944,0.094,count,1986.15
ETH,127717,2026-03-27 13:48:46,SHORT,MODERATE,314,175,139,55.73248407643312,44.26751592356688,14740260.50815,9740125.38107,60.21253331076334,39.78746668923666,0.115,count,1986.75
ETH,127862,2026-03-27 14:53:54,SHORT,MODERATE,316,176,140,55.69620253164557,44.303797468354425,14507851.93149,10415269.73039,58.21041251698341,41.78958748301658,0.114,count,1985.35
ETH,128004,2026-03-27 15:58:58,SHORT,MODERATE,313,179,134,57.18849840255591,42.81150159744409,14609958.01253,10217181.86037,58.84672212475615,41.15327787524385,0.144,count,1990.05
ETH,128079,2026-03-27 16:31:30,SHORT,MODERATE,313,180,133,57.50798722044729,42.49201277955272,14556219.88474,10178558.77128,58.84920211807627,41.15079788192372,0.15,count,1984.85
ETH,128226,2026-03-27 17:36:39,SHORT,MODERATE,312,178,134,57.05128205128205,42.94871794871795,14261222.74943,11242109.24455,55.91905697967751,44.08094302032249,0.141,count,1981.95
ETH,128369,2026-03-27 18:41:46,SHORT,MODERATE,313,182,131,58.146964856230035,41.853035143769965,14696900.55946,10702983.76079,57.86207674868397,42.13792325131603,0.163,count,1980.65
ETH,128446,2026-03-27 19:14:20,SHORT,MODERATE,316,181,135,57.27848101265823,42.721518987341774,14377757.80311,10802385.44712,57.099587004846256,42.900412995153744,0.146,count,1980.15
ETH,128514,2026-03-28 07:57:15,SHORT,MODERATE,319,186,133,58.307210031347964,41.692789968652036,15084573.95906,11190849.16832,57.40944260319559,42.59055739680442,0.166,count,2006.45
ETH,128587,2026-03-28 08:29:49,SHORT,MODERATE,321,190,131,59.19003115264797,40.809968847352025,15113817.36878,11138656.47771,57.57102152413245,42.428978475867545,0.184,count,2003.95
ETH,128737,2026-03-28 09:34:55,SHORT,MODERATE,321,192,129,59.813084112149525,40.18691588785047,15105503.47793,11098965.1485,57.64476163693123,42.35523836306878,0.196,count,1996.75
ETH,128880,2026-03-28 10:40:04,SHORT,MODERATE,314,190,124,60.509554140127385,39.490445859872615,15069561.74621,11101713.45687,57.580540609028176,42.41945939097183,0.21,count,1992.45
ETH,129037,2026-03-28 11:45:08,SHORT,MODERATE,321,188,133,58.56697819314641,41.43302180685358,15089382.67571,11121976.47519,57.56810468636796,42.43189531363205,0.171,count,1997.25
ETH,129197,2026-03-30 07:54:32,SHORT,MODERATE,303,162,141,53.46534653465347,46.53465346534654,14716856.30537,12936181.51545,53.2196730092694,46.7803269907306,0.069,count,2058.05
ETH,129343,2026-03-30 08:59:37,SHORT,MODERATE,308,165,143,53.57142857142857,46.42857142857143,14856467.537870001,12960976.02655,53.40701960431842,46.592980395681586,0.071,count,2061.85
ETH,129421,2026-03-30 09:32:09,SHORT,MODERATE,311,164,147,52.73311897106109,47.266881028938904,14768097.08682,12929457.698,53.31913665864051,46.68086334135948,0.055,count,2054.55
ETH,129569,2026-03-30 10:37:21,SHORT,MODERATE,309,161,148,52.103559870550164,47.896440129449836,14562814.89143,10920069.63362,57.147435083789546,42.852564916210454,0.042,count,2051.45
ETH,129707,2026-03-30 11:42:30,SHORT,MODERATE,299,161,138,53.84615384615385,46.15384615384615,14662866.16399,10776301.49954,57.63893834078117,42.36106165921883,0.077,count,2066.05
ETH,129849,2026-03-30 12:47:38,SHORT,MODERATE,307,169,138,55.048859934853425,44.951140065146575,14720304.65937,10710693.75283,57.88331398073713,42.11668601926287,0.101,count,2074.15
ETH,130002,2026-03-30 13:52:45,SHORT,MODERATE,311,167,144,53.69774919614147,46.30225080385852,14330018.21005,14015624.87535,50.55457082725693,49.44542917274307,0.074,count,2066.95
ETH,130157,2026-03-30 14:57:51,SHORT,MODERATE,307,160,147,52.11726384364821,47.88273615635179,14176962.80076,14416394.17302,49.58131643570295,50.41868356429705,0.042,count,2073.15
ETH,130230,2026-03-30 15:30:23,SHORT,MODERATE,315,163,152,51.746031746031754,48.25396825396825,14280895.50758,12601108.063860001,53.1243717367567,46.87562826324329,0.035,count,2066.55
ETH,130377,2026-03-30 16:35:29,SHORT,MODERATE,326,170,156,52.14723926380368,47.85276073619632,13980361.51732,12587598.46137,52.62113285526463,47.37886714473538,0.043,count,2063.55
ETH,130527,2026-03-30 17:40:33,SHORT,MODERATE,314,160,154,50.955414012738856,49.044585987261144,13495635.94482,12650328.07588,51.6165169283312,48.383483071668806,0.019,count,2041.25
ETH,130664,2026-03-31 07:45:53,SHORT,MODERATE,306,160,146,52.28758169934641,47.712418300653596,13880649.39268,13949404.945150001,49.87647247893344,50.12352752106657,0.046,count,2054.75
ETH,130807,2026-03-31 08:51:02,SHORT,MODERATE,304,159,145,52.30263157894737,47.69736842105263,13509694.22313,13895835.21576,49.29550532221785,50.704494677782144,0.046,count,2041.85
ETH,130952,2026-03-31 09:56:08,SHORT,MODERATE,303,157,146,51.81518151815182,48.18481848184818,13287511.38744,13723234.77822,49.19342585334803,50.80657414665196,0.036,count,2016.15
ETH,131036,2026-03-31 10:28:40,SHORT,MODERATE,298,153,145,51.34228187919463,48.65771812080537,13273321.27678,13710077.45455,49.190694652444044,50.809305347555956,0.027,count,2025.35
ETH,131173,2026-03-31 11:33:50,SHORT,MODERATE,305,161,144,52.78688524590164,47.21311475409836,13138693.6294,21133930.38635,38.33582635330784,61.664173646692156,0.056,count,2035.35
ETH,131320,2026-03-31 12:37:16,SHORT,MODERATE,302,158,144,52.317880794701985,47.682119205298015,13203421.03328,16949896.0281,43.787623784153354,56.212376215846646,0.046,count,2054.45
ETH,131465,2026-03-31 13:42:12,SHORT,MODERATE,302,161,141,53.31125827814569,46.688741721854306,13824574.20118,16235453.03211,45.98989247045646,54.01010752954354,0.066,count,2063.75
ETH,131606,2026-03-31 14:47:08,SHORT,MODERATE,292,162,130,55.47945205479452,44.52054794520548,14763749.66354,15699079.53367,48.464801374693614,51.535198625306386,0.11,count,2064.75
ETH,131759,2026-03-31 15:52:04,SHORT,MODERATE,305,166,139,54.42622950819672,45.57377049180328,14489798.18728,15649301.8989,48.076412851902504,51.923587148097496,0.089,count,2061.9
ETH,131900,2026-04-01 07:37:42,SHORT,MODERATE,314,182,132,57.961783439490446,42.038216560509554,16434422.63472,10443459.31266,61.14478315997661,38.85521684002339,0.159,count,2139.95
ETH,132046,2026-04-01 08:42:51,SHORT,MODERATE,315,184,131,58.41269841269842,41.58730158730159,16136589.95763,11483012.62772,58.42441037217956,41.57558962782044,0.168,count,2137.65
ETH,132188,2026-04-01 09:47:57,SHORT,MODERATE,318,191,127,60.062893081761004,39.937106918238996,15850394.31066,11504220.781369999,57.94413212298552,42.05586787701448,0.201,count,2130.95
ETH,132337,2026-04-01 10:53:01,SHORT,MODERATE,323,194,129,60.06191950464397,39.93808049535604,15912318.16963,11473246.07341,58.104766542007944,41.89523345799204,0.201,count,2134.15
ETH,132492,2026-04-01 11:58:08,SHORT,MODERATE,325,195,130,60.0,40.0,16197893.46702,11435269.18433,58.617588118270135,41.38241188172986,0.2,count,2134.95
ETH,132568,2026-04-01 12:30:39,SHORT,MODERATE,326,197,129,60.42944785276073,39.57055214723926,16251939.11303,11410341.04636,58.75126352342021,41.2487364765798,0.209,count,2133.15
ETH,132713,2026-04-01 13:35:49,SHORT,MODERATE,321,198,123,61.6822429906542,38.31775700934579,16981211.67903,10510625.64847,61.76819496179598,38.23180503820402,0.234,count,2128.15
ETH,132865,2026-04-01 14:40:57,SHORT,MODERATE,324,199,125,61.419753086419746,38.58024691358025,16547132.49998,11539091.6093,58.91547555697473,41.08452444302528,0.228,count,2117.55
ETH,133015,2026-04-01 15:46:14,SHORT,MODERATE,334,203,131,60.778443113772454,39.221556886227546,16885059.61844,11568584.02685,59.342345848332236,40.657654151667764,0.216,count,2133.25
ETH,133177,2026-04-02 07:56:06,SHORT,MODERATE,319,181,138,56.739811912225704,43.260188087774296,14702084.57091,12702265.426959999,53.64872573898931,46.35127426101068,0.135,count,2054.55
ETH,133253,2026-04-02 08:28:41,SHORT,MODERATE,319,180,139,56.42633228840125,43.573667711598745,14651053.90829,12641419.33985,53.6816644467664,46.3183355532336,0.129,count,2047.25
ETH,133418,2026-04-02 09:33:48,SHORT,MODERATE,316,166,150,52.53164556962025,47.46835443037975,14589918.99781,12757618.97398,53.35002738769406,46.64997261230593,0.051,count,2045.05
ETH,133566,2026-04-02 10:38:55,SHORT,MODERATE,308,162,146,52.5974025974026,47.4025974025974,14487063.66579,13115217.4037,52.48502335483853,47.514976645161475,0.052,count,2036.95
ETH,133710,2026-04-02 11:44:07,SHORT,MODERATE,309,165,144,53.398058252427184,46.601941747572816,14930974.05163,12380577.677000001,54.66907995556416,45.33092004443585,0.068,count,2033.65
ETH,133863,2026-04-02 12:49:14,SHORT,MODERATE,312,160,152,51.28205128205128,48.717948717948715,14888086.8288,12660936.46336,54.0421584856582,45.957841514341794,0.026,count,2027.75
ETH,134010,2026-04-02 13:54:20,SHORT,MODERATE,312,163,149,52.243589743589745,47.756410256410255,14769410.41371,12665403.66955,53.83455622803693,46.16544377196307,0.045,count,2029.15
ETH,134155,2026-04-02 14:59:26,SHORT,MODERATE,311,169,142,54.340836012861736,45.659163987138264,15392248.88873,11944273.05323,56.30653717181109,43.69346282818892,0.087,count,2064.45
ETH,134231,2026-04-02 15:31:58,SHORT,MODERATE,315,170,145,53.96825396825397,46.03174603174603,15164617.89502,12226089.05897,55.364098197585854,44.635901802414146,0.079,count,2052.85
ETH,134376,2026-04-03 07:44:55,SHORT,MODERATE,315,172,143,54.6031746031746,45.3968253968254,15148155.8649,12724928.7108,54.34689448797603,45.65310551202397,0.092,count,2067.95
ETH,134524,2026-04-03 08:50:00,SHORT,MODERATE,315,171,144,54.285714285714285,45.714285714285715,15032087.876219999,12653052.97055,54.296591660554185,45.703408339445815,0.086,count,2060.65
ETH,134674,2026-04-03 09:55:12,SHORT,MODERATE,317,171,146,53.94321766561514,46.05678233438486,15024017.55427,12644327.20639,54.30038437149941,45.69961562850059,0.079,count,2059.35
ETH,134756,2026-04-03 10:27:43,SHORT,MODERATE,317,169,148,53.31230283911672,46.68769716088328,14989906.50898,12615028.00708,54.3015470667361,45.698452933263894,0.066,count,2056.35
ETH,134899,2026-04-03 11:32:51,SHORT,MODERATE,317,172,145,54.25867507886435,45.74132492113564,15047026.71184,12622441.68206,54.38133648840634,45.61866351159366,0.085,count,2061.55
ETH,135049,2026-04-03 12:37:56,SHORT,MODERATE,316,172,144,54.43037974683544,45.56962025316456,15085052.2586,12617679.37877,54.45330249761653,45.54669750238348,0.089,count,2057.45
ETH,135198,2026-04-03 13:43:04,SHORT,MODERATE,320,173,147,54.0625,45.9375,15108640.23505,12506128.37078,54.71217394832807,45.28782605167193,0.081,count,2046.35
ETH,135345,2026-04-03 14:48:16,SHORT,MODERATE,315,172,143,54.6031746031746,45.3968253968254,15060378.71835,12631326.00675,54.385885115621434,45.61411488437856,0.092,count,2051.25
ETH,135494,2026-04-03 15:53:28,SHORT,MODERATE,320,175,145,54.6875,45.3125,15139286.192359999,12678901.76076,54.42225862400942,45.57774137599058,0.094,count,2050.65
ETH,135570,2026-04-03 16:26:02,SHORT,MODERATE,321,174,147,54.20560747663551,45.794392523364486,15202022.31005,12780452.995129999,54.32693907259829,45.67306092740171,0.084,count,2053.65
ETH,135691,2026-04-08 08:38:05,SHORT,MODERATE,310,197,113,63.54838709677419,36.45161290322581,18265481.47647,5504250.38103,76.84344773416845,23.156552265831547,0.271,count,2253.55
ETH,135837,2026-04-08 09:43:07,SHORT,MODERATE,312,196,116,62.82051282051282,37.17948717948718,18302668.40224,5397109.26241,77.22717344112391,22.772826558876094,0.256,count,2247.95
ETH,135980,2026-04-08 10:48:06,SHORT,MODERATE,315,200,115,63.49206349206349,36.507936507936506,18136321.06837,5434196.36587,76.94494242211269,23.055057577887318,0.27,count,2245.85
ETH,136125,2026-04-08 11:53:11,SHORT,MODERATE,319,199,120,62.38244514106584,37.61755485893417,18308612.68724,5713474.40035,76.21574520349806,23.784254796501948,0.248,count,2247.65
ETH,136262,2026-04-08 12:58:14,SHORT,MODERATE,323,205,118,63.46749226006192,36.53250773993808,18747908.82228,5980108.91392,75.8164646365262,24.183535363473798,0.269,count,2257.55
ETH,136334,2026-04-08 13:30:46,SHORT,MODERATE,314,199,115,63.37579617834395,36.624203821656046,18766948.81187,5993813.93424,75.79309653866925,24.206903461330768,0.268,count,2254.25
ETH,136479,2026-04-08 14:35:51,SHORT,MODERATE,302,191,111,63.24503311258278,36.75496688741722,17325104.23087,6701149.61682,72.10905345751901,27.89094654248099,0.265,count,2204.05
ETH,136619,2026-04-08 15:40:52,SHORT,MODERATE,304,196,108,64.47368421052632,35.526315789473685,17923637.799399998,6122135.76853,74.53965974005871,25.460340259941276,0.289,count,2212.55
ETH,136761,2026-04-08 16:45:56,SHORT,MODERATE,309,197,112,63.75404530744336,36.24595469255664,17648183.24798,5827700.53777,75.17579916924171,24.824200830758283,0.275,count,2216.65
ETH,136907,2026-04-08 17:51:02,SHORT,MODERATE,319,201,118,63.00940438871473,36.990595611285265,18095544.45567,6304197.74222,74.16285102075724,25.83714897924276,0.26,count,2231.95
ETH,137050,2026-04-09 07:50:24,SHORT,MODERATE,307,199,108,64.82084690553745,35.17915309446254,16761404.50132,6365350.05153,72.47625023656606,27.52374976343394,0.296,count,2180.15
ETH,137192,2026-04-09 08:55:30,SHORT,MODERATE,306,200,106,65.359477124183,34.64052287581699,16823960.11505,6231171.4768199995,72.97273515013327,27.02726484986673,0.307,count,2185.6
ETH,137264,2026-04-09 09:28:04,SHORT,MODERATE,309,201,108,65.0485436893204,34.95145631067961,16804884.26999,6384836.47554,72.46695401982912,27.53304598017088,0.301,count,2183.35
ETH,137406,2026-04-09 10:33:10,SHORT,MODERATE,304,199,105,65.46052631578947,34.53947368421053,16934272.56052,7681321.05861,68.79489815496278,31.20510184503722,0.309,count,2190.05
ETH,137555,2026-04-09 11:38:15,SHORT,MODERATE,300,197,103,65.66666666666666,34.333333333333336,16755803.63461,7563556.02389,68.89903299223415,31.10096700776584,0.313,count,2177.85
ETH,137708,2026-04-09 12:43:24,SHORT,MODERATE,301,196,105,65.11627906976744,34.883720930232556,16814322.60536,7716091.61473,68.54479689784182,31.45520310215817,0.302,count,2182.95
ETH,137867,2026-04-09 13:48:31,SHORT,MODERATE,301,195,106,64.78405315614619,35.21594684385382,16704943.72024,7867263.38126,67.98308207006872,32.016917929931275,0.296,count,2161.55
ETH,138022,2026-04-09 14:53:36,SHORT,MODERATE,302,196,106,64.90066225165563,35.099337748344375,17135568.89137,7872636.44404,68.5197864522775,31.480213547722503,0.298,count,2177.35
ETH,138171,2026-04-09 15:58:42,SHORT,MODERATE,301,202,99,67.109634551495,32.89036544850498,17803099.46204,5527327.85861,76.30850141472673,23.69149858527326,0.342,count,2216.35
ETH,138250,2026-04-09 16:31:16,SHORT,MODERATE,305,201,104,65.90163934426229,34.0983606557377,17740757.4155,5990405.42041,74.75721918124755,25.242780818752454,0.318,count,2208.45
ETH,138400,2026-04-09 17:36:22,SHORT,MODERATE,301,198,103,65.78073089700996,34.21926910299003,17479400.68888,5718000.71695,75.35068425589711,24.649315744102896,0.316,count,2212.55
ETH,138552,2026-04-09 18:41:29,SHORT,MODERATE,300,198,102,66.0,34.0,17239696.09284,6625110.92141,72.23899226398916,27.761007736010836,0.32,count,2204.65
ETH,138703,2026-04-09 19:46:45,SHORT,MODERATE,301,199,102,66.11295681063123,33.88704318936877,18333833.08594,6580087.84312,73.58871025618099,26.411289743819005,0.322,count,2218.85
ETH,138855,2026-04-09 20:51:53,SHORT,MODERATE,302,200,102,66.22516556291392,33.77483443708609,18420214.13785,6561743.67837,73.73406949670827,26.265930503291724,0.325,count,2210.75
ETH,139005,2026-04-09 21:57:01,SHORT,MODERATE,305,201,104,65.90163934426229,34.0983606557377,18600297.87052,6545689.46524,73.9692485411722,26.0307514588278,0.318,count,2210.45
ETH,139080,2026-04-09 22:29:35,SHORT,MODERATE,295,198,97,67.11864406779661,32.88135593220339,18710099.63942,6555552.41637,74.05349997738254,25.946500022617453,0.342,count,2220.0
ETH,139232,2026-04-09 23:34:44,SHORT,MODERATE,294,193,101,65.64625850340136,34.35374149659864,18343265.73126,6580040.52294,73.59884577179182,26.401154228208192,0.313,count,2186.15
ETH,139383,2026-04-10 00:39:49,SHORT,MODERATE,294,192,102,65.3061224489796,34.69387755102041,18189216.65449,6515788.30676,73.62563449398183,26.374365506018183,0.306,count,2189.45
ETH,139538,2026-04-10 01:44:57,SHORT,MODERATE,297,191,106,64.3097643097643,35.69023569023569,18243374.41048,6467621.89764,73.82694806394856,26.173051936051433,0.286,count,2198.85
ETH,139686,2026-04-10 02:50:01,SHORT,MODERATE,300,194,106,64.66666666666666,35.333333333333336,18000620.50247,6465914.05164,73.57241567112811,26.427584328871887,0.293,count,2189.15
ETH,139837,2026-04-10 03:55:06,SHORT,MODERATE,301,195,106,64.78405315614619,35.21594684385382,18015117.33191,6473477.95619,73.5653357000198,26.43466429998018,0.296,count,2185.65
ETH,139915,2026-04-10 04:27:42,SHORT,MODERATE,300,194,106,64.66666666666666,35.333333333333336,18062623.49985,6476760.91848,73.60666914838293,26.39333085161705,0.293,count,2190.85
ETH,140063,2026-04-10 05:32:46,SHORT,MODERATE,299,193,106,64.54849498327759,35.45150501672241,18101490.49731,5420641.70471,76.95514310456731,23.044856895432694,0.291,count,2199.5
ETH,140216,2026-04-10 06:37:52,SHORT,MODERATE,302,196,106,64.90066225165563,35.099337748344375,17995712.69442,5364096.68277,77.03706996852533,22.962930031474677,0.298,count,2187.15
ETH,140370,2026-04-10 07:43:01,SHORT,MODERATE,306,199,107,65.0326797385621,34.967320261437905,17917296.15375,6237937.24054,74.17562836708267,25.824371632917327,0.301,count,2183.85
ETH,140521,2026-04-10 08:48:06,SHORT,MODERATE,302,195,107,64.56953642384106,35.430463576158935,18284174.83632,5967501.26591,75.39344810331986,24.606551896680138,0.291,count,2182.75
ETH,140667,2026-04-10 09:53:11,SHORT,MODERATE,305,199,106,65.24590163934427,34.75409836065574,18415398.84538,5896432.93736,75.74665294638092,24.253347053619084,0.305,count,2192.95
ETH,140814,2026-04-10 10:58:17,SHORT,MODERATE,303,202,101,66.66666666666666,33.33333333333333,18542323.9619,5881615.93244,75.91864392933998,24.081356070660018,0.333,count,2196.55
ETH,140887,2026-04-10 11:30:54,SHORT,MODERATE,300,203,97,67.66666666666666,32.33333333333333,18642870.65523,5526650.5568,77.1338020794173,22.866197920582707,0.353,count,2217.45
ETH,141036,2026-04-10 12:36:01,SHORT,MODERATE,313,211,102,67.41214057507987,32.587859424920126,18778782.77132,5589173.65778,77.06342887618817,22.936571123811834,0.348,count,2218.45
ETH,141190,2026-04-10 13:41:10,SHORT,MODERATE,314,209,105,66.56050955414013,33.43949044585987,18721113.64312,5804042.14063,76.33433119933261,23.6656688006674,0.331,count,2209.45
ETH,141343,2026-04-10 14:46:18,SHORT,MODERATE,310,205,105,66.12903225806451,33.87096774193548,19268420.30765,6076500.0138,76.02478154702537,23.97521845297464,0.323,count,2239.85
ETH,141497,2026-04-10 15:51:23,SHORT,MODERATE,311,202,109,64.95176848874597,35.048231511254016,18731545.89167,6491332.08438,74.26411018384283,25.735889816157165,0.299,count,2226.95
ETH,141641,2026-04-10 16:56:29,SHORT,MODERATE,313,207,106,66.13418530351439,33.86581469648562,18709192.27787,6514269.56666,74.17376882359747,25.826231176402516,0.323,count,2242.35
ETH,141715,2026-04-10 17:29:04,SHORT,MODERATE,318,212,106,66.66666666666666,33.33333333333333,18832697.03787,6520799.21161,74.28047340120303,25.719526598796964,0.333,count,2243.85
ETH,141870,2026-04-10 18:34:10,SHORT,MODERATE,317,207,110,65.29968454258676,34.70031545741325,18784965.73388,6538977.82304,74.17867478521856,25.821325214781428,0.306,count,2246.15
ETH,142021,2026-04-10 19:39:19,SHORT,MODERATE,316,207,109,65.50632911392405,34.49367088607595,19234657.3995,6619141.807680001,74.3977983481756,25.602201651824398,0.31,count,2244.05
ETH,142174,2026-04-10 20:44:31,SHORT,MODERATE,315,202,113,64.12698412698413,35.87301587301587,19264699.96875,6701798.12992,74.1905970360198,25.80940296398021,0.283,count,2244.85
ETH,142322,2026-04-10 21:49:39,SHORT,MODERATE,312,201,111,64.42307692307693,35.57692307692308,19301998.66409,6726485.36223,74.15721424487045,25.842785755129572,0.288,count,2249.05
ETH,142472,2026-04-10 22:54:40,SHORT,MODERATE,311,198,113,63.665594855305464,36.33440514469453,18936623.1242,6776311.29664,73.64629339563871,26.353706604361292,0.273,count,2241.15
ETH,142620,2026-04-10 23:59:46,SHORT,MODERATE,313,199,114,63.578274760383394,36.42172523961661,18923172.28809,6842606.53749,73.44304403212246,26.556955967877556,0.272,count,2244.05
ETH,142697,2026-04-11 00:32:21,SHORT,MODERATE,311,198,113,63.665594855305464,36.33440514469453,18894359.26751,6910853.88762,73.2191559663744,26.780844033625602,0.273,count,2236.15
ETH,142849,2026-04-11 01:37:26,SHORT,MODERATE,312,196,116,62.82051282051282,37.17948717948718,18910003.8208,7047118.34994,72.85092583227959,27.149074167720403,0.256,count,2239.35
ETH,143000,2026-04-11 02:42:32,SHORT,MODERATE,315,200,115,63.49206349206349,36.507936507936506,19188357.42707,7064065.7442499995,73.09175728979073,26.908242710209258,0.27,count,2246.85
ETH,143150,2026-04-11 03:47:40,SHORT,MODERATE,317,204,113,64.35331230283911,35.646687697160885,19240005.58077,6972347.35049,73.4005284883258,26.599471511674196,0.287,count,2243.55
ETH,143299,2026-04-11 04:52:49,SHORT,MODERATE,314,201,113,64.01273885350318,35.98726114649681,19227185.3247,6961764.79845,73.41716729493454,26.582832705065456,0.28,count,2239.95
ETH,143448,2026-04-11 05:57:53,SHORT,MODERATE,312,198,114,63.46153846153846,36.53846153846153,19015129.35875,6968515.62952,73.18114670722352,26.818853292776478,0.269,count,2232.05
ETH,143526,2026-04-11 06:30:26,SHORT,MODERATE,309,195,114,63.10679611650486,36.89320388349515,18869434.79407,6811093.21974,73.47759665970554,26.522403340294463,0.262,count,2230.45
ETH,143677,2026-04-11 07:35:29,SHORT,MODERATE,314,197,117,62.738853503184714,37.261146496815286,18905881.42115,6832381.9941,73.45437847196872,26.545621528031266,0.255,count,2233.75
ETH,143834,2026-04-11 08:40:38,SHORT,MODERATE,314,195,119,62.101910828025474,37.898089171974526,18904032.60947,6866760.41751,73.35448540399577,26.64551459600425,0.242,count,2232.05
ETH,143908,2026-04-11 09:13:10,SHORT,MODERATE,315,197,118,62.53968253968254,37.46031746031746,18902719.36062,6858637.9135,73.37625560439618,26.623744395603815,0.251,count,2232.85
ETH,144045,2026-04-13 08:53:18,SHORT,MODERATE,296,189,107,63.85135135135135,36.14864864864865,16308253.22765,5183554.68094,75.8812534385802,24.118746561419805,0.277,count,2181.65
ETH,144191,2026-04-13 09:58:35,SHORT,MODERATE,296,188,108,63.51351351351351,36.486486486486484,16415219.83723,5101753.77503,76.28963130705748,23.71036869294253,0.27,count,2186.85
ETH,144261,2026-04-13 10:31:17,SHORT,MODERATE,299,191,108,63.87959866220736,36.12040133779264,16372389.46896,5069177.13531,76.35817741833988,23.64182258166012,0.278,count,2182.45
ETH,144406,2026-04-13 11:36:28,SHORT,MODERATE,300,191,109,63.66666666666667,36.333333333333336,16389507.67182,7167969.40687,69.57242329929245,30.427576700707547,0.273,count,2184.85
ETH,144548,2026-04-13 12:41:33,SHORT,MODERATE,301,194,107,64.45182724252491,35.548172757475086,16351251.95959,7032510.4664,69.92566748546982,30.074332514530173,0.289,count,2177.85
ETH,144693,2026-04-13 13:46:38,SHORT,MODERATE,304,198,106,65.13157894736842,34.868421052631575,17164873.994429998,7157536.34483,70.57225725167268,29.42774274832733,0.303,count,2184.55
ETH,144834,2026-04-13 14:51:41,SHORT,MODERATE,305,201,104,65.90163934426229,34.0983606557377,18577934.61322,7689391.597,70.72640155506868,29.273598444931327,0.318,count,2218.25
ETH,144984,2026-04-13 15:56:42,SHORT,MODERATE,312,198,114,63.46153846153846,36.53846153846153,17922944.14137,5716550.4420799995,75.8177975341226,24.1822024658774,0.269,count,2207.65
ETH,145059,2026-04-13 16:29:14,SHORT,MODERATE,309,197,112,63.75404530744336,36.24595469255664,17838536.05639,5495910.19807,76.44722253899833,23.552777461001657,0.275,count,2224.35
ETH,145132,2026-04-13 17:01:48,SHORT,MODERATE,314,197,117,62.738853503184714,37.261146496815286,18125630.49066,5670300.91522,76.1711327096074,23.8288672903926,0.255,count,2222.7
ETH,145280,2026-04-14 07:47:10,SHORT,MODERATE,314,194,120,61.78343949044586,38.21656050955414,30438280.69234,7253793.21977,80.75512311504981,19.244876884950195,0.236,count,2370.65
ETH,145431,2026-04-14 08:52:20,SHORT,MODERATE,313,190,123,60.70287539936102,39.29712460063898,31103018.11466,7590611.02285,80.38278860875423,19.61721139124576,0.214,count,2387.65
ETH,145578,2026-04-14 09:57:26,SHORT,MODERATE,317,193,124,60.88328075709779,39.11671924290221,20591084.62439,7520600.00443,73.24742325573791,26.75257674426209,0.218,count,2386.95
ETH,145651,2026-04-14 10:29:58,SHORT,MODERATE,319,195,124,61.12852664576802,38.87147335423197,20708393.95132,7487286.37051,73.44527145630495,26.55472854369505,0.223,count,2382.1
ETH,145797,2026-04-14 11:35:07,SHORT,MODERATE,309,184,125,59.54692556634305,40.45307443365696,18411222.25435,7516884.42354,71.00874152932282,28.991258470677177,0.191,count,2367.95
ETH,145941,2026-04-14 12:40:15,SHORT,MODERATE,318,188,130,59.11949685534591,40.88050314465409,18743357.80077,7614903.19759,71.10999394814476,28.890006051855227,0.182,count,2373.55
ETH,146086,2026-04-14 13:45:21,SHORT,MODERATE,316,194,122,61.39240506329114,38.607594936708864,19284266.65605,7525146.75136,71.93095336699876,28.069046633001243,0.228,count,2386.35
ETH,146222,2026-04-14 14:50:29,SHORT,MODERATE,309,203,106,65.69579288025889,34.3042071197411,21212087.69672,5690230.47222,78.84854964361531,21.15145035638468,0.314,count,2360.55
ETH,146371,2026-04-14 15:55:32,SHORT,MODERATE,303,193,110,63.6963696369637,36.303630363036305,22597857.47196,5481483.77259,80.47858842253318,19.52141157746682,0.274,count,2367.15
ETH,146448,2026-04-14 16:28:08,SHORT,MODERATE,309,193,116,62.45954692556634,37.54045307443366,22145194.3529,5610402.04999,79.7864114733783,20.21358852662171,0.249,count,2353.35
ETH,146595,2026-04-14 17:33:16,SHORT,MODERATE,310,190,120,61.29032258064516,38.70967741935484,20813335.92889,6803932.53469,75.36348482956372,24.636515170436272,0.226,count,2332.55
ETH,146735,2026-04-14 18:38:20,SHORT,MODERATE,312,192,120,61.53846153846154,38.46153846153847,20864015.15978,7035777.51387,74.78197205201832,25.218027947981668,0.231,count,2325.05
ETH,146877,2026-04-14 19:43:31,SHORT,MODERATE,315,192,123,60.952380952380956,39.04761904761905,19990865.76285,6931514.12141,74.2537095486775,25.74629045132249,0.219,count,2309.35
ETH,147014,2026-04-14 20:48:43,SHORT,MODERATE,312,194,118,62.17948717948718,37.82051282051282,19937220.05906,5378600.53444,78.75399489984935,21.246005100150654,0.244,count,2313.55
ETH,147156,2026-04-14 21:53:47,SHORT,MODERATE,320,199,121,62.18749999999999,37.8125,20230278.85652,6697144.00249,75.12890840851814,24.871091591481857,0.244,count,2321.65
ETH,147295,2026-04-14 22:58:51,SHORT,MODERATE,322,204,118,63.35403726708074,36.64596273291926,21386866.27048,6863342.3262,75.70516230805252,24.294837691947478,0.267,count,2314.65
ETH,147364,2026-04-14 23:31:28,SHORT,MODERATE,322,205,117,63.66459627329193,36.33540372670808,21776525.943549998,7298771.56157,74.89700127647971,25.102998723520294,0.273,count,2320.35
ETH,147502,2026-04-15 00:36:34,SHORT,MODERATE,315,208,107,66.03174603174602,33.96825396825397,21942171.80291,7110578.724789999,75.52528213116861,24.474717868831398,0.321,count,2332.95
ETH,147648,2026-04-15 01:41:40,SHORT,MODERATE,318,211,107,66.35220125786164,33.64779874213836,21996456.81245,7136424.63638,75.50388330479886,24.496116695201135,0.327,count,2334.75
ETH,147793,2026-04-15 02:46:48,SHORT,MODERATE,319,212,107,66.4576802507837,33.5423197492163,20377739.09191,7100372.79788,74.15989560578842,25.840104394211576,0.329,count,2320.25
ETH,147944,2026-04-15 03:51:58,SHORT,MODERATE,316,209,107,66.13924050632912,33.860759493670884,20160673.93002,6880172.39413,74.55637182485164,25.443628175148366,0.323,count,2324.45
ETH,148093,2026-04-15 04:57:07,SHORT,MODERATE,317,209,108,65.93059936908517,34.06940063091483,20146972.21111,6918587.26277,74.43767135334157,25.562328646658422,0.319,count,2332.15
ETH,148170,2026-04-15 05:29:42,SHORT,MODERATE,318,206,112,64.77987421383648,35.22012578616352,19950948.28196,6911806.88551,74.26992561850099,25.730074381499012,0.296,count,2320.85
ETH,148316,2026-04-15 06:34:47,SHORT,MODERATE,321,206,115,64.17445482866043,35.82554517133956,19686219.26062,6966655.60931,73.86152284393967,26.138477156060336,0.283,count,2316.45
ETH,148461,2026-04-15 07:39:55,SHORT,MODERATE,318,204,114,64.15094339622641,35.84905660377358,19579076.18206,6945928.86493,73.81365676415504,26.186343235844962,0.283,count,2310.95
ETH,148605,2026-04-15 08:59:48,SHORT,MODERATE,312,203,109,65.06410256410257,34.93589743589743,19689361.23333,6898124.03622,74.05499630263922,25.94500369736078,0.301,count,2326.15
ETH,148683,2026-04-15 09:32:25,SHORT,MODERATE,315,201,114,63.8095238095238,36.19047619047619,19612298.67776,6899670.17273,73.9752629778664,26.024737022133603,0.276,count,2320.65
ETH,148832,2026-04-15 10:37:30,SHORT,MODERATE,315,199,116,63.17460317460317,36.82539682539683,19556599.42154,6885835.72998,73.95914676343953,26.040853236560473,0.263,count,2312.75
ETH,148978,2026-04-15 11:42:40,SHORT,MODERATE,318,204,114,64.15094339622641,35.84905660377358,19742192.20982,6921792.35178,74.04066771870103,25.959332281298963,0.283,count,2324.95
ETH,149129,2026-04-15 12:47:47,SHORT,MODERATE,322,202,120,62.732919254658384,37.267080745341616,19753799.47761,7530664.93299,72.39944013684088,27.600559863159123,0.255,count,2334.05
ETH,149281,2026-04-15 13:52:54,SHORT,MODERATE,330,202,128,61.212121212121204,38.78787878787879,19755173.48077,7703185.94252,71.94593521131416,28.05406478868584,0.224,count,2318.35
ETH,149425,2026-04-15 14:58:00,SHORT,MODERATE,317,202,115,63.722397476340696,36.27760252365931,19711270.21506,7565821.42077,72.26309343466856,27.73690656533142,0.274,count,2336.55
ETH,149500,2026-04-15 15:30:34,SHORT,MODERATE,319,202,117,63.322884012539184,36.677115987460816,20342121.62247,7481491.537719999,73.11099929888147,26.889000701118544,0.266,count,2330.95
ETH,149645,2026-04-15 16:35:37,SHORT,MODERATE,317,208,109,65.61514195583597,34.38485804416404,20996382.20752,5451452.33039,79.38790670148835,20.61209329851166,0.312,count,2344.15
ETH,149722,2026-04-15 17:08:18,SHORT,MODERATE,314,205,109,65.28662420382165,34.71337579617834,21018936.88811,5527114.93478,79.17914508848315,20.820854911516847,0.306,count,2344.65
ETH,149874,2026-04-16 07:35:42,SHORT,MODERATE,303,200,103,66.006600660066,33.993399339933994,22132661.28674,5161716.04466,81.08872028114796,18.911279718852054,0.32,count,2350.65
ETH,150019,2026-04-16 08:41:01,SHORT,MODERATE,300,197,103,65.66666666666666,34.333333333333336,21230698.37869,5105922.69613,80.61284064639679,19.38715935360321,0.313,count,2340.05
ETH,150166,2026-04-16 09:46:07,SHORT,MODERATE,304,203,101,66.77631578947368,33.223684210526315,21204779.24273,5142445.8253,80.4820211159926,19.5179788840074,0.336,count,2338.85
ETH,150320,2026-04-16 10:51:22,SHORT,MODERATE,302,201,101,66.55629139072848,33.443708609271525,21122965.5305,4546868.55171,82.28711359353458,17.712886406465415,0.331,count,2328.85
ETH,150468,2026-04-16 11:56:29,SHORT,MODERATE,301,202,99,67.109634551495,32.89036544850498,21167707.78369,4528873.423,82.37557990079658,17.624420099203416,0.342,count,2333.55
ETH,150542,2026-04-16 12:29:02,SHORT,MODERATE,297,202,95,68.01346801346801,31.986531986531986,21633910.94221,4495895.91603,82.7939948411359,17.206005158864098,0.36,count,2337.75
ETH,150692,2026-04-16 13:34:11,SHORT,MODERATE,296,204,92,68.91891891891892,31.08108108108108,22114261.61601,4223549.78274,83.96393034031502,16.036069659684976,0.378,count,2342.65
ETH,150849,2026-04-16 14:39:18,SHORT,MODERATE,296,198,98,66.8918918918919,33.108108108108105,19602781.78449,4972281.51831,79.76696353924153,20.233036460758477,0.338,count,2299.25
ETH,151004,2026-04-16 15:44:24,SHORT,MODERATE,290,198,92,68.27586206896552,31.724137931034484,20536528.34034,3847928.22712,84.21974991948397,15.780250080516018,0.366,count,2337.35
ETH,151156,2026-04-16 16:49:30,SHORT,MODERATE,292,196,96,67.12328767123287,32.87671232876712,20771584.61742,3790205.7295,84.56869114194974,15.431308858050263,0.342,count,2321.25
ETH,151231,2026-04-17 07:33:18,SHORT,MODERATE,302,206,96,68.21192052980133,31.788079470198678,20227138.6177,4835306.75146,80.70696342580372,19.293036574196275,0.364,count,2334.85
ETH,151381,2026-04-17 08:38:18,SHORT,MODERATE,304,211,93,69.4078947368421,30.592105263157894,20458952.21262,5138206.1799800005,79.9266539622405,20.07334603775952,0.388,count,2347.95
ETH,151537,2026-04-17 09:43:16,SHORT,MODERATE,299,207,92,69.23076923076923,30.76923076923077,20374834.20306,5089169.85223,80.01425918257048,19.985740817429512,0.385,count,2352.35
ETH,151695,2026-04-17 10:48:11,SHORT,MODERATE,306,209,97,68.30065359477125,31.699346405228756,20177709.19836,5143143.57096,79.68811075276388,20.311889247236124,0.366,count,2339.45
ETH,151851,2026-04-17 11:53:07,SHORT,MODERATE,307,210,97,68.40390879478826,31.596091205211724,20266080.17037,5062196.03988,80.0136574717572,19.9863425282428,0.368,count,2354.65
ETH,152003,2026-04-17 12:58:03,SHORT,MODERATE,308,215,93,69.8051948051948,30.1948051948052,22060917.76246,4437410.61183,83.25399795356375,16.746002046436246,0.396,count,2368.05
ETH,152078,2026-04-17 13:30:31,SHORT,STRONG,302,216,86,71.52317880794702,28.47682119205298,33418679.47924,4825525.4230700005,87.38233561033313,12.61766438966687,0.43,count,2402.45
ETH,152238,2026-04-17 14:35:27,SHORT,MODERATE,306,214,92,69.93464052287581,30.065359477124183,22922144.13826,5050243.40585,81.94561190786375,18.05438809213625,0.399,count,2438.65
ETH,152395,2026-04-17 15:40:23,SHORT,MODERATE,311,212,99,68.16720257234726,31.832797427652732,22526840.41566,5594445.97181,80.10600975102365,19.89399024897637,0.363,count,2442.75
ETH,152547,2026-04-17 16:45:18,SHORT,MODERATE,313,216,97,69.00958466453673,30.990415335463258,22903085.12191,5789898.5902,79.82120420694922,20.17879579305079,0.38,count,2457.75
ETH,152626,2026-04-17 17:17:45,SHORT,MODERATE,307,210,97,68.40390879478826,31.596091205211724,22357285.09807,5446306.31696,80.41150067391708,19.58849932608292,0.368,count,2439.05
ETH,152783,2026-04-18 07:57:08,SHORT,MODERATE,293,195,98,66.55290102389078,33.44709897610921,19671134.22693,5202348.17136,79.08476148189989,20.915238518100104,0.331,count,2402.35
ETH,152857,2026-04-18 08:29:49,SHORT,MODERATE,289,192,97,66.43598615916954,33.56401384083045,19356478.25776,5024300.77247,79.39236984084752,20.607630159152475,0.329,count,2385.35
ETH,152931,2026-04-21 09:27:42,SHORT,MODERATE,294,200,94,68.02721088435374,31.97278911564626,19958723.16247,6377211.68289,75.78513267011073,24.214867329889255,0.361,count,2318.25
ETH,153009,2026-04-21 10:00:23,SHORT,MODERATE,304,207,97,68.0921052631579,31.907894736842106,19986721.56422,6377154.36092,75.81101360426715,24.18898639573284,0.362,count,2324.35
ETH,153090,2026-04-22 06:59:34,SHORT,MODERATE,294,191,103,64.96598639455783,35.034013605442176,23193956.63622,6112717.59327,79.14223379492496,20.857766205075038,0.299,count,2391.05
ETH,153160,2026-04-22 07:32:03,SHORT,MODERATE,295,193,102,65.42372881355932,34.57627118644068,23130008.0339,6101839.4812,79.12605599749371,20.87394400250629,0.308,count,2385.65
ETH,153230,2026-04-22 08:06:39,SHORT,MODERATE,291,190,101,65.29209621993127,34.707903780068726,22178379.99867,6107667.18457,78.40749135075718,21.592508649242813,0.306,count,2389.15
ETH,153306,2026-04-22 15:29:58,SHORT,MODERATE,294,190,104,64.62585034013605,35.374149659863946,22035939.89542,5938028.1498,78.77302161709358,21.226978382906424,0.293,count,2398.25
ETH,153463,2026-04-22 16:34:55,SHORT,MODERATE,304,189,115,62.17105263157895,37.82894736842105,22020002.46533,6212266.28374,77.9958658691054,22.00413413089459,0.243,count,2393.35
ETH,153611,2026-04-22 17:39:52,SHORT,MODERATE,306,194,112,63.39869281045751,36.60130718954248,22028251.61988,6358339.32756,77.60090551439247,22.399094485607534,0.268,count,2395.95
ETH,153757,2026-04-23 07:35:09,SHORT,MODERATE,293,194,99,66.21160409556313,33.78839590443686,19501217.02628,6662100.975310001,74.53648281573028,25.46351718426971,0.324,count,2350.65
ETH,153899,2026-04-23 08:40:32,SHORT,MODERATE,292,194,98,66.43835616438356,33.56164383561644,19385040.79806,6666514.31871,74.4103018463623,25.589698153637702,0.329,count,2335.15
ETH,154043,2026-04-23 09:45:44,SHORT,MODERATE,280,185,95,66.07142857142857,33.92857142857143,19446039.4415,7262868.20325,72.80731844277572,27.192681557224287,0.321,count,2324.25
ETH,154189,2026-04-23 10:51:27,SHORT,MODERATE,287,190,97,66.2020905923345,33.79790940766551,19385298.27641,7233479.26445,72.82565191678484,27.174348083215172,0.324,count,2312.45
ETH,154318,2026-04-23 12:41:43,SHORT,MODERATE,295,200,95,67.79661016949152,32.20338983050847,21623514.68428,7447234.62563,74.38237815531197,25.61762184468803,0.356,count,2329.45
ETH,154465,2026-04-23 13:47:01,SHORT,MODERATE,298,202,96,67.78523489932886,32.21476510067114,20780605.30101,7525219.136849999,73.41459121471564,26.585408785284358,0.356,count,2322.45
ETH,154614,2026-04-23 14:52:11,SHORT,MODERATE,298,203,95,68.12080536912751,31.879194630872483,21689927.15679,7837244.32159,73.45751750272292,26.542482497277074,0.362,count,2329.35
ETH,154759,2026-04-23 15:57:19,SHORT,MODERATE,297,205,92,69.02356902356902,30.976430976430976,20969301.90754,7888500.10756,72.66423789506803,27.33576210493197,0.38,count,2330.65
ETH,154833,2026-04-23 16:29:55,SHORT,MODERATE,298,206,92,69.12751677852349,30.87248322147651,21033328.21495,8143542.80831,72.08904682816087,27.910953171839136,0.383,count,2328.85
ETH,154903,2026-04-28 07:54:29,SHORT,MODERATE,281,196,85,69.7508896797153,30.2491103202847,11533665.58894,3302706.7063700003,77.73912220163123,22.26087779836878,0.395,count,2283.95
ETH,154972,2026-04-28 08:27:11,SHORT,STRONG,290,204,86,70.34482758620689,29.655172413793103,18595626.56278,4197134.73144,81.58566802301243,18.414331976987576,0.407,count,2284.55
ETH,155119,2026-04-28 09:32:50,SHORT,STRONG,292,206,86,70.54794520547945,29.45205479452055,18594327.03241,4223762.55958,81.4894119748627,18.51058802513729,0.411,count,2284.75
ETH,155269,2026-04-28 10:38:17,SHORT,STRONG,291,205,86,70.44673539518901,29.553264604810998,18579684.641259998,4308863.5142,81.17458789900515,18.82541210099485,0.409,count,2283.25
ETH,155350,2026-04-28 13:55:16,SHORT,MODERATE,299,203,96,67.89297658862876,32.10702341137124,18356927.6173,5166590.04882,78.03649045116565,21.963509548834345,0.358,count,2274.35
ETH,155407,2026-04-28 18:39:44,SHORT,MODERATE,109,74,35,67.88990825688074,32.11009174311927,2263308.84475,949966.61556,70.43619112977161,29.563808870228392,0.358,count,2291.75
ETH,155482,2026-04-29 07:39:46,SHORT,MODERATE,276,191,85,69.20289855072464,30.79710144927536,10261667.76144,2255751.45793,81.9791011358048,18.0208988641952,0.384,count,2326.85
ETH,155623,2026-04-29 08:45:33,SHORT,MODERATE,294,199,95,67.68707482993197,32.31292517006803,17753930.44029,5256438.88506,77.15621678758062,22.84378321241937,0.354,count,2324.45
ETH,155771,2026-04-29 09:51:24,SHORT,MODERATE,293,200,93,68.25938566552901,31.74061433447099,17960835.03838,3867598.91123,82.28183056943898,17.718169430561005,0.365,count,2343.65
ETH,155921,2026-04-29 10:57:16,SHORT,MODERATE,296,200,96,67.56756756756756,32.432432432432435,17559356.47353,4956864.12745,77.98536346177805,22.014636538221946,0.351,count,2331.45
ETH,155994,2026-04-29 11:29:57,SHORT,MODERATE,299,203,96,67.89297658862876,32.10702341137124,17528028.59366,4946068.68642,77.99213634799041,22.00786365200958,0.358,count,2328.85
ETH,156141,2026-04-29 14:41:10,SHORT,MODERATE,293,199,94,67.91808873720136,32.081911262798634,17696728.96131,4730985.12456,78.90562940812308,21.094370591876928,0.358,count,2301.65
ETH,156294,2026-04-29 15:46:32,SHORT,MODERATE,278,186,92,66.90647482014388,33.093525179856115,17090779.02572,3596015.4141100002,82.6168552862579,17.383144713742084,0.338,count,2273.55
ETH,156367,2026-04-29 16:19:17,SHORT,MODERATE,280,185,95,66.07142857142857,33.92857142857143,17763444.5741,3612503.12221,83.10014988091685,16.899850119083165,0.321,count,2274.65
ETH,156510,2026-05-04 13:50:38,SHORT,MODERATE,272,178,94,65.44117647058823,34.55882352941176,23982096.72972,4261018.221,84.913072696001,15.086927303999001,0.309,count,2335.35
ETH,156647,2026-05-04 14:55:58,SHORT,MODERATE,268,179,89,66.7910447761194,33.2089552238806,24509406.41302,3797137.62364,86.58565447367117,13.414345526328825,0.336,count,2376.45
ETH,156717,2026-05-04 15:28:43,SHORT,MODERATE,269,177,92,65.79925650557621,34.20074349442379,22603330.600730002,3348469.26811,87.09735245712008,12.902647542879924,0.316,count,2349.05
ETH,156782,2026-05-06 13:32:24,SHORT,STRONG,281,198,83,70.46263345195729,29.537366548042705,28056600.8744,2909479.80387,90.60430076993346,9.395699230066546,0.409,count,2385.35
ETH,156924,2026-05-06 14:38:19,SHORT,STRONG,281,203,78,72.24199288256227,27.75800711743772,27184894.15523,2843775.64516,90.52979814269673,9.47020185730327,0.445,count,2362.05
ETH,157066,2026-05-06 15:44:05,SHORT,STRONG,286,205,81,71.67832167832168,28.321678321678323,27454880.82435,2726193.5367,90.96720844298946,9.03279155701055,0.434,count,2356.35
ETH,157203,2026-05-06 16:49:32,SHORT,STRONG,286,211,75,73.77622377622379,26.223776223776223,28671289.75731,2679422.37378,91.45339231027272,8.546607689727276,0.476,count,2357.05
ETH,157273,2026-05-06 17:22:06,SHORT,STRONG,286,211,75,73.77622377622379,26.223776223776223,28637456.01974,2675280.4040800002,91.45625483550879,8.543745164491213,0.476,count,2355.75
ETH,157433,2026-05-07 14:46:23,SHORT,MODERATE,274,191,83,69.7080291970803,30.29197080291971,21529207.06155,2837547.38522,88.35484064396546,11.645159356034545,0.394,count,2294.05
ETH,157587,2026-05-07 15:52:28,SHORT,STRONG,281,197,84,70.1067615658363,29.8932384341637,21632815.87593,2984947.15893,87.87482374128322,12.12517625871678,0.402,count,2294.15
ETH,157743,2026-05-07 16:58:06,SHORT,MODERATE,282,197,85,69.8581560283688,30.141843971631204,22024230.51787,2941671.12555,88.21724459398683,11.782755406013164,0.397,count,2289.25
ETH,157821,2026-05-07 17:30:43,SHORT,MODERATE,275,191,84,69.45454545454545,30.545454545454547,21524731.1985,2859205.30421,88.27422592782658,11.725774072173424,0.389,count,2286.25
ETH,157899,2026-05-07 18:03:20,SHORT,MODERATE,284,198,86,69.71830985915493,30.28169014084507,22524808.02454,2805386.58466,88.9247333945035,11.075266605496491,0.394,count,2301.35
ETH,158053,2026-05-08 09:37:38,SHORT,MODERATE,275,188,87,68.36363636363636,31.636363636363633,21573292.30729,3753676.22661,85.17913337482247,14.820866625177528,0.367,count,2285.75
ETH,158133,2026-05-08 10:10:57,SHORT,MODERATE,276,188,88,68.11594202898551,31.88405797101449,21597943.61349,3769224.36856,85.14132767509905,14.858672324900956,0.362,count,2282.65
ETH,158214,2026-05-08 14:50:51,SHORT,MODERATE,276,188,88,68.11594202898551,31.88405797101449,21474520.52727,3395904.91537,86.34560987626787,13.654390123732135,0.362,count,2286.65
ETH,158297,2026-05-08 15:23:26,SHORT,MODERATE,279,189,90,67.74193548387096,32.25806451612903,21427210.58324,3532435.57169,85.84741326153666,14.152586738463349,0.355,count,2279.05
ETH,158384,2026-05-11 07:39:40,SHORT,MODERATE,260,178,82,68.46153846153847,31.538461538461537,20309107.23993,3327350.18909,85.92280506043686,14.077194939563142,0.369,count,2329.45
ETH,158536,2026-05-11 08:45:01,SHORT,MODERATE,264,181,83,68.56060606060606,31.439393939393938,20401115.98528,3346825.17456,85.90688282393172,14.093117176068281,0.371,count,2333.45
ETH,158616,2026-05-11 09:17:37,SHORT,MODERATE,264,181,83,68.56060606060606,31.439393939393938,20425962.87228,3354306.63449,85.89458107892737,14.10541892107263,0.371,count,2335.75
ETH,158690,2026-05-11 15:36:11,SHORT,MODERATE,184,128,56,69.56521739130434,30.434782608695656,5803492.54932,464789.77956,92.58505352545205,7.414946474547955,0.391,count,2327.25
ETH,158767,2026-05-11 16:08:45,SHORT,MODERATE,262,180,82,68.70229007633588,31.297709923664126,20423762.45806,3194862.98331,86.47312058341072,13.52687941658929,0.374,count,2333.55
ETH,158932,2026-05-12 08:53:32,SHORT,MODERATE,263,169,94,64.25855513307985,35.741444866920155,19201327.32396,4018958.23844,82.69203784062074,17.307962159379272,0.285,count,2286.35
ETH,159089,2026-05-12 09:58:50,SHORT,MODERATE,268,172,96,64.17910447761194,35.82089552238806,19235577.14824,4178402.86656,82.15423920273773,17.845760797262265,0.284,count,2290.65
ETH,159166,2026-05-12 10:31:24,SHORT,MODERATE,270,174,96,64.44444444444444,35.55555555555556,19218673.69595,4199750.37752,82.06646884374356,17.933531156256436,0.289,count,2286.55
ETH,159318,2026-05-12 13:40:12,SHORT,MODERATE,266,171,95,64.28571428571429,35.714285714285715,19028156.63649,3948778.35956,82.8141640291064,17.185835970893596,0.286,count,2281.05
ETH,159465,2026-05-12 14:45:21,SHORT,MODERATE,269,171,98,63.56877323420075,36.43122676579926,19333119.56589,4237301.14786,82.02280222606237,17.977197773937636,0.271,count,2275.15
ETH,159618,2026-05-12 15:50:28,SHORT,MODERATE,269,169,100,62.825278810408925,37.174721189591075,18914542.4218,4727835.79148,80.00270637399599,19.997293626004,0.257,count,2259.45
ETH,159692,2026-05-12 16:23:01,SHORT,MODERATE,270,168,102,62.22222222222222,37.77777777777778,19028565.01906,4522505.59286,80.797027585782,19.202972414218003,0.244,count,2267.65
ETH,159758,2026-05-13 18:28:38,SHORT,MODERATE,258,170,88,65.89147286821705,34.10852713178294,20026942.05025,3047325.30308,86.79340385366463,13.20659614633537,0.318,count,2265.95
ETH,159834,2026-05-13 19:01:18,SHORT,MODERATE,255,167,88,65.49019607843137,34.509803921568626,19961043.1151,3022996.15949,86.84741126929733,13.15258873070267,0.31,count,2259.55
ETH,159971,2026-05-18 07:56:55,SHORT,MODERATE,254,151,103,59.4488188976378,40.55118110236221,15982458.02829,4243955.65706,79.01775508461047,20.98224491538952,0.189,count,2120.05
ETH,160040,2026-05-18 08:29:30,SHORT,MODERATE,255,152,103,59.6078431372549,40.3921568627451,15988422.86048,4248022.14799,79.00806121721486,20.991938782785134,0.192,count,2120.55
ETH,160174,2026-05-18 09:35:37,SHORT,MODERATE,255,151,104,59.21568627450981,40.78431372549019,10312458.15562,4298086.52419,70.58229779667671,29.417702203323294,0.184,count,2117.15
ETH,160305,2026-05-18 10:40:44,SHORT,MODERATE,259,155,104,59.84555984555985,40.15444015444015,15841352.45077,4811497.93586,76.70298362798962,23.29701637201038,0.197,count,2114.25
ETH,160330,2026-05-18 12:43:21,SHORT,MODERATE,34,21,13,61.76470588235294,38.23529411764706,714635.66667,51719.25652,93.25126583584596,6.748734164154042,0.235,count,2153.45
ETH,160448,2026-05-18 13:48:30,SHORT,MODERATE,253,148,105,58.498023715415016,41.50197628458498,15793070.27196,5509714.05936,74.13617875641049,25.863821243589513,0.17,count,2131.65
ETH,160587,2026-05-18 14:53:36,SHORT,MODERATE,252,148,104,58.730158730158735,41.269841269841265,15351455.42236,5476624.56853,73.70557165650688,26.29442834349312,0.175,count,2109.65
ETH,160726,2026-05-18 15:58:47,SHORT,MODERATE,254,150,104,59.055118110236215,40.94488188976378,15426524.40665,5182212.732030001,74.85429263735116,25.145707362648828,0.181,count,2107.55
ETH,160793,2026-05-18 16:31:22,SHORT,MODERATE,256,153,103,59.765625,40.234375,15356168.24418,5156137.3516299995,74.86319942170113,25.136800578298867,0.195,count,2093.85
ETH,160863,2026-05-18 17:03:57,SHORT,MODERATE,253,149,104,58.89328063241107,41.10671936758894,15162253.92925,5203204.17287,74.45083657446253,25.54916342553747,0.178,count,2100.95
ETH,161000,2026-05-19 08:57:14,SHORT,MODERATE,257,153,104,59.53307392996109,40.46692607003891,15490478.97738,7365208.05377,67.77516228791565,32.224837712084366,0.191,count,2134.45
ETH,161065,2026-05-19 09:29:54,SHORT,MODERATE,251,149,102,59.36254980079681,40.63745019920319,15153031.21327,7186282.31908,67.83123031657439,32.1687696834256,0.187,count,2115.85
ETH,161204,2026-05-19 10:34:57,SHORT,MODERATE,257,153,104,59.53307392996109,40.46692607003891,15351986.3789,7362944.9162,67.58544051688014,32.414559483119874,0.191,count,2119.05
ETH,161272,2026-05-19 11:07:31,SHORT,MODERATE,259,153,106,59.07335907335908,40.92664092664093,15344143.48189,7420009.696140001,67.40485078398983,32.59514921601018,0.181,count,2118.15
ETH,161334,2026-05-19 13:43:27,SHORT,MODERATE,261,162,99,62.06896551724138,37.93103448275862,16040284.3106,7209394.06631,68.99142452882325,31.00857547117675,0.241,count,2116.95
ETH,161477,2026-05-19 14:48:35,SHORT,MODERATE,260,159,101,61.15384615384616,38.84615384615385,15661192.49815,7119357.16973,68.74808872690147,31.251911273098536,0.223,count,2095.75
ETH,161614,2026-05-19 15:53:43,SHORT,MODERATE,258,159,99,61.627906976744185,38.372093023255815,15792095.7181,7143550.124460001,68.85393952498065,31.146060475019354,0.233,count,2110.05
ETH,161686,2026-05-20 07:34:04,SHORT,MODERATE,253,155,98,61.26482213438735,38.73517786561265,16226444.21018,6873680.731740001,70.2439672987817,29.7560327012183,0.225,count,2132.35
ETH,161831,2026-05-20 08:39:12,SHORT,MODERATE,253,154,99,60.86956521739131,39.130434782608695,16230021.34881,6853524.63501,70.30991408419722,29.690085915802783,0.217,count,2134.55
ETH,161969,2026-05-20 09:44:16,SHORT,MODERATE,252,155,97,61.50793650793651,38.492063492063494,16275648.30093,6828968.11896,70.44327421475317,29.556725785246822,0.23,count,2130.25
ETH,162108,2026-05-20 10:49:22,SHORT,MODERATE,251,153,98,60.95617529880478,39.04382470119522,16466514.09714,6843062.39745,70.642699582988,29.357300417011995,0.219,count,2131.45
ETH,162208,2026-05-20 14:47:22,SHORT,MODERATE,23,16,7,69.56521739130434,30.434782608695656,11917189.693260001,4346028.70922,73.27694554875272,26.723054451247286,0.3,count,2118.65
ETH,162321,2026-05-20 15:52:25,SHORT,MODERATE,258,160,98,62.01550387596899,37.98449612403101,16698012.23919,5019274.8142800005,76.88811313345873,23.11188686654127,0.24,count,2138.05
ETH,162392,2026-05-20 16:24:57,SHORT,MODERATE,256,159,97,62.109375,37.890625,16637644.58948,5087242.60392,76.58334168259572,23.416658317404288,0.242,count,2130.75
ETH,162533,2026-05-21 07:51:19,SHORT,MODERATE,253,164,89,64.82213438735178,35.177865612648226,18324209.65842,5430685.6417,77.13866732271994,22.861332677280064,0.296,count,2133.95
ETH,162686,2026-05-21 08:56:25,SHORT,MODERATE,253,159,94,62.845849802371546,37.15415019762846,18173771.11766,6595190.74564,73.37316443846584,26.62683556153416,0.257,count,2137.85
ETH,162755,2026-05-21 09:29:09,SHORT,MODERATE,254,161,93,63.38582677165354,36.61417322834646,18255546.8214,6527716.65393,73.66078660129695,26.339213398703055,0.268,count,2137.65
ETH,162912,2026-05-21 10:34:20,SHORT,MODERATE,248,152,96,61.29032258064516,38.70967741935484,18078609.48601,6546948.08502,73.41401076448332,26.58598923551669,0.226,count,2117.65
ETH,162988,2026-05-21 13:51:21,SHORT,MODERATE,257,154,103,59.92217898832685,40.07782101167315,18039875.06766,6750428.87134,72.76988258009918,27.23011741990083,0.198,count,2110.95
ETH,163128,2026-05-21 14:56:24,SHORT,MODERATE,252,154,98,61.111111111111114,38.88888888888889,18124152.170140002,5394283.14726,77.06359681475465,22.936403185245343,0.222,count,2119.85
ETH,163201,2026-05-21 15:28:58,SHORT,MODERATE,250,151,99,60.4,39.6,18263001.30015,5540012.55202,76.72558363228048,23.274416367719528,0.208,count,2134.85
ETH,163341,2026-05-21 16:34:04,SHORT,MODERATE,252,151,101,59.92063492063492,40.07936507936508,18345356.77085,5534957.5375500005,76.82209092363975,23.177909076360258,0.198,count,2133.65
ETH,163481,2026-05-22 07:39:43,SHORT,MODERATE,246,146,100,59.34959349593496,40.65040650406504,17902483.10837,4964150.06595,78.29085712747205,21.70914287252794,0.187,count,2129.65
ETH,163622,2026-05-22 08:44:46,SHORT,MODERATE,243,145,98,59.67078189300411,40.32921810699588,17573320.61101,4986861.932,77.8952944086655,22.104705591334493,0.193,count,2123.55
ETH,163762,2026-05-22 09:49:50,SHORT,MODERATE,243,143,100,58.8477366255144,41.1522633744856,17522364.31943,4940046.46677,78.00749655150567,21.99250344849434,0.177,count,2121.95
ETH,163832,2026-05-22 13:45:49,SHORT,MODERATE,243,140,103,57.61316872427984,42.38683127572017,17444882.3612,4483412.50879,79.55421278593904,20.445787214060957,0.152,count,2128.95
ETH,163968,2026-05-22 14:50:57,SHORT,MODERATE,247,146,101,59.10931174089069,40.89068825910931,17423800.1265,4874376.05459,78.14002358307798,21.859976416922038,0.182,count,2117.25
ETH,164104,2026-05-22 15:56:04,SHORT,MODERATE,250,147,103,58.8,41.199999999999996,17653821.54452,5027272.72157,77.83496394578209,22.16503605421791,0.176,count,2119.85
ETH,164176,2026-05-22 16:28:36,SHORT,MODERATE,249,146,103,58.63453815261044,41.365461847389554,17650888.47412,5139641.68883,77.44834520266937,22.55165479733064,0.173,count,2118.55
ETH,164243,2026-05-23 07:47:30,SHORT,MODERATE,246,141,105,57.3170731707317,42.68292682926829,16062994.10588,5446706.58662,74.67790619457966,25.322093805420348,0.146,count,2037.65
ETH,164377,2026-05-23 08:52:36,SHORT,MODERATE,236,135,101,57.20338983050848,42.79661016949153,16104199.96882,5202435.74279,75.58302580845651,24.416974191543474,0.144,count,2027.75
ETH,164515,2026-05-23 09:57:44,SHORT,MODERATE,237,137,100,57.80590717299579,42.19409282700422,16083488.52703,5215528.87995,75.51281929916263,24.487180700837378,0.156,count,2026.95
ETH,164584,2026-05-23 10:30:17,SHORT,MODERATE,236,136,100,57.6271186440678,42.3728813559322,15731239.74313,5226119.41101,75.06308226827515,24.936917731724854,0.153,count,2028.35
ETH,164650,2026-05-25 07:29:47,SHORT,MODERATE,247,147,100,59.51417004048582,40.48582995951417,15879424.90207,5267724.34366,75.09014438566157,24.909855614338422,0.19,count,2106.95
ETH,164788,2026-05-25 08:34:56,SHORT,MODERATE,247,146,101,59.10931174089069,40.89068825910931,15931553.56782,5283757.3552,75.09460325906996,24.90539674093005,0.182,count,2112.85
ETH,164922,2026-05-25 09:40:03,SHORT,MODERATE,245,150,95,61.224489795918366,38.775510204081634,16029124.7988,4962614.31951,76.3592035345877,23.640796465412294,0.224,count,2117.95
ETH,165059,2026-05-25 10:45:17,SHORT,MODERATE,247,150,97,60.72874493927125,39.27125506072874,16034946.40982,4917266.71437,76.53103905910132,23.468960940898693,0.215,count,2115.25
ETH,165127,2026-05-25 11:17:53,SHORT,MODERATE,248,149,99,60.08064516129033,39.91935483870967,16030157.72854,5021402.13165,76.14712560494945,23.85287439505055,0.202,count,2115.15
ETH,165193,2026-05-25 13:53:44,SHORT,MODERATE,246,148,98,60.16260162601627,39.83739837398374,16138083.44901,4569098.93926,77.93471437307542,22.06528562692459,0.203,count,2115.05
ETH,165329,2026-05-25 15:39:58,SHORT,MODERATE,245,149,96,60.816326530612244,39.183673469387756,15982775.84828,4271406.53358,78.91099007084311,21.089009929156884,0.216,count,2125.95
ETH,165471,2026-05-26 07:34:22,SHORT,MODERATE,239,141,98,58.995815899581594,41.00418410041841,15840766.15725,4403997.37873,78.2462394737138,21.7537605262862,0.18,count,2094.65
ETH,165603,2026-05-26 08:39:37,SHORT,MODERATE,244,146,98,59.83606557377049,40.16393442622951,15906596.39525,4819270.70491,76.74755569154067,23.252444308459335,0.197,count,2098.75
ETH,165741,2026-05-26 09:44:38,SHORT,MODERATE,246,146,100,59.34959349593496,40.65040650406504,15889624.3828,4867626.4961,76.54975350783084,23.450246492169164,0.187,count,2096.0
ETH,165879,2026-05-26 10:49:53,SHORT,MODERATE,241,143,98,59.33609958506224,40.66390041493776,16021324.57969,5009102.97628,76.18163985040788,23.81836014959213,0.187,count,2130.15
ETH,165912,2026-05-26 13:32:12,SHORT,MODERATE,52,27,25,51.92307692307693,48.07692307692308,1393177.0300099999,1348367.64225,50.81722884571968,49.18277115428032,0.038,count,2114.05
ETH,166030,2026-05-26 14:37:17,SHORT,MODERATE,247,149,98,60.32388663967612,39.67611336032389,16502538.47625,4898148.41993,77.11219063344966,22.887809366550353,0.206,count,2123.85
ETH,166104,2026-05-26 15:09:50,SHORT,MODERATE,239,140,99,58.57740585774059,41.42259414225941,16031855.80926,4773815.30818,77.0552207557562,22.944779244243797,0.172,count,2104.85
ETH,166176,2026-05-27 06:59:56,SHORT,MODERATE,252,144,108,57.14285714285714,42.857142857142854,16117017.00695,6074290.9903,72.62761171602531,27.3723882839747,0.143,count,2078.65
ETH,166245,2026-05-27 07:32:30,SHORT,MODERATE,252,143,109,56.74603174603175,43.25396825396825,16131380.73261,6519693.11917,71.21684754624708,28.783152453752912,0.135,count,2079.35
ETH,166385,2026-05-27 08:37:39,SHORT,MODERATE,249,142,107,57.028112449799195,42.971887550200805,15930466.83715,6836452.22026,69.97199224444502,30.02800775555498,0.141,count,2092.05
ETH,166521,2026-05-27 09:42:45,SHORT,MODERATE,250,143,107,57.199999999999996,42.8,15887371.34228,6791659.32715,70.05313222533466,29.946867774665332,0.144,count,2085.05
ETH,166660,2026-05-27 10:47:54,SHORT,MODERATE,254,144,110,56.69291338582677,43.30708661417323,15865463.8963,6855415.10868,69.82768533216775,30.172314667832257,0.134,count,2078.85
ETH,166730,2026-05-27 12:42:42,SHORT,MODERATE,254,147,107,57.874015748031496,42.125984251968504,16167412.59296,6732127.53019,70.60147280693974,29.398527193060275,0.157,count,2083.85
ETH,166868,2026-05-27 13:47:43,SHORT,MODERATE,252,145,107,57.53968253968254,42.46031746031746,15774159.73804,7055289.91637,69.09566361356802,30.90433638643198,0.151,count,2055.35
ETH,167002,2026-05-27 14:52:51,SHORT,MODERATE,248,145,103,58.46774193548387,41.53225806451613,15808187.2641,7580066.59983,67.59028423442852,32.40971576557147,0.169,count,2061.35
ETH,167071,2026-05-27 15:25:24,SHORT,MODERATE,250,148,102,59.199999999999996,40.8,15871043.722860001,7641622.8195400005,67.49997365989948,32.500026340100504,0.184,count,2072.25
ETH,167153,2026-05-28 06:55:18,SHORT,MODERATE,238,127,111,53.36134453781513,46.63865546218487,8789791.02625,5428809.0694,61.81896225451284,38.18103774548717,0.067,count,1981.75
ETH,167283,2026-05-28 07:52:45,SHORT,MODERATE,250,138,112,55.2,44.800000000000004,15281089.73542,9882853.99385,60.72613219860868,39.27386780139132,0.104,count,1991.85
ETH,167400,2026-06-04 14:33:12,SHORT,MODERATE,210,127,83,60.476190476190474,39.523809523809526,14368199.94182,8041849.46666,64.1149855581445,35.885014441855496,0.21,count,1775.65
ETH,167526,2026-06-05 07:42:46,SHORT,MODERATE,209,128,81,61.24401913875598,38.75598086124402,15168159.14267,9820138.80036,60.701049656328685,39.298950343671315,0.225,count,1669.85
ETH,167645,2026-06-05 08:47:49,SHORT,MODERATE,214,131,83,61.21495327102804,38.78504672897196,15011757.5926,9154392.4571,62.11894555701626,37.881054442983746,0.224,count,1664.95
ETH,167772,2026-06-05 09:52:52,SHORT,MODERATE,215,131,84,60.93023255813953,39.06976744186046,15207432.27294,9127427.16724,62.49237769514527,37.50762230485473,0.219,count,1682.65
ETH,167837,2026-06-05 10:25:26,SHORT,MODERATE,217,132,85,60.82949308755761,39.1705069124424,15189917.91551,9602152.75729,61.26925869155107,38.73074130844892,0.217,count,1675.75
ETH,167971,2026-06-08 14:45:55,SHORT,MODERATE,224,134,90,59.82142857142857,40.17857142857143,17311535.38832,8595797.48639,66.82098644441716,33.179013555582834,0.196,count,1685.85
ETH,168042,2026-06-09 08:36:37,SHORT,MODERATE,227,129,98,56.82819383259912,43.17180616740088,16829668.677699998,3977104.08563,80.88553121203267,19.114468787967333,0.137,count,1675.35
ETH,168170,2026-06-09 09:41:44,SHORT,MODERATE,224,127,97,56.69642857142857,43.30357142857143,16660818.12317,3951557.53303,80.8291989291326,19.170801070867398,0.134,count,1667.95
ETH,168296,2026-06-09 10:46:46,SHORT,MODERATE,226,130,96,57.52212389380531,42.47787610619469,16890666.92825,3971679.94288,80.96244891615649,19.0375510838435,0.15,count,1672.25
ETH,168420,2026-06-12 07:53:19,SHORT,MODERATE,208,115,93,55.28846153846154,44.71153846153847,16551071.86131,6119310.10903,73.00746799486667,26.99253200513333,0.106,count,1658.85
ETH,168544,2026-06-12 08:58:29,SHORT,MODERATE,205,113,92,55.1219512195122,44.87804878048781,16897143.68983,6111913.57255,73.43692310878365,26.563076891216355,0.102,count,1672.95
ETH,168603,2026-06-15 07:50:44,SHORT,MODERATE,206,117,89,56.79611650485437,43.203883495145625,18925522.85874,5227957.79962,78.35526119996085,21.644738800039157,0.136,count,1716.65
ETH,168740,2026-06-15 08:55:53,SHORT,MODERATE,203,114,89,56.15763546798029,43.84236453201971,18250442.67966,5732208.17987,76.09852132925418,23.90147867074581,0.123,count,1720.75
ETH,168805,2026-06-15 09:28:28,SHORT,MODERATE,202,114,88,56.43564356435643,43.56435643564357,18261315.58953,5742520.14201,76.076656221803,23.923343778196987,0.129,count,1722.75
ETH,168870,2026-06-15 10:01:05,SHORT,MODERATE,201,112,89,55.72139303482587,44.27860696517413,18209705.09286,5728198.7343,76.07059174579534,23.929408254204667,0.114,count,1718.95
ETH,168936,2026-06-15 18:47:12,SHORT,MODERATE,223,122,101,54.7085201793722,45.2914798206278,19165202.05013,4762059.00483,80.09776800657738,19.90223199342262,0.094,count,1829.15
ETH,168999,2026-06-15 19:19:44,SHORT,MODERATE,224,123,101,54.91071428571429,45.089285714285715,19305488.35081,4776951.08002,80.16417276272846,19.83582723727155,0.098,count,1813.85
ETH,169066,2026-06-17 07:37:16,SHORT,MODERATE,233,127,106,54.506437768240346,45.493562231759654,20863568.39688,14060697.96748,59.73946074976436,40.26053925023563,0.09,count,1786.65
ETH,169206,2026-06-17 08:42:25,SHORT,MODERATE,232,120,112,51.724137931034484,48.275862068965516,20478258.39715,14278092.67533,58.919471593681294,41.0805284063187,0.034,count,1765.85
ETH,169271,2026-06-17 09:57:16,SHORT,MODERATE,202,105,97,51.98019801980198,48.01980198019802,4681665.5533799995,4080263.61198,53.431903694095254,46.56809630590474,0.04,count,1770.15
ETH,169334,2026-06-17 10:29:52,SHORT,MODERATE,234,123,111,52.56410256410257,47.43589743589743,20686398.1893,14529942.78916,58.74090724517006,41.25909275482995,0.051,count,1771.35
ETH,169400,2026-06-17 11:02:30,SHORT,MODERATE,236,122,114,51.69491525423729,48.30508474576271,20584655.07445,14717962.03036,58.30914748710041,41.69085251289959,0.034,count,1767.05
ETH,169527,2026-06-17 14:52:17,SHORT,MODERATE,232,127,105,54.741379310344826,45.258620689655174,20456991.32464,14364779.05998,58.747706100765626,41.25229389923438,0.095,count,1756.1
ETH,169658,2026-06-17 15:57:21,SHORT,MODERATE,234,129,105,55.12820512820513,44.871794871794876,20737916.33956,13885422.23552,59.895773177939645,40.10422682206035,0.103,count,1772.95
ETH,169729,2026-06-17 16:29:53,SHORT,MODERATE,233,130,103,55.793991416309005,44.20600858369099,21411946.690729998,12847914.66078,62.49863789885498,37.50136210114502,0.116,count,1785.35
ETH,169859,2026-06-17 17:35:00,SHORT,MODERATE,232,129,103,55.603448275862064,44.396551724137936,21294349.39186,12793801.553749999,62.46847893227358,37.531521067726416,0.112,count,1778.15
ETH,169930,2026-06-18 07:52:38,SHORT,MODERATE,227,120,107,52.863436123348016,47.136563876651984,19710053.87478,13014494.65889,60.23017813217651,39.76982186782348,0.057,count,1749.75
ETH,170059,2026-06-18 08:57:46,SHORT,MODERATE,229,122,107,53.275109170305676,46.724890829694324,19768998.2538,13364453.55788,59.66477131981509,40.33522868018491,0.066,count,1748.15
ETH,170124,2026-06-18 09:30:22,SHORT,MODERATE,231,122,109,52.81385281385281,47.18614718614719,19734840.89605,13368336.71318,59.616152651603535,40.383847348396465,0.056,count,1742.95
ETH,170255,2026-06-18 10:35:35,SHORT,MODERATE,229,121,108,52.838427947598255,47.161572052401745,19670762.82039,13319838.47881,59.62535402732112,40.374645972678884,0.057,count,1741.55
ETH,170316,2026-06-19 06:44:45,SHORT,MODERATE,221,124,97,56.10859728506787,43.89140271493213,17662993.919350002,11614601.13205,60.32938801271312,39.67061198728688,0.122,count,1699.95
ETH,170382,2026-06-19 07:17:16,SHORT,MODERATE,220,122,98,55.45454545454545,44.54545454545455,17648842.81838,11619330.29336,60.30045931121244,39.69954068878756,0.109,count,1695.85
ETH,170445,2026-06-19 08:30:57,SHORT,MODERATE,224,124,100,55.35714285714286,44.642857142857146,17664727.13167,11662640.35763,60.232910908607536,39.767089091392464,0.107,count,1696.45
ETH,170576,2026-06-19 09:36:05,SHORT,MODERATE,230,124,106,53.91304347826087,46.08695652173913,17755761.66736,11755114.997030001,60.16683905831036,39.83316094168964,0.078,count,1692.95
ETH,170705,2026-06-19 10:41:10,SHORT,MODERATE,227,121,106,53.30396475770925,46.69603524229075,17667963.89302,12323084.89921,58.910790400892445,41.089209599107555,0.066,count,1687.25
ETH,170826,2026-06-19 17:59:13,SHORT,MODERATE,223,126,97,56.502242152466366,43.49775784753363,17788266.60473,10558166.34381,62.753104198410945,37.24689580158905,0.13,count,1704.75
ETH,170956,2026-06-22 07:37:26,SHORT,MODERATE,226,120,106,53.09734513274337,46.902654867256636,18574182.00784,11457754.51495,61.84809958473646,38.15190041526353,0.062,count,1749.85
ETH,170973,2026-06-22 08:20:43,SHORT,MODERATE,37,20,17,54.054054054054056,45.94594594594595,14426671.02043,7014016.10279,67.28642108118864,32.71357891881136,0.081,count,1749.85
ETH,171030,2026-06-22 16:31:30,SHORT,MODERATE,124,62,62,50.0,50.0,1909326.95997,3994022.7335699997,32.34311126883378,67.65688873116622,0.0,count,1738.95
ETH,171147,2026-06-22 17:36:38,SHORT,MODERATE,223,121,102,54.26008968609865,45.73991031390135,18050242.58663,11693099.55539,60.68666560887072,39.31333439112929,0.085,count,1731.75
ETH,171203,2026-06-25 14:32:03,SHORT,MODERATE,210,119,91,56.666666666666664,43.333333333333336,16684046.19173,6075054.1913600005,73.30714268533319,26.692857314666806,0.133,count,1559.45
ETH,171326,2026-06-25 15:37:31,SHORT,MODERATE,215,124,91,57.674418604651166,42.32558139534884,16721543.22081,6234312.32029,72.84216957574013,27.157830424259867,0.153,count,1561.55
ETH,171461,2026-06-25 16:42:46,SHORT,MODERATE,215,120,95,55.81395348837209,44.18604651162791,16591689.99329,5887533.47731,73.8089997414272,26.19100025857278,0.116,count,1561.75
ETH,171587,2026-06-25 17:47:54,SHORT,MODERATE,212,120,92,56.60377358490566,43.39622641509434,16639506.22111,5840739.16791,74.01834781232955,25.981652187670452,0.132,count,1566.75
ETH,171647,2026-06-25 18:20:31,SHORT,MODERATE,215,123,92,57.20930232558139,42.7906976744186,16639030.32302,5911264.45472,73.78630961154809,26.213690388451894,0.144,count,1573.45
ETH,171711,2026-06-26 07:09:28,SHORT,MODERATE,216,129,87,59.72222222222222,40.27777777777778,16532774.56508,6041132.46295,73.23842764370062,26.76157235629938,0.194,count,1573.45
ETH,171840,2026-06-26 08:56:32,SHORT,MODERATE,220,128,92,58.18181818181818,41.81818181818181,16434930.86484,5425479.10375,75.18125638290606,24.81874361709395,0.164,count,1564.15
ETH,171901,2026-06-26 09:29:10,SHORT,MODERATE,216,126,90,58.333333333333336,41.66666666666667,16108252.52296,5539940.40732,74.40922470913905,25.590775290860947,0.167,count,1561.55
ETH,172021,2026-06-26 10:35:50,SHORT,MODERATE,214,128,86,59.813084112149525,40.18691588785047,22495941.81846,5297872.15475,80.93866440979805,19.061335590201946,0.196,count,1553.55
ETH,172047,2026-06-26 11:14:28,SHORT,MODERATE,85,54,31,63.52941176470588,36.470588235294116,20640685.518290002,3199138.70751,86.58069507052902,13.419304929470997,0.271,count,1553.55
ETH,172110,2026-06-26 18:39:54,SHORT,MODERATE,217,125,92,57.6036866359447,42.3963133640553,16319168.50603,9577549.72179,63.016357371872886,36.98364262812711,0.152,count,1573.25
ETH,172172,2026-06-29 07:29:16,SHORT,MODERATE,210,129,81,61.42857142857143,38.57142857142858,16641820.95223,12663073.67808,56.788537076046666,43.21146292395335,0.229,count,1581.55
ETH,172308,2026-06-29 08:34:42,SHORT,MODERATE,212,130,82,61.32075471698113,38.67924528301887,16559397.63296,12635326.64389,56.720513870688606,43.27948612931139,0.226,count,1571.95
ETH,172436,2026-06-29 09:35:29,SHORT,MODERATE,211,131,80,62.08530805687204,37.91469194312796,16629284.94341,12564181.86655,56.96235069189025,43.037649308109756,0.242,count,1575.15
ETH,172569,2026-06-29 10:40:59,SHORT,MODERATE,212,131,81,61.79245283018868,38.20754716981132,17707374.44646,12576891.15508,58.47054268854238,41.52945731145763,0.236,count,1578.65
ETH,172647,2026-06-29 13:57:29,SHORT,MODERATE,215,130,85,60.46511627906976,39.53488372093023,17707961.9518,11911416.14597,59.78505657123573,40.21494342876427,0.209,count,1566.85
ETH,172712,2026-06-29 14:32:03,SHORT,MODERATE,212,129,83,60.84905660377359,39.15094339622642,8433870.12274,12344979.28679,40.58872537413883,59.411274625861175,0.217,count,1570.25
ETH,172778,2026-06-30 06:42:12,SHORT,MODERATE,215,130,85,60.46511627906976,39.53488372093023,17185043.57702,9273476.99652,64.95088615879001,35.04911384120998,0.209,count,1591.35
ETH,172912,2026-06-30 07:47:34,SHORT,MODERATE,216,131,85,60.64814814814815,39.351851851851855,17179127.83851,9259654.55183,64.97700077438807,35.022999225611926,0.213,count,1591.65
ETH,173047,2026-06-30 08:52:52,SHORT,MODERATE,211,127,84,60.18957345971564,39.81042654028436,16930409.7028,9220770.7942,64.74051794618686,35.25948205381315,0.204,count,1580.95
ETH,173177,2026-06-30 09:58:08,SHORT,MODERATE,213,129,84,60.56338028169014,39.436619718309856,16913164.61362,9459405.71806,64.1316504265915,35.868349573408494,0.211,count,1584.85
ETH,173244,2026-06-30 10:30:50,SHORT,MODERATE,215,131,84,60.93023255813953,39.06976744186046,16873744.42262,9484152.77891,64.0177943392257,35.982205660774305,0.219,count,1582.95
ETH,173305,2026-07-07 06:36:45,SHORT,MODERATE,208,138,70,66.34615384615384,33.65384615384615,18744229.3188,5198904.75987,78.2864484541249,21.713551545875113,0.327,count,1773.85
ETH,173450,2026-07-07 07:41:54,SHORT,MODERATE,206,137,69,66.50485436893204,33.49514563106796,18712594.78923,5112256.19348,78.542337170587,21.457662829412993,0.33,count,1771.85
ETH,173589,2026-07-07 08:47:00,SHORT,MODERATE,207,138,69,66.66666666666666,33.33333333333333,18696815.06109,5113005.91313,78.5256431845242,21.474356815475804,0.333,count,1770.65
ETH,173725,2026-07-07 09:54:31,SHORT,MODERATE,209,142,67,67.94258373205741,32.057416267942585,18830846.04718,5156794.4806699995,78.50228548037941,21.497714519620576,0.359,count,1778.85
ETH,173868,2026-07-09 07:41:17,SHORT,MODERATE,208,136,72,65.38461538461539,34.61538461538461,18636719.794519998,6627542.8004600005,73.76712351866985,26.23287648133016,0.308,count,1751.75
ETH,174013,2026-07-09 08:46:27,SHORT,MODERATE,209,139,70,66.50717703349282,33.49282296650718,18748752.05167,6649668.80735,73.81857382291373,26.181426177086266,0.33,count,1756.15
ETH,174158,2026-07-09 09:51:47,SHORT,MODERATE,210,139,71,66.19047619047619,33.80952380952381,18696406.66075,6643700.11844,73.78187796787032,26.218122032129678,0.324,count,1753.15
ETH,174306,2026-07-09 10:56:55,SHORT,MODERATE,210,139,71,66.19047619047619,33.80952380952381,18630321.60775,6617720.1622,73.78917453282911,26.210825467170896,0.324,count,1744.95
ETH,174380,2026-07-09 12:51:42,SHORT,MODERATE,214,142,72,66.35514018691589,33.64485981308411,18634207.44973,6524391.77465,74.06695135742088,25.933048642579127,0.327,count,1740.55
ETH,174519,2026-07-09 13:56:57,SHORT,MODERATE,219,147,72,67.12328767123287,32.87671232876712,18849618.88012,6498696.45565,74.36241276957986,25.637587230420138,0.342,count,1746.55
ETH,174595,2026-07-09 14:29:32,SHORT,MODERATE,220,145,75,65.9090909090909,34.090909090909086,18721698.33294,6519493.45626,74.17121382101494,25.82878617898506,0.318,count,1739.55
ETH,174738,2026-07-09 15:34:43,SHORT,MODERATE,222,146,76,65.76576576576578,34.234234234234236,18758739.98002,6563131.08509,74.08117643354927,25.918823566450733,0.315,count,1742.05
ETH,174880,2026-07-10 07:34:51,SHORT,MODERATE,204,138,66,67.64705882352942,32.35294117647059,18728975.9876,9490173.90825,66.36973848157753,33.630261518422486,0.353,count,1773.45
ETH,175017,2026-07-10 08:40:09,SHORT,MODERATE,204,140,64,68.62745098039215,31.372549019607842,18700148.01214,9548262.20799,66.19893957364778,33.80106042635223,0.373,count,1785.05
ETH,175164,2026-07-10 09:45:24,SHORT,MODERATE,207,140,67,67.6328502415459,32.367149758454104,18740830.22483,9606882.84486,66.11055424032814,33.889445759671844,0.353,count,1793.15
ETH,175307,2026-07-10 10:50:32,SHORT,MODERATE,209,140,69,66.98564593301435,33.014354066985646,18888027.57929,10208281.82211,64.91554416307238,35.08445583692761,0.34,count,1798.35
ETH,175382,2026-07-10 12:48:45,SHORT,MODERATE,133,87,46,65.41353383458647,34.58646616541353,2673911.35948,3527210.67073,43.11979906948306,56.880200930516956,0.308,count,1794.55
ETH,175508,2026-07-10 13:53:52,SHORT,MODERATE,219,146,73,66.66666666666666,33.33333333333333,18034677.64362,9905655.04831,64.5471113120602,35.45288868793982,0.333,count,1806.3
ETH,175581,2026-07-10 14:26:22,SHORT,MODERATE,218,144,74,66.05504587155964,33.94495412844037,17959394.62454,9610776.70026,65.14067110052781,34.85932889947219,0.321,count,1788.45
ETH,175648,2026-07-13 07:50:48,SHORT,MODERATE,220,147,73,66.81818181818183,33.18181818181819,19212252.83511,9158393.74278,67.71876975860896,32.28123024139104,0.336,count,1786.45
ETH,175783,2026-07-13 08:56:01,SHORT,MODERATE,220,149,71,67.72727272727272,32.27272727272727,19285562.08085,9166099.43618,67.78360578100668,32.216394218993315,0.355,count,1789.35
ETH,175923,2026-07-13 10:42:42,SHORT,MODERATE,222,149,73,67.11711711711712,32.88288288288289,19240218.64621,9047586.93021,68.01594628551943,31.98405371448056,0.342,count,1779.75
ETH,175996,2026-07-14 06:42:22,SHORT,MODERATE,212,141,71,66.50943396226415,33.490566037735846,18341637.94548,9557794.73255,65.7419746026718,34.258025397328204,0.33,count,1784.75
ETH,176130,2026-07-14 07:47:43,SHORT,MODERATE,215,141,74,65.58139534883722,34.418604651162795,18328543.6387,9628347.57894,65.56002059032663,34.43997940967338,0.312,count,1780.25
ETH,176264,2026-07-14 08:52:57,SHORT,MODERATE,217,143,74,65.89861751152074,34.10138248847927,18393126.8285,9662827.01548,65.55872928357641,34.44127071642358,0.318,count,1785.85
ETH,176404,2026-07-14 09:58:09,SHORT,MODERATE,218,143,75,65.59633027522935,34.403669724770644,18381107.91792,9698400.91069,65.46093106582985,34.53906893417014,0.312,count,1785.95
ETH,176525,2026-07-14 16:36:31,SHORT,MODERATE,229,150,79,65.50218340611353,34.49781659388647,18824212.679521,9648823.340524001,66.1124183113763,33.887581688623705,0.31,count,1875.75
ETH,176590,2026-07-15 06:43:12,SHORT,MODERATE,235,158,77,67.23404255319149,32.76595744680851,19478125.875479,9547797.739619,67.10596408152657,32.89403591847344,0.345,count,1885.55
ETH,176734,2026-07-15 07:48:40,SHORT,MODERATE,233,157,76,67.38197424892704,32.61802575107296,19307416.461179,9468447.089746,67.09587160437574,32.90412839562424,0.348,count,1869.95
ETH,176879,2026-07-15 08:54:01,SHORT,MODERATE,235,158,77,67.23404255319149,32.76595744680851,19289086.949108,9532445.69124,66.92595841383088,33.0740415861691,0.345,count,1878.05
ETH,177021,2026-07-15 09:59:12,SHORT,MODERATE,240,162,78,67.5,32.5,19336357.049853,9545525.768556,66.94978014912593,33.05021985087407,0.35,count,1879.35
ETH,177105,2026-07-15 12:38:55,SHORT,MODERATE,169,105,64,62.1301775147929,37.8698224852071,3353363.090469,4661372.47755,41.839971662319606,58.160028337680394,0.243,count,1894.45
ETH,177228,2026-07-15 13:44:04,SHORT,MODERATE,235,160,75,68.08510638297872,31.914893617021278,19031409.819779,10329056.469126,64.81984867852988,35.18015132147011,0.362,count,1935.85
ETH,177302,2026-07-17 07:29:56,SHORT,MODERATE,230,152,78,66.08695652173913,33.91304347826087,18636985.511176,7297478.712602,71.86184896809509,28.13815103190491,0.322,count,1831.75
ETH,177432,2026-07-17 08:35:03,SHORT,MODERATE,231,154,77,66.66666666666666,33.33333333333333,18620559.166011,7267316.26521,71.92772236362991,28.072277636370092,0.333,count,1823.15
ETH,177565,2026-07-17 09:40:15,SHORT,MODERATE,231,159,72,68.83116883116884,31.16883116883117,18956611.256904,7243721.185702,72.35256002354178,27.647439976458205,0.377,count,1833.75
ETH,177632,2026-07-17 10:12:51,SHORT,MODERATE,234,160,74,68.37606837606837,31.62393162393162,19034084.890345,7219623.598470001,72.50055701065693,27.49944298934306,0.368,count,1834.75
ETH,177698,2026-07-17 12:49:10,SHORT,MODERATE,220,152,68,69.0909090909091,30.909090909090907,8068574.296545,5104678.34653,61.24967398075781,38.75032601924217,0.382,count,1828.05
ETH,177762,2026-07-17 13:22:15,SHORT,MODERATE,237,162,75,68.35443037974683,31.645569620253166,19039798.462265,6674369.652704,74.04399931250879,25.95600068749121,0.367,count,1817.35
ETH,177830,2026-07-20 07:41:49,SHORT,MODERATE,221,152,69,68.77828054298642,31.221719457013574,18031703.231387,7113602.1719,71.71001879750442,28.28998120249559,0.376,count,1860.95
ETH,177971,2026-07-20 08:47:12,SHORT,MODERATE,224,153,71,68.30357142857143,31.69642857142857,18046335.339392,7118938.705285,71.7112609517129,28.2887390482871,0.366,count,1858.15
ETH,178107,2026-07-20 09:52:40,SHORT,MODERATE,224,155,69,69.19642857142857,30.80357142857143,18134470.944994,7166233.578002,71.67575483327526,28.324245166724733,0.384,count,1865.95
ETH,178176,2026-07-20 10:25:17,SHORT,MODERATE,228,158,70,69.2982456140351,30.701754385964914,18194647.737141,7193364.572542,71.66629476621749,28.333705233782506,0.386,count,1870.55
ETH,178230,2026-07-21 08:31:22,SHORT,STRONG,236,171,65,72.45762711864407,27.54237288135593,18697524.296292,7423500.476658,71.58036278750627,28.419637212493715,0.449,count,1939.45
ETH,178375,2026-07-21 09:37:01,SHORT,STRONG,237,169,68,71.30801687763713,28.691983122362867,18707804.266005,7650231.369206,70.97571505295994,29.02428494704006,0.426,count,1940.65
ETH,178523,2026-07-22 07:52:16,SHORT,MODERATE,238,160,78,67.22689075630252,32.773109243697476,18521422.737229,5829462.035089,76.06057402186917,23.939425978130828,0.345,count,1912.05
ETH,178661,2026-07-22 08:57:33,SHORT,MODERATE,237,158,79,66.66666666666666,33.33333333333333,18563632.558245,5875479.699529,75.95870243748305,24.04129756251694,0.333,count,1920.35
ETH,178734,2026-07-22 09:30:08,SHORT,MODERATE,242,163,79,67.35537190082644,32.64462809917356,18776038.30953,5890983.578145,76.11797806411134,23.882021935888655,0.347,count,1924.75
ETH,178870,2026-07-24 08:35:43,SHORT,MODERATE,239,164,75,68.6192468619247,31.380753138075313,22462568.238368,5918478.016263,79.14637126777076,20.853628732229236,0.372,count,1890.05
ETH,179015,2026-07-24 09:41:04,SHORT,MODERATE,236,162,74,68.64406779661016,31.35593220338983,22385061.029413,5882653.305299,79.1894978290648,20.810502170935194,0.373,count,1885.55
ETH,179159,2026-07-24 10:46:35,SHORT,MODERATE,237,161,76,67.9324894514768,32.06751054852321,22459197.601837,5891854.502616,79.2182156735884,20.7817843264116,0.359,count,1884.05
ETH,179306,2026-07-27 07:49:18,SHORT,MODERATE,245,161,84,65.71428571428571,34.285714285714285,21562385.111765,8244812.010008,72.33952599996232,27.660474000037677,0.314,count,1968.45
ETH,179449,2026-07-27 08:54:35,SHORT,MODERATE,249,161,88,64.65863453815261,35.34136546184739,22380401.94972,8260266.482597,73.04149385368885,26.958506146311155,0.293,count,1965.25
ETH,179588,2026-07-27 09:59:48,SHORT,MODERATE,251,160,91,63.745019920318725,36.254980079681275,22401463.447816,8483715.369562,72.53143515948007,27.46856484051992,0.275,count,1964.85
ETH,179661,2026-07-27 10:32:22,SHORT,MODERATE,251,160,91,63.745019920318725,36.254980079681275,22429894.87929,8485268.243988,72.55305362565304,27.446946374346965,0.275,count,1967.75
ETH,179731,2026-07-27 11:04:56,SHORT,MODERATE,251,162,89,64.5418326693227,35.45816733067729,22434869.48366,8475875.445538,72.5795173653943,27.420482634605698,0.291,count,1964.25
ETH,179797,2026-07-28 06:46:12,SHORT,MODERATE,249,158,91,63.45381526104418,36.54618473895582,20759662.597679,7498044.440088,73.46548879544008,26.534511204559912,0.269,count,1884.65
ETH,179937,2026-07-28 07:51:37,SHORT,MODERATE,248,157,91,63.306451612903224,36.693548387096776,20713646.686219,7445578.502056,73.55900791916602,26.44099208083398,0.266,count,1880.95
ETH,180068,2026-07-28 08:56:50,SHORT,MODERATE,246,156,90,63.41463414634146,36.58536585365854,20714550.324215,7451523.452158,73.54433027719794,26.455669722802057,0.268,count,1881.75
ETH,180140,2026-07-28 09:32:36,SHORT,MODERATE,149,95,54,63.758389261744966,36.241610738255034,2324325.416616,3229760.127431,41.848930812872815,58.15106918712718,0.275,count,1883.75
ETH,180265,2026-07-28 10:37:43,SHORT,MODERATE,243,155,88,63.78600823045267,36.21399176954733,20636946.775878,8274368.913268,71.38017168698278,28.61982831301723,0.276,count,1878.45
ETH,180405,2026-07-28 13:46:21,SHORT,MODERATE,241,151,90,62.655601659751035,37.344398340248965,19733516.637123,8527775.383618,69.82524586151456,30.174754138485444,0.253,count,1865.05
ETH,180471,2026-07-29 07:46:05,SHORT,MODERATE,233,149,84,63.94849785407726,36.05150214592275,19820814.347545,10120554.515672,66.19875810653029,33.80124189346971,0.279,count,1914.05
ETH,180605,2026-07-29 08:51:11,SHORT,MODERATE,237,153,84,64.55696202531645,35.44303797468354,19787303.707213,10134867.947948,66.12923665852999,33.87076334147,0.291,count,1915.45
ETH,180673,2026-07-29 09:23:41,SHORT,MODERATE,238,154,84,64.70588235294117,35.294117647058826,19834547.252044998,10148038.553226,66.15355787144298,33.84644212855702,0.294,count,1918.4
ETH,180811,2026-08-06 07:43:41,SHORT,MODERATE,233,156,77,66.95278969957081,33.047210300429185,20306339.191403,10582660.303402,65.73971162393323,34.26028837606677,0.339,count,1907.65
ETH,180948,2026-08-06 08:49:05,SHORT,MODERATE,231,154,77,66.66666666666666,33.33333333333333,20633715.999095,10433061.586626,66.4173036362121,33.5826963637879,0.333,count,1912.85
ETH,181087,2026-08-06 09:54:36,SHORT,MODERATE,232,156,76,67.24137931034483,32.758620689655174,20617825.72839,10228712.886182,66.83999779038442,33.160002209615584,0.345,count,1907.35
ETH,181226,2026-08-06 10:59:53,SHORT,MODERATE,231,155,76,67.09956709956711,32.900432900432904,20546934.956353,10342464.179103,66.51775538349163,33.48224461650837,0.342,count,1900.85
ETH,181295,2026-08-06 12:54:52,SHORT,MODERATE,227,151,76,66.51982378854625,33.480176211453745,20554441.414706,10564979.631905999,66.05020505978784,33.949794940212165,0.33,count,1902.05
ETH,181364,2026-08-06 13:27:29,SHORT,MODERATE,229,150,79,65.50218340611353,34.49781659388647,20539192.114303,10497541.250241,66.17704212959065,33.822957870409354,0.31,count,1895.15
ETH,181500,2026-08-06 14:32:44,SHORT,MODERATE,227,153,74,67.40088105726872,32.59911894273127,20753224.187674,10669753.153538,66.04474159886702,33.95525840113297,0.348,count,1905.55
ETH,181637,2026-08-06 15:38:17,SHORT,MODERATE,231,155,76,67.09956709956711,32.900432900432904,20868165.5686,10616122.739262,66.2812046584803,33.718795341519694,0.342,count,1915.45
ETH,181706,2026-08-06 16:10:54,SHORT,MODERATE,230,154,76,66.95652173913044,33.04347826086956,20823779.551802,10582199.017682,66.305144753667,33.69485524633301,0.339,count,1910.75
ETH,181782,2026-08-26 08:37:24,SHORT,STRONG,225,160,65,71.11111111111111,28.888888888888886,18529954.215207,2965006.710299,86.20603814738405,13.79396185261594,0.422,count,2460.85
ETH,181916,2026-08-26 09:42:55,SHORT,STRONG,227,163,64,71.80616740088107,28.193832599118945,27574439.228458,2876601.428702,90.55335592274538,9.446644077254614,0.436,count,2445.45
ETH,182059,2026-08-26 10:48:20,SHORT,STRONG,228,163,65,71.49122807017544,28.50877192982456,27840510.053054,2914869.452028,90.52240779033032,9.47759220966969,0.43,count,2465.95
ETH,182201,2026-08-28 09:59:35,SHORT,STRONG,231,164,67,70.995670995671,29.004329004329005,25773902.28859,3350716.07863,88.49524468824883,11.50475531175117,0.42,count,2489.05
ETH,182273,2026-08-28 10:32:26,SHORT,STRONG,231,163,68,70.56277056277057,29.43722943722944,25717666.367553,3261476.797593,88.7454339867589,11.254566013241089,0.411,count,2492.45
ETH,182342,2026-08-28 11:05:06,SHORT,STRONG,231,165,66,71.42857142857143,28.57142857142857,25866262.187605,3352766.424248,88.52540079690426,11.474599203095739,0.429,count,2509.1
ETH,182483,2026-08-28 13:33:48,SHORT,STRONG,227,160,67,70.48458149779736,29.515418502202646,25471565.902673,3338080.129733,88.41332473860241,11.586675261397597,0.41,count,2501.95
ETH,182624,2026-08-28 14:39:12,SHORT,STRONG,228,161,67,70.6140350877193,29.385964912280706,25658799.723830998,3615201.316845,87.6504707647523,12.349529235247706,0.412,count,2517.45
ETH,182765,2026-08-28 15:44:13,SHORT,STRONG,222,158,64,71.17117117117117,28.82882882882883,25085604.739873,3685535.758968,87.1901645361731,12.809835463826907,0.423,count,2488.45
ETH,182908,2026-08-28 16:49:19,SHORT,MODERATE,212,148,64,69.81132075471697,30.18867924528302,24118053.366223,3555619.04015,87.15161837598694,12.848381624013053,0.396,count,2441.95
ETH,182963,2026-09-02 13:49:42,SHORT,STRONG,224,157,67,70.08928571428571,29.910714285714285,24730117.92644,4074223.990075,85.85552135895512,14.144478641044875,0.402,count,2404.45
ETH,183111,2026-09-02 14:55:19,SHORT,MODERATE,228,156,72,68.42105263157895,31.57894736842105,24352109.55178,4156715.466197,85.4195482852209,14.580451714779096,0.368,count,2397.75
ETH,183183,2026-09-02 15:27:58,SHORT,MODERATE,227,156,71,68.72246696035242,31.277533039647576,24206136.591431,4248146.747259,85.07027326362957,14.92972673637044,0.374,count,2388.25
ETH,183232,2026-09-07 07:32:13,SHORT,MODERATE,62,41,21,66.12903225806451,33.87096774193548,1783360.16989,686192.90043,72.21388320514673,27.786116794853267,0.323,count,2491.85
ETH,183362,2026-09-07 08:37:25,SHORT,MODERATE,214,145,69,67.7570093457944,32.242990654205606,36669457.414825,3020715.104456,92.38926184312105,7.610738156878945,0.355,count,2490.75
ETH,183435,2026-09-07 09:09:56,SHORT,MODERATE,218,147,71,67.43119266055045,32.56880733944954,36651940.125432,3003713.695111,92.42550959138399,7.574490408616015,0.349,count,2493.75
ETH,183580,2026-09-07 10:57:26,SHORT,MODERATE,216,146,70,67.5925925925926,32.407407407407405,36660881.199436,3009385.433462,92.4140025039147,7.585997496085288,0.352,count,2488.75
ETH,183654,2026-09-07 11:30:14,SHORT,MODERATE,217,146,71,67.2811059907834,32.71889400921659,36681186.302326,3028710.959898,92.37290658321795,7.627093416782044,0.346,count,2491.55
ETH,183806,2026-09-07 14:39:13,SHORT,MODERATE,214,143,71,66.82242990654206,33.177570093457945,36524532.097346,3005000.639274,92.39808712312407,7.601912876875925,0.336,count,2479.65
ETH,183952,2026-09-07 15:44:52,SHORT,MODERATE,217,148,69,68.20276497695853,31.797235023041477,37523450.02641,2636491.321427,93.43502198224948,6.564978017750518,0.364,count,2468.95
ETH,184024,2026-09-08 07:32:36,SHORT,MODERATE,216,149,67,68.98148148148148,31.01851851851852,39709354.032862,4423209.403734,89.97744735564999,10.022552644350016,0.38,count,2478.65
ETH,184171,2026-09-08 08:37:47,SHORT,MODERATE,218,151,67,69.26605504587155,30.73394495412844,39750176.226066,3620693.4929380002,91.65178490448508,8.348215095514918,0.385,count,2479.75
ETH,184318,2026-09-08 09:43:02,SHORT,MODERATE,218,151,67,69.26605504587155,30.73394495412844,40458511.261336,3659903.401548,91.70436329248474,8.29563670751526,0.385,count,2493.55
ETH,184466,2026-09-08 10:48:14,SHORT,MODERATE,222,155,67,69.81981981981981,30.180180180180184,40426149.361134,3660041.2172209998,91.69798712656754,8.302012873432458,0.396,count,2483.85
ETH,184610,2026-09-08 14:39:56,SHORT,STRONG,215,151,64,70.23255813953489,29.767441860465116,41019508.238917,3390196.845809,92.36609016128098,7.633909838719023,0.405,count,2479.45
ETH,184759,2026-09-08 15:45:07,SHORT,STRONG,217,153,64,70.50691244239631,29.493087557603687,40734797.426284,3562294.681526,91.9581748778089,8.041825122191112,0.41,count,2495.95
ETH,184908,2026-09-08 16:50:24,SHORT,STRONG,224,157,67,70.08928571428571,29.910714285714285,40725326.80441,3875450.255975,91.31080104113876,8.689198958861247,0.402,count,2497.45
ETH,185056,2026-09-09 07:40:03,SHORT,STRONG,223,159,64,71.30044843049326,28.699551569506728,41133188.552194,3862621.053674,91.41559828013348,8.584401719866525,0.426,count,2512.85
ETH,185204,2026-09-09 08:45:36,SHORT,STRONG,227,166,61,73.12775330396477,26.87224669603524,41868170.884151,3866861.105366,91.54507838487501,8.454921615124986,0.463,count,2517.75
ETH,185279,2026-09-09 10:01:05,SHORT,STRONG,226,163,63,72.12389380530973,27.876106194690266,41297177.797198996,3331073.111124,92.5359541471459,7.464045852854088,0.442,count,2491.65
ETH,185355,2026-09-09 13:59:31,SHORT,STRONG,225,164,61,72.88888888888889,27.111111111111114,41249213.696441,3796528.771832,91.57183661806441,8.428163381935603,0.458,count,2500.45
ETH,185432,2026-09-09 14:32:05,SHORT,STRONG,228,164,64,71.9298245614035,28.07017543859649,42260438.897753,4117086.076052,91.12266970180617,8.877330298193826,0.439,count,2511.45
ETH,185510,2026-09-09 15:04:40,SHORT,STRONG,227,162,65,71.36563876651982,28.634361233480178,41909411.066447,3775813.1554550002,91.73515459371471,8.264845406285286,0.427,count,2494.8
ETH,185646,2026-09-10 06:49:00,SHORT,STRONG,220,159,61,72.27272727272728,27.727272727272727,29777984.611568,2597187.856048,91.97784086356329,8.022159136436713,0.445,count,2478.35
ETH,185790,2026-09-10 09:58:09,SHORT,STRONG,220,157,63,71.36363636363636,28.636363636363637,29680729.214582,2535375.789622,92.130098317934,7.869901682066001,0.427,count,2465.25
ETH,185861,2026-09-10 13:56:31,SHORT,STRONG,222,158,64,71.17117117117117,28.82882882882883,30274563.13339,2498748.377896,92.37566097940541,7.624339020594601,0.423,count,2433.05
ETH,185933,2026-09-10 14:29:06,SHORT,STRONG,225,160,65,71.11111111111111,28.888888888888886,30382625.974324,2513774.730493,92.35851133669797,7.641488663302029,0.422,count,2441.95
ETH,186078,2026-09-10 15:34:10,SHORT,STRONG,223,157,66,70.4035874439462,29.596412556053814,30520204.015188,2761585.815995,91.70241194958943,8.297588050410566,0.408,count,2438.15
ETH,186224,2026-09-11 09:59:36,SHORT,MODERATE,222,154,68,69.36936936936937,30.630630630630627,43156700.561999,2496233.836926,94.53215029922639,5.467849700773626,0.387,count,2469.75
ETH,186292,2026-09-11 12:39:35,SHORT,STRONG,215,156,59,72.55813953488372,27.44186046511628,43041851.703726,2276711.282971,94.97620592330053,5.023794076699464,0.451,count,2497.35
ETH,186446,2026-09-11 13:44:42,SHORT,STRONG,220,157,63,71.36363636363636,28.636363636363637,44968583.485565,2522764.039701,94.6879501821698,5.3120498178302,0.427,count,2517.5
ETH,186525,2026-09-11 14:17:44,SHORT,MODERATE,218,148,70,67.88990825688074,32.11009174311927,44200408.000406,7559198.136566,85.39556480286575,14.604435197134254,0.358,count,2517.5
ETH,186662,2026-09-14 07:55:31,SHORT,STRONG,230,161,69,70.0,30.0,34835391.469374,2299901.29579,93.80669674443095,6.193303255569049,0.4,count,2520.95
ETH,186730,2026-09-14 08:28:06,SHORT,STRONG,225,162,63,72.0,28.000000000000004,34599809.963786,2166076.55698,94.10846096215697,5.891539037843037,0.44,count,2525.65
ETH,186850,2026-09-14 09:41:39,SHORT,STRONG,16,13,3,81.25,18.75,8164946.79436,14819.795100000001,99.81882374102098,0.18117625897902734,0.333,count,2518.15
ETH,186892,2026-09-14 10:53:23,SHORT,STRONG,230,162,68,70.43478260869566,29.565217391304348,33731089.094918996,2541135.953016,92.99426503431262,7.0057349656873855,0.409,count,2515.45
ETH,186970,2026-09-15 07:51:21,SHORT,MODERATE,220,153,67,69.54545454545455,30.454545454545457,41076918.977492,3637697.139666,91.86463520085968,8.13536479914033,0.391,count,2473.15
ETH,187109,2026-09-15 08:56:40,SHORT,MODERATE,218,151,67,69.26605504587155,30.73394495412844,41989083.1444,3636056.17911,92.0305861351389,7.969413864861101,0.385,count,2476.05
ETH,187157,2026-09-15 09:34:00,SHORT,MODERATE,86,58,28,67.44186046511628,32.55813953488372,4951486.261299,716542.116968,87.35817696828323,12.641823031716767,0.349,count,2473.65
ETH,187294,2026-09-15 10:39:14,SHORT,STRONG,219,154,65,70.31963470319634,29.68036529680365,42137870.449411,3620613.227394,92.08755855424184,7.912441445758159,0.406,count,2474.25
ETH,187423,2026-09-16 08:43:40,SHORT,STRONG,232,164,68,70.6896551724138,29.310344827586203,30145477.847756,3161718.157982,90.50740219189477,9.492597808105236,0.414,count,2392.65
ETH,187550,2026-09-16 09:48:46,SHORT,MODERATE,231,160,71,69.26406926406926,30.735930735930733,29566193.387646,3093632.875891,90.52771177982389,9.472288220176114,0.385,count,2402.45
ETH,187613,2026-09-16 14:29:37,SHORT,MODERATE,230,158,72,68.69565217391305,31.30434782608696,29621344.731023,1707262.171077,94.55046891675684,5.449531083243156,0.374,count,2402.45
ETH,187742,2026-09-16 15:34:55,SHORT,STRONG,227,161,66,70.92511013215858,29.074889867841406,29621948.497686,1554639.86935,95.01343812527682,4.986561874723183,0.419,count,2385.15
ETH,187807,2026-09-16 16:07:31,SHORT,STRONG,227,161,66,70.92511013215858,29.074889867841406,29763687.385493,2643841.389599,91.84189140755767,8.158108592442327,0.419,count,2392.95
ETH,187940,2026-09-17 07:33:59,SHORT,STRONG,234,164,70,70.08547008547008,29.914529914529915,31428349.148075,2368838.200098,92.99101970914141,7.008980290858595,0.402,count,2447.85
ETH,187999,2026-09-17 08:53:40,SHORT,MODERATE,74,48,26,64.86486486486487,35.13513513513514,4482719.523966,593234.460031,88.31284795131526,11.687152048684737,0.297,count,2443.25
ETH,188113,2026-09-17 09:59:07,SHORT,STRONG,236,174,62,73.72881355932203,26.27118644067797,31416925.255569,2204202.1099219997,93.4439970261544,6.556002973845579,0.475,count,2438.05
ETH,188186,2026-09-17 10:31:40,SHORT,STRONG,234,170,64,72.64957264957265,27.350427350427353,31351487.901305,2189475.251065,93.47223500673297,6.527764993267021,0.453,count,2432.75
ETH,188323,2026-09-17 13:41:02,SHORT,STRONG,237,178,59,75.10548523206751,24.894514767932492,31779865.198383998,1587574.594532,95.2421444246704,4.757855575329596,0.502,count,2435.95
ETH,188469,2026-09-17 14:46:11,SHORT,STRONG,241,180,61,74.68879668049793,25.311203319502074,31567972.117192,1846935.102802,94.4727211401716,5.527278859828394,0.494,count,2466.85
ETH,188541,2026-09-17 15:18:44,SHORT,STRONG,241,177,64,73.44398340248964,26.556016597510375,32246431.076921,2033042.067414,94.06921436962055,5.930785630379441,0.469,count,2455.35
ETH,188612,2026-09-17 16:02:35,SHORT,STRONG,238,175,63,73.52941176470588,26.47058823529412,31578841.55885,1976664.593321,94.10926902918104,5.8907309708189635,0.471,count,2455.35
ETH,188686,2026-09-18 07:41:27,SHORT,STRONG,233,176,57,75.53648068669528,24.463519313304722,31339877.547099,1972023.67875,94.0801227003526,5.9198772996474025,0.511,count,2489.25
ETH,188835,2026-09-18 08:52:18,SHORT,STRONG,230,171,59,74.34782608695653,25.65217391304348,30529143.422955,2142273.430144,93.44297359439189,6.55702640560811,0.487,count,2495.65
ETH,188984,2026-09-18 09:57:56,SHORT,STRONG,232,172,60,74.13793103448276,25.862068965517242,31313379.842945,2637322.578234,92.23190570399275,7.7680942960072485,0.483,count,2508.55
SOL,5357,2025-12-23 09:39:34,SHORT,MODERATE,75,41,34,54.666666666666664,45.33333333333333,3924430.5447,1651198.417,70.38543223836487,29.614567761635136,0.093,count,124.025
SOL,5400,2025-12-23 10:40:42,SHORT,MODERATE,76,43,33,56.57894736842105,43.42105263157895,3979021.4788,1663394.1731,70.51982208117057,29.48017791882944,0.132,count,124.445
SOL,5441,2025-12-23 11:41:51,SHORT,MODERATE,77,45,32,58.44155844155844,41.55844155844156,4006047.5391,1620153.1478000002,71.20342415846717,28.79657584153284,0.169,count,124.855
SOL,5484,2025-12-23 12:43:00,SHORT,MODERATE,77,44,33,57.14285714285714,42.857142857142854,4036787.9265,1420572.9871,73.969597950543,26.030402049457006,0.143,count,124.275
SOL,5526,2025-12-23 13:44:09,SHORT,MODERATE,72,40,32,55.55555555555556,44.44444444444444,3908491.3682999997,1523113.4773,71.95831580911424,28.041684190885757,0.111,count,123.655
SOL,5569,2025-12-23 14:45:21,SHORT,MODERATE,71,38,33,53.52112676056338,46.478873239436616,3760093.748,1576032.4025,70.46485862497227,29.535141375027727,0.07,count,122.825
SOL,5628,2025-12-23 15:48:56,SHORT,MODERATE,72,38,34,52.77777777777778,47.22222222222222,3548465.7109000003,1649810.0986,68.26235930796662,31.73764069203338,0.056,count,123.025
SOL,5661,2025-12-23 16:50:05,SHORT,MODERATE,69,41,28,59.42028985507246,40.57971014492754,3566520.0153,1522245.9945,70.0861467874836,29.9138532125164,0.188,count,124.385
SOL,5695,2025-12-23 17:31:09,SHORT,MODERATE,69,42,27,60.86956521739131,39.130434782608695,3623150.6028,1487610.7848,70.89257995082063,29.107420049179368,0.217,count,124.085
SOL,5731,2025-12-23 18:32:18,SHORT,MODERATE,75,47,28,62.66666666666667,37.333333333333336,3602940.6188,1417330.1425,71.76785456621502,28.23214543378498,0.253,count,123.515
SOL,5767,2025-12-23 19:33:27,SHORT,MODERATE,76,48,28,63.1578947368421,36.84210526315789,3630740.9653,1418844.4798,71.90176312043964,28.098236879560357,0.263,count,123.525
SOL,5804,2025-12-23 20:34:35,SHORT,MODERATE,77,49,28,63.63636363636363,36.36363636363637,3572472.9824,1440110.5104999999,71.2700943028715,28.7299056971285,0.273,count,124.045
SOL,5841,2025-12-23 21:35:44,SHORT,MODERATE,76,48,28,63.1578947368421,36.84210526315789,3675256.651,1381380.2154,72.68183870234182,27.31816129765818,0.263,count,124.405
SOL,5877,2025-12-23 22:36:52,SHORT,MODERATE,76,49,27,64.47368421052632,35.526315789473685,3651872.1394,1371120.7582,72.70311174727868,27.296888252721303,0.289,count,123.575
SOL,5916,2025-12-23 23:38:01,SHORT,MODERATE,76,48,28,63.1578947368421,36.84210526315789,3650697.0241,1439169.8993,71.72480300646754,28.275196993532465,0.263,count,123.935
SOL,5951,2025-12-24 00:39:10,SHORT,MODERATE,73,48,25,65.75342465753424,34.24657534246575,3651417.3862,1420087.7315,71.99869272449773,28.001307275502267,0.315,count,123.865
SOL,5986,2025-12-24 01:40:18,SHORT,MODERATE,73,47,26,64.38356164383562,35.61643835616438,3642305.7693,1771566.2540000002,67.27727869488592,32.72272130511409,0.288,count,123.425
SOL,6020,2025-12-24 02:41:27,SHORT,MODERATE,67,43,24,64.17910447761194,35.82089552238806,3605921.3469,1412567.157,71.85273701628972,28.14726298371027,0.284,count,122.365
SOL,6060,2025-12-24 03:42:35,SHORT,MODERATE,72,43,29,59.72222222222222,40.27777777777778,3403687.1369,1581646.0354,68.27401538199899,31.725984618001014,0.194,count,122.455
SOL,6097,2025-12-24 04:43:44,SHORT,MODERATE,73,44,29,60.273972602739725,39.726027397260275,3407911.4324,1569829.9144000001,68.46300751626671,31.53699248373329,0.205,count,121.815
SOL,6137,2025-12-24 05:44:52,SHORT,MODERATE,69,41,28,59.42028985507246,40.57971014492754,3336438.1929,1582370.9847,67.8302018320606,32.1697981679394,0.188,count,121.335
SOL,6173,2025-12-24 06:46:01,SHORT,MODERATE,73,44,29,60.273972602739725,39.726027397260275,3299954.5595,1604020.2543,67.2914255231039,32.7085744768961,0.205,count,121.385
SOL,6210,2025-12-24 07:47:10,SHORT,MODERATE,73,45,28,61.64383561643836,38.35616438356164,3324731.5164,1570113.2141,67.92312523589251,32.0768747641075,0.233,count,121.585
SOL,6248,2025-12-24 08:48:18,SHORT,MODERATE,76,47,29,61.8421052631579,38.15789473684211,3340636.7327,1585225.4996,67.81831434088198,32.18168565911802,0.237,count,121.455
SOL,6285,2025-12-24 09:49:27,SHORT,MODERATE,76,47,29,61.8421052631579,38.15789473684211,3278838.1836,1587068.1125,67.38391543273188,32.616084567268125,0.237,count,121.625
SOL,6341,2025-12-24 10:52:40,SHORT,MODERATE,79,48,31,60.75949367088608,39.24050632911392,3238544.0429000002,1626895.5617,66.56220827072107,33.43779172927892,0.215,count,122.005
SOL,6397,2025-12-24 11:58:53,SHORT,MODERATE,81,51,30,62.96296296296296,37.03703703703704,3255244.4132,1633818.0742000001,66.5821805630293,33.417819436970696,0.259,count,122.055
SOL,6414,2025-12-24 12:29:28,SHORT,MODERATE,80,51,29,63.74999999999999,36.25,3247708.4611,1631694.6174,66.55954445350707,33.44045554649293,0.275,count,122.165
SOL,6448,2025-12-24 13:30:38,SHORT,MODERATE,82,53,29,64.63414634146342,35.36585365853659,3263674.6732,1647414.4771999998,66.45521132382986,33.54478867617015,0.293,count,122.225
SOL,6486,2025-12-24 14:31:47,SHORT,MODERATE,80,51,29,63.74999999999999,36.25,3240371.6192,1642046.958,66.36816503877692,33.63183496122308,0.275,count,121.745
SOL,6528,2025-12-24 15:32:56,SHORT,MODERATE,79,47,32,59.49367088607595,40.50632911392405,3227081.8073,1689284.6959000002,65.63956949099571,34.36043050900429,0.19,count,122.165
SOL,6569,2025-12-24 16:34:06,SHORT,MODERATE,74,46,28,62.16216216216216,37.83783783783784,3306573.0203,1611733.7198,67.22990645013674,32.77009354986326,0.243,count,123.335
SOL,6611,2025-12-24 17:35:15,SHORT,MODERATE,76,48,28,63.1578947368421,36.84210526315789,3377806.3894,1567262.2565000001,68.30656217888036,31.69343782111965,0.263,count,122.815
SOL,6653,2025-12-24 18:36:24,SHORT,MODERATE,75,47,28,62.66666666666667,37.333333333333336,3370314.0574000003,1587818.1994,67.9754771119239,32.0245228880761,0.253,count,122.285
SOL,6695,2025-12-24 19:37:33,SHORT,MODERATE,76,48,28,63.1578947368421,36.84210526315789,3403076.6298,1591681.425,68.13296244709227,31.86703755290774,0.263,count,122.535
SOL,6737,2025-12-24 20:38:42,SHORT,MODERATE,77,49,28,63.63636363636363,36.36363636363637,3481003.6267,1596775.4059,68.55366498525251,31.44633501474749,0.273,count,122.915
SOL,6779,2025-12-24 21:39:52,SHORT,MODERATE,77,49,28,63.63636363636363,36.36363636363637,3478803.785,1597307.2301999999,68.53285467128292,31.467145328717077,0.273,count,122.915
SOL,6821,2025-12-24 22:41:01,SHORT,MODERATE,77,49,28,63.63636363636363,36.36363636363637,3482293.2583,1597141.9588000001,68.55670186671155,31.443298133288444,0.273,count,123.185
SOL,6862,2025-12-24 23:42:10,SHORT,MODERATE,78,51,27,65.38461538461539,34.61538461538461,3467562.0031,1569508.0118,68.84085376702552,31.15914623297447,0.308,count,122.645
SOL,6905,2025-12-25 00:43:19,SHORT,MODERATE,79,50,29,63.29113924050633,36.708860759493675,3509520.232,1565440.0524,69.1536491977675,30.846350802232497,0.266,count,122.365
SOL,6946,2025-12-25 01:44:28,SHORT,MODERATE,79,50,29,63.29113924050633,36.708860759493675,3476592.4952000002,1629378.1064000002,68.08876835504262,31.911231644957383,0.266,count,122.625
SOL,6988,2025-12-25 02:45:37,SHORT,MODERATE,79,51,28,64.55696202531645,35.44303797468354,3498600.947,1636174.6584,68.13542043240774,31.864579567592262,0.291,count,123.105
SOL,7030,2025-12-25 03:46:46,SHORT,MODERATE,79,51,28,64.55696202531645,35.44303797468354,3484161.5488,1627300.4153,68.16369902135179,31.836300978648225,0.291,count,122.605
SOL,7072,2025-12-25 04:47:56,SHORT,MODERATE,79,51,28,64.55696202531645,35.44303797468354,3484708.84,1627366.654,68.16622415083606,31.833775849163935,0.291,count,122.605
SOL,7115,2025-12-25 05:49:05,SHORT,MODERATE,81,51,30,62.96296296296296,37.03703703703704,3478248.8393,1627378.2523,68.12579095372175,31.874209046278246,0.259,count,122.365
SOL,7157,2025-12-25 06:50:14,SHORT,MODERATE,81,51,30,62.96296296296296,37.03703703703704,3482249.1062,1634914.6884,68.05037411299439,31.949625887005613,0.259,count,122.435
SOL,7199,2025-12-25 07:51:23,SHORT,MODERATE,81,51,30,62.96296296296296,37.03703703703704,3473887.6339000002,1633247.8101000001,68.02027618008871,31.97972381991129,0.259,count,122.225
SOL,7242,2025-12-25 08:52:32,SHORT,MODERATE,80,50,30,62.5,37.5,3494586.8545,1658066.1204000001,67.82111800509564,32.178881994904366,0.25,count,122.155
SOL,7283,2025-12-25 09:53:42,SHORT,MODERATE,80,51,29,63.74999999999999,36.25,3495410.5561,1654353.0944,67.87516463518911,32.124835364810885,0.275,count,122.135
SOL,7329,2025-12-25 10:54:52,SHORT,MODERATE,78,47,31,60.256410256410255,39.743589743589745,3440956.6254,1653091.7537,67.54856588166007,32.45143411833994,0.205,count,121.505
SOL,7368,2025-12-25 11:56:01,SHORT,MODERATE,78,47,31,60.256410256410255,39.743589743589745,3447548.4395,1660409.3875,67.49367469865761,32.50632530134239,0.205,count,121.675
SOL,7410,2025-12-25 12:57:10,SHORT,MODERATE,80,49,31,61.25000000000001,38.75,3470491.1514000003,1663868.973,67.59345015374358,32.40654984625644,0.225,count,121.935
SOL,7452,2025-12-25 13:58:19,SHORT,MODERATE,80,49,31,61.25000000000001,38.75,3474660.5789,1670935.0155,67.52688809593793,32.47311190406207,0.225,count,122.065
SOL,7493,2025-12-25 14:59:28,SHORT,MODERATE,80,49,31,61.25000000000001,38.75,3473359.71,1669786.0377,67.53376008356902,32.46623991643098,0.225,count,122.055
SOL,7514,2025-12-25 15:30:03,SHORT,MODERATE,81,49,32,60.49382716049383,39.50617283950617,3489678.8802,1717636.7704999999,67.0149288862659,32.98507111373409,0.21,count,122.585
SOL,7558,2025-12-25 16:31:12,SHORT,MODERATE,78,46,32,58.97435897435898,41.02564102564102,3339702.1888,1616098.6131,67.3897584325745,32.6102415674255,0.179,count,124.305
SOL,7601,2025-12-25 17:32:22,SHORT,MODERATE,75,41,34,54.666666666666664,45.33333333333333,3264109.8476,1722933.34,65.45180630711248,34.54819369288752,0.093,count,122.945
SOL,7645,2025-12-25 18:33:30,SHORT,MODERATE,74,41,33,55.4054054054054,44.5945945945946,3298298.9003000003,1722975.6652000002,65.68648770895417,34.31351229104582,0.108,count,123.905
SOL,7691,2025-12-25 19:34:39,SHORT,MODERATE,75,41,34,54.666666666666664,45.33333333333333,3289194.2933,1728385.0815,65.55340827928819,34.44659172071181,0.093,count,123.585
SOL,7734,2025-12-25 20:35:49,SHORT,MODERATE,76,42,34,55.26315789473685,44.73684210526316,3282992.2547999998,1721183.4424,65.6050557264994,34.3949442735006,0.105,count,123.045
SOL,7776,2025-12-25 21:36:58,SHORT,MODERATE,75,42,33,56.00000000000001,44.0,3300284.7357,1713363.4941,65.82601300354197,34.17398699645803,0.12,count,123.395
SOL,7817,2025-12-25 22:38:07,SHORT,MODERATE,77,44,33,57.14285714285714,42.857142857142854,3305094.393,1707751.6437,65.93249361346378,34.06750638653621,0.143,count,122.965
SOL,7865,2025-12-25 23:39:17,SHORT,MODERATE,72,38,34,52.77777777777778,47.22222222222222,2984021.7883,1639123.8199,64.5452694158559,35.45473058414409,0.056,count,120.395
SOL,7906,2025-12-26 00:40:26,SHORT,MODERATE,74,40,34,54.054054054054056,45.94594594594595,2960297.0272,1628359.5138,64.513371195894,35.486628804106,0.081,count,119.905
SOL,7950,2025-12-26 01:41:35,SHORT,MODERATE,75,40,35,53.333333333333336,46.666666666666664,2982123.6191,1644807.4465,64.45143826047668,35.548561739523315,0.067,count,120.835
SOL,7988,2025-12-26 02:42:44,SHORT,MODERATE,70,40,30,57.14285714285714,42.857142857142854,3065251.648,1667055.7936,64.7728763574083,35.22712364259169,0.143,count,123.595
SOL,8029,2025-12-26 03:43:53,SHORT,MODERATE,71,40,31,56.33802816901409,43.66197183098591,3094533.1944,1669288.525,64.95904709863396,35.04095290136604,0.127,count,122.625
SOL,8068,2025-12-26 04:45:02,SHORT,MODERATE,73,42,31,57.534246575342465,42.465753424657535,3147595.5355999996,1531207.0502,67.27352731557515,32.72647268442484,0.151,count,122.565
SOL,8108,2025-12-26 05:46:12,SHORT,MODERATE,72,42,30,58.333333333333336,41.66666666666667,3162530.9217,1537398.3086,67.28890514587883,32.71109485412117,0.167,count,123.125
SOL,8148,2025-12-26 06:47:21,SHORT,MODERATE,71,41,30,57.74647887323944,42.25352112676056,3151199.9674,1540835.2018,67.16062121796256,32.83937878203746,0.155,count,123.375
SOL,8188,2025-12-26 07:48:30,SHORT,MODERATE,70,41,29,58.57142857142858,41.42857142857143,3136622.2661,1508447.2368,67.52584141403591,32.47415858596409,0.171,count,122.945
SOL,8228,2025-12-26 08:49:40,SHORT,MODERATE,72,43,29,59.72222222222222,40.27777777777778,3136392.8024,1502777.0867,67.60676753332827,32.393232466671726,0.194,count,122.455
SOL,8267,2025-12-26 09:51:09,SHORT,MODERATE,69,42,27,60.86956521739131,39.130434782608695,3179344.1457,1502325.6381,67.91047409412549,32.0895259058745,0.217,count,123.885
SOL,8307,2025-12-26 10:52:29,SHORT,MODERATE,67,42,25,62.68656716417911,37.3134328358209,3154573.9404,1450038.399,68.50900158103329,31.490998418966708,0.254,count,123.745
SOL,8349,2025-12-26 11:53:38,SHORT,MODERATE,68,43,25,63.23529411764706,36.76470588235294,3156070.8386999997,1449444.4155000001,68.52807263686339,31.471927363136604,0.265,count,123.705
SOL,8390,2025-12-26 12:54:47,SHORT,MODERATE,63,40,23,63.49206349206349,36.507936507936506,3107301.6067999997,1467137.5742,67.9274875859367,32.07251241406329,0.27,count,123.925
SOL,8431,2025-12-26 13:55:57,SHORT,MODERATE,66,42,24,63.63636363636363,36.36363636363637,3298349.5223,1387691.7327999999,70.38669407168105,29.61330592831895,0.273,count,124.905
SOL,8475,2025-12-26 14:57:06,SHORT,MODERATE,68,44,24,64.70588235294117,35.294117647058826,3280149.2078,1407577.8227000001,69.97312741245801,30.026872587541973,0.294,count,122.395
SOL,8517,2025-12-26 15:58:15,SHORT,MODERATE,71,47,24,66.19718309859155,33.80281690140845,3472334.9347,1397733.5527,71.29950931252279,28.700490687477227,0.324,count,121.315
SOL,8561,2025-12-26 16:59:24,SHORT,MODERATE,72,48,24,66.66666666666666,33.33333333333333,3466665.9398000003,1397474.2425,71.2698608566991,28.730139143300892,0.333,count,121.205
SOL,8583,2025-12-26 17:29:58,SHORT,MODERATE,73,49,24,67.12328767123287,32.87671232876712,3488749.7800000003,1335452.4588,72.31765185838917,27.68234814161083,0.342,count,121.935
SOL,8630,2025-12-26 18:31:08,SHORT,MODERATE,75,50,25,66.66666666666666,33.33333333333333,3515971.9642999996,1353328.3699,72.2069234383682,27.793076561631825,0.333,count,121.995
SOL,8676,2025-12-26 19:32:17,SHORT,MODERATE,75,50,25,66.66666666666666,33.33333333333333,3535724.4648,1353335.5753,72.31910501814335,27.680894981856657,0.333,count,121.965
SOL,8722,2025-12-26 20:33:26,SHORT,MODERATE,76,51,25,67.10526315789474,32.89473684210527,3539564.4199,1332485.4581,72.65041427188771,27.34958572811228,0.342,count,122.175
SOL,8768,2025-12-26 21:34:36,SHORT,MODERATE,77,51,26,66.23376623376623,33.76623376623377,3519650.8647,1334191.1989,72.51267796895607,27.487322031043927,0.325,count,122.295
SOL,8814,2025-12-26 22:35:45,SHORT,MODERATE,76,50,26,65.78947368421053,34.21052631578947,3502631.3936,1331192.4142,72.46088258219199,27.539117417808,0.316,count,122.025
SOL,8860,2025-12-26 23:36:54,SHORT,MODERATE,76,50,26,65.78947368421053,34.21052631578947,3517223.2711,1335446.0557,72.48017604816617,27.519823951833832,0.316,count,122.395
SOL,8906,2025-12-27 00:38:04,SHORT,MODERATE,76,50,26,65.78947368421053,34.21052631578947,3498124.8895,1349529.1461,72.16119103819324,27.83880896180676,0.316,count,121.905
SOL,8952,2025-12-27 01:39:13,SHORT,MODERATE,77,50,27,64.93506493506493,35.064935064935064,3509230.4282,1368195.4805,71.94841077832649,28.051589221673503,0.299,count,122.095
SOL,8998,2025-12-27 02:40:22,SHORT,MODERATE,77,49,28,63.63636363636363,36.36363636363637,3511921.1927,1369475.3255,71.94500958088548,28.054990419114528,0.273,count,122.195
SOL,9046,2025-12-27 03:41:31,SHORT,MODERATE,76,48,28,63.1578947368421,36.84210526315789,3469754.199,1379053.4004,71.558916865032,28.441083134967997,0.263,count,123.085
SOL,9090,2025-12-27 04:42:41,SHORT,MODERATE,71,45,26,63.38028169014085,36.61971830985916,3464916.0437000003,1354552.1476999999,71.89415732389101,28.105842676109,0.268,count,122.925
SOL,9136,2025-12-27 05:43:50,SHORT,MODERATE,71,45,26,63.38028169014085,36.61971830985916,3472829.1675,1356839.249,71.90616141753092,28.093838582469072,0.268,count,123.175
SOL,9182,2025-12-27 06:44:59,SHORT,MODERATE,71,45,26,63.38028169014085,36.61971830985916,3464413.6928,1354083.5611,71.8982186820999,28.10178131790011,0.268,count,122.915
SOL,9230,2025-12-27 07:46:08,SHORT,MODERATE,70,44,26,62.857142857142854,37.142857142857146,3450913.6670000004,1355746.2245,71.79442159206076,28.205578407939246,0.257,count,123.125
SOL,9275,2025-12-27 08:47:20,SHORT,MODERATE,71,45,26,63.38028169014085,36.61971830985916,3460985.2881,1354128.3217,71.87754160267373,28.122458397326266,0.268,count,122.975
SOL,9323,2025-12-27 09:48:29,SHORT,MODERATE,71,45,26,63.38028169014085,36.61971830985916,3463227.1129,1343374.4738,72.05147026295762,27.94852973704237,0.268,count,123.075
SOL,9372,2025-12-27 10:49:38,SHORT,MODERATE,71,45,26,63.38028169014085,36.61971830985916,3458005.6679,1340234.9087,72.06820109779319,27.9317989022068,0.268,count,122.815
SOL,9417,2025-12-27 11:50:48,SHORT,MODERATE,71,45,26,63.38028169014085,36.61971830985916,3462828.5353,1341890.6047,72.07140385108961,27.92859614891038,0.268,count,122.965
SOL,9462,2025-12-27 12:51:57,SHORT,MODERATE,71,45,26,63.38028169014085,36.61971830985916,3458531.1058,1339391.8225,72.08392376209817,27.916076237901834,0.268,count,122.735
SOL,9507,2025-12-27 13:53:06,SHORT,MODERATE,69,43,26,62.31884057971014,37.68115942028986,3443964.2572,1342364.2118,71.95419786806947,28.04580213193053,0.246,count,123.005
SOL,9551,2025-12-27 14:54:15,SHORT,MODERATE,69,44,25,63.76811594202898,36.231884057971016,3451998.7328,1342687.5897,71.99634137901415,28.00365862098583,0.275,count,123.115
SOL,9597,2025-12-27 15:55:24,SHORT,MODERATE,69,44,25,63.76811594202898,36.231884057971016,3456956.7728,1342230.0027,72.03213657880276,27.967863421197247,0.275,count,123.325
SOL,9647,2025-12-27 16:56:34,SHORT,MODERATE,65,40,25,61.53846153846154,38.46153846153847,3417294.3422,1328448.3339,72.00757764237432,27.992422357625692,0.231,count,122.925
SOL,9693,2025-12-27 17:57:43,SHORT,MODERATE,67,41,26,61.19402985074627,38.80597014925373,3429344.1174,1370053.3815,71.45363804906741,28.546361950932585,0.224,count,123.395
SOL,9738,2025-12-27 18:58:52,SHORT,MODERATE,68,42,26,61.76470588235294,38.23529411764706,3426087.9598,1368268.1189,71.46085738231173,28.539142617688274,0.235,count,123.205
SOL,9760,2025-12-27 19:29:27,SHORT,MODERATE,69,43,26,62.31884057971014,37.68115942028986,3437761.1168,1368403.9924,71.52815266831783,28.47184733168218,0.246,count,123.245
SOL,9809,2025-12-27 20:30:37,SHORT,MODERATE,70,42,28,60.0,40.0,3446309.8531,1373182.783,71.50773148371904,28.492268516280973,0.2,count,123.535
SOL,9852,2025-12-27 21:31:46,SHORT,MODERATE,69,43,26,62.31884057971014,37.68115942028986,3457096.8060000003,1374804.9106,71.54733288806646,28.45266711193353,0.246,count,123.995
SOL,9900,2025-12-27 22:32:55,SHORT,MODERATE,70,44,26,62.857142857142854,37.142857142857146,3468334.0653,1340947.3302,72.11751153811228,27.882488461887718,0.257,count,123.955
SOL,9949,2025-12-27 23:34:05,SHORT,MODERATE,75,48,27,64.0,36.0,3556149.0718,1357503.114,72.3728285464922,27.62717145350781,0.28,count,124.305
SOL,9997,2025-12-28 00:35:14,SHORT,MODERATE,73,48,25,65.75342465753424,34.24657534246575,3573087.3656,1328541.0741,72.89592447808401,27.10407552191598,0.315,count,124.405
SOL,10046,2025-12-28 01:36:23,SHORT,MODERATE,74,48,26,64.86486486486487,35.13513513513514,3533447.3677,1327954.7984,72.68370825890062,27.316291741099363,0.297,count,124.295
SOL,10094,2025-12-28 02:37:33,SHORT,MODERATE,74,48,26,64.86486486486487,35.13513513513514,3584280.1487,1330200.8148,72.93303556002267,27.066964439977326,0.297,count,124.225
SOL,10141,2025-12-28 03:38:42,SHORT,MODERATE,75,49,26,65.33333333333333,34.66666666666667,3598395.1082,1327704.7428,73.04754708675921,26.952452913240794,0.307,count,124.025
SOL,10188,2025-12-28 04:39:52,SHORT,MODERATE,76,50,26,65.78947368421053,34.21052631578947,3608973.8196,1328788.4661,73.08925806436176,26.91074193563826,0.316,count,124.125
SOL,10236,2025-12-28 05:41:02,SHORT,MODERATE,76,50,26,65.78947368421053,34.21052631578947,3552206.6380999996,1325098.7127999999,72.83133579989035,27.16866420010963,0.316,count,123.765
SOL,10285,2025-12-28 06:42:12,SHORT,MODERATE,77,51,26,66.23376623376623,33.76623376623377,3595940.8488,1329387.7548,73.00915610324294,26.990843896757056,0.325,count,124.095
SOL,10333,2025-12-28 07:43:21,SHORT,MODERATE,76,50,26,65.78947368421053,34.21052631578947,3568291.3284,1328265.2533,72.8734830050948,27.12651699490521,0.316,count,123.985
SOL,10383,2025-12-28 08:44:30,SHORT,MODERATE,76,49,27,64.47368421052632,35.526315789473685,3581637.9498,1344483.9283,72.7070510724236,27.292948927576393,0.289,count,124.335
SOL,10434,2025-12-28 09:45:39,SHORT,MODERATE,76,48,28,63.1578947368421,36.84210526315789,3550939.2863000003,1370024.6117,72.15942567152726,27.84057432847275,0.263,count,124.025
SOL,10477,2025-12-28 10:46:48,SHORT,MODERATE,78,51,27,65.38461538461539,34.61538461538461,3650392.3323000004,1374044.4053,72.6527673237989,27.3472326762011,0.308,count,124.435
SOL,10527,2025-12-28 11:47:57,SHORT,MODERATE,76,49,27,64.47368421052632,35.526315789473685,3666001.3428,1373492.6531,72.74542534989747,27.25457465010252,0.289,count,124.415
SOL,10575,2025-12-28 12:49:06,SHORT,MODERATE,75,48,27,64.0,36.0,3649654.4186000004,1373888.7107,72.65100198529713,27.34899801470288,0.28,count,124.415
SOL,10623,2025-12-28 13:50:16,SHORT,MODERATE,74,47,27,63.51351351351351,36.486486486486484,3611988.399,1435577.5393,71.55901365434174,28.440986345658253,0.27,count,124.635
SOL,10670,2025-12-28 14:51:25,SHORT,MODERATE,75,49,26,65.33333333333333,34.66666666666667,3647125.647,1663059.2235,68.68170762304537,31.318292376954638,0.307,count,124.705
SOL,10720,2025-12-28 15:52:34,SHORT,MODERATE,73,47,26,64.38356164383562,35.61643835616438,3615282.7661,1763798.4563,67.21004232181791,32.78995767818209,0.288,count,124.625
SOL,10768,2025-12-28 16:53:43,SHORT,MODERATE,75,49,26,65.33333333333333,34.66666666666667,3734640.6062,1828040.0572,67.13742585966327,32.862574140336726,0.307,count,124.295
SOL,10819,2025-12-28 17:54:53,SHORT,MODERATE,77,50,27,64.93506493506493,35.064935064935064,3742454.6376,1840787.8303,67.03012916090732,32.96987083909267,0.299,count,124.445
SOL,10875,2025-12-28 18:56:02,SHORT,MODERATE,77,46,31,59.74025974025974,40.25974025974026,3562328.7035,1928963.4333,64.87232175514731,35.12767824485269,0.195,count,123.235
SOL,10926,2025-12-28 19:57:14,SHORT,MODERATE,79,46,33,58.22784810126582,41.77215189873418,3456816.9134,2032992.424,62.967886513835914,37.03211348616407,0.165,count,123.315
SOL,10976,2025-12-28 20:58:24,SHORT,MODERATE,79,47,32,59.49367088607595,40.50632911392405,3451081.6071,2035692.4138,62.89819106736086,37.10180893263914,0.19,count,123.405
SOL,11026,2025-12-28 21:59:33,SHORT,MODERATE,77,45,32,58.44155844155844,41.55844155844156,3444217.2179,2053854.0333,62.644099367542225,37.355900632457775,0.169,count,123.775
SOL,11051,2025-12-28 22:30:07,SHORT,MODERATE,77,45,32,58.44155844155844,41.55844155844156,3445174.4796,2054563.1582,62.64252418008317,37.35747581991682,0.169,count,123.835
SOL,11095,2025-12-28 23:31:16,SHORT,MODERATE,73,45,28,61.64383561643836,38.35616438356164,3464883.9504,1834982.8291,65.37681218332216,34.623187816677834,0.233,count,124.135
SOL,11145,2025-12-29 00:32:25,SHORT,MODERATE,68,43,25,63.23529411764706,36.76470588235294,3762275.9888,1788962.1436,67.77363714306077,32.22636285693922,0.265,count,127.795
SOL,11193,2025-12-29 01:33:35,SHORT,MODERATE,70,45,25,64.28571428571429,35.714285714285715,3721623.9036,1787332.2576,67.55588163528478,32.44411836471522,0.286,count,126.525
SOL,11238,2025-12-29 02:34:44,SHORT,MODERATE,76,50,26,65.78947368421053,34.21052631578947,3743709.1975,2212720.9037,62.851559304721484,37.14844069527852,0.316,count,128.695
SOL,11286,2025-12-29 03:35:53,SHORT,MODERATE,76,51,25,67.10526315789474,32.89473684210527,3811254.7038,2418366.1523,61.17956119380919,38.8204388061908,0.342,count,128.955
SOL,11334,2025-12-29 04:37:02,SHORT,MODERATE,75,49,26,65.33333333333333,34.66666666666667,3816545.6369,2473029.4233999997,60.680500674682435,39.31949932531755,0.307,count,128.995
SOL,11381,2025-12-29 05:38:11,SHORT,MODERATE,75,49,26,65.33333333333333,34.66666666666667,3603517.1143,2856941.8962,55.77803540651378,44.22196459348622,0.307,count,128.085
SOL,11431,2025-12-29 06:39:21,SHORT,MODERATE,75,50,25,66.66666666666666,33.33333333333333,3668432.4695,2936055.5455,55.54453973068494,44.455460269315054,0.333,count,127.705
SOL,11481,2025-12-29 07:40:30,SHORT,MODERATE,74,49,25,66.21621621621621,33.78378378378378,3617197.0594,2937017.3595,55.18887281089406,44.811127189105946,0.324,count,127.775
SOL,11531,2025-12-29 08:41:40,SHORT,MODERATE,74,49,25,66.21621621621621,33.78378378378378,3631737.0877,2941523.7278,55.250159542372415,44.749840457627585,0.324,count,128.065
SOL,11583,2025-12-29 09:42:49,SHORT,MODERATE,77,47,30,61.038961038961034,38.961038961038966,3217938.3483,2992589.7462,51.81424670069175,48.18575329930826,0.221,count,126.115
SOL,11632,2025-12-29 10:43:59,SHORT,MODERATE,81,52,29,64.19753086419753,35.80246913580247,4561836.7476,2973130.4743,60.54222418302303,39.45777581697697,0.284,count,125.885
SOL,11682,2025-12-29 11:45:08,SHORT,MODERATE,77,49,28,63.63636363636363,36.36363636363637,4456772.2328,2955367.6418,60.128010374878585,39.871989625121415,0.273,count,125.225
SOL,11731,2025-12-29 12:46:18,SHORT,MODERATE,69,44,25,63.76811594202898,36.231884057971016,4581954.2025,2837490.5006,61.756026035015296,38.2439739649847,0.275,count,123.495
SOL,11781,2025-12-29 13:47:27,SHORT,MODERATE,73,47,26,64.38356164383562,35.61643835616438,4675053.9128,2843593.3147,62.17945557680442,37.82054442319557,0.288,count,123.565
SOL,11833,2025-12-29 14:48:37,SHORT,MODERATE,74,46,28,62.16216216216216,37.83783783783784,4378839.7943,2900906.9439,60.150990848655795,39.84900915134422,0.243,count,124.075
SOL,11886,2025-12-29 15:49:47,SHORT,MODERATE,74,45,29,60.810810810810814,39.189189189189186,4256361.6109,2935796.0503000002,59.18059379957798,40.81940620042202,0.216,count,123.585
SOL,11938,2025-12-29 16:50:56,SHORT,MODERATE,72,44,28,61.111111111111114,38.88888888888889,4202089.7715,2875030.5195,59.37570083193038,40.62429916806963,0.222,count,123.475
SOL,11990,2025-12-29 17:52:06,SHORT,MODERATE,73,44,29,60.273972602739725,39.726027397260275,4221845.4309,2915525.6713,59.15126690832528,40.848733091674724,0.205,count,123.745
SOL,12042,2025-12-29 18:53:15,SHORT,MODERATE,73,44,29,60.273972602739725,39.726027397260275,4205606.4294,2914803.647,59.06410423381553,40.93589576618447,0.205,count,123.155
SOL,12095,2025-12-29 19:54:24,SHORT,MODERATE,74,45,29,60.810810810810814,39.189189189189186,4207999.7265,2908607.3857,59.12929658975028,40.87070341024973,0.216,count,122.935
SOL,12146,2025-12-29 20:55:33,SHORT,MODERATE,74,45,29,60.810810810810814,39.189189189189186,4212315.722,2880391.0221,59.38939637542428,40.6106036245757,0.216,count,123.095
SOL,12194,2025-12-29 21:56:43,SHORT,MODERATE,72,45,27,62.5,37.5,4231084.3533,1405449.7043,75.06535594502498,24.93464405497501,0.25,count,123.475
SOL,12243,2025-12-29 22:57:52,SHORT,MODERATE,72,45,27,62.5,37.5,4232180.9257,1406103.7597,75.06149763347314,24.93850236652685,0.25,count,123.465
SOL,12290,2025-12-29 23:59:02,SHORT,MODERATE,71,44,27,61.97183098591549,38.028169014084504,4210756.9701,1389490.7852,75.18876224922363,24.811237750776378,0.239,count,123.255
SOL,12314,2025-12-30 00:29:36,SHORT,MODERATE,73,46,27,63.013698630136986,36.986301369863014,4225091.7185,1388972.0112,75.25906227512272,24.74093772487728,0.26,count,123.145
SOL,12363,2025-12-30 01:30:55,SHORT,MODERATE,75,47,28,62.66666666666667,37.333333333333336,4228070.3337,1391605.655,75.23690586791427,24.76309413208572,0.253,count,123.035
SOL,12411,2025-12-30 02:32:05,SHORT,MODERATE,76,48,28,63.1578947368421,36.84210526315789,4362215.0941,1542695.0226,73.87436909095332,26.125630909046688,0.263,count,122.835
SOL,12459,2025-12-30 03:33:14,SHORT,MODERATE,73,46,27,63.013698630136986,36.986301369863014,4144368.2409,1543059.5049,72.86893875637358,27.13106124362643,0.26,count,123.495
SOL,12507,2025-12-30 04:34:23,SHORT,MODERATE,72,45,27,62.5,37.5,4164922.5993,1549797.9692,72.8805993114937,27.119400688506296,0.25,count,123.965
SOL,12556,2025-12-30 05:35:32,SHORT,MODERATE,70,43,27,61.42857142857143,38.57142857142858,4059498.3074,1541244.0272000001,72.48143308292232,27.518566917077692,0.229,count,123.255
SOL,12604,2025-12-30 06:36:42,SHORT,MODERATE,71,43,28,60.56338028169014,39.436619718309856,4086575.0979999998,1551391.7741999999,72.48313426867249,27.51686573132752,0.211,count,123.705
SOL,12651,2025-12-30 07:37:51,SHORT,MODERATE,73,45,28,61.64383561643836,38.35616438356164,4103435.1488,1555479.9282,72.51275364562252,27.487246354377483,0.233,count,124.095
SOL,12700,2025-12-30 08:39:00,SHORT,MODERATE,73,44,29,60.273972602739725,39.726027397260275,4110774.2778,1585206.1371,72.16974038475816,27.830259615241854,0.205,count,124.835
SOL,12748,2025-12-30 09:40:11,SHORT,MODERATE,72,44,28,61.111111111111114,38.88888888888889,4105234.6712,1515050.0818,73.04317933372869,26.95682066627132,0.222,count,124.435
SOL,12797,2025-12-30 10:41:21,SHORT,MODERATE,72,43,29,59.72222222222222,40.27777777777778,4111534.507,1519663.2654,73.01349860506988,26.98650139493012,0.194,count,124.705
SOL,12845,2025-12-30 11:42:30,SHORT,MODERATE,72,43,29,59.72222222222222,40.27777777777778,4103936.6776,1518562.7288,72.99132255894159,27.008677441058417,0.194,count,124.245
SOL,12892,2025-12-30 12:43:39,SHORT,MODERATE,72,44,28,61.111111111111114,38.88888888888889,4056638.3611,1519890.4105,72.74486561890512,27.25513438109489,0.222,count,124.155
SOL,12939,2025-12-30 13:44:49,SHORT,MODERATE,72,45,27,62.5,37.5,4069351.2783,1319041.5198,75.52068735105749,24.479312648942496,0.25,count,124.275
SOL,12986,2025-12-30 14:45:58,SHORT,MODERATE,74,47,27,63.51351351351351,36.486486486486484,4183569.5192,1317360.188,76.05204468845062,23.94795531154938,0.27,count,124.225
SOL,13034,2025-12-30 15:47:07,SHORT,MODERATE,74,48,26,64.86486486486487,35.13513513513514,3841841.5696,1294365.1536,74.79920058993315,25.20079941006686,0.297,count,124.455
SOL,13081,2025-12-30 16:48:18,SHORT,MODERATE,70,47,23,67.14285714285714,32.857142857142854,4012966.756,1300497.9997,75.52448243295686,24.475517567043152,0.343,count,125.415
SOL,13129,2025-12-30 17:49:27,SHORT,MODERATE,70,46,24,65.71428571428571,34.285714285714285,4264576.8849,1353968.1808,75.9018008226777,24.098199177322297,0.314,count,124.625
SOL,13177,2025-12-30 18:50:38,SHORT,MODERATE,70,46,24,65.71428571428571,34.285714285714285,4645850.138,1350918.2489,77.47256252465753,22.527437475342456,0.314,count,124.455
SOL,13226,2025-12-30 19:51:47,SHORT,MODERATE,71,46,25,64.7887323943662,35.2112676056338,5011202.8686999995,1365219.8602,78.58956474117714,21.410435258822854,0.296,count,124.345
SOL,13274,2025-12-30 20:52:56,SHORT,MODERATE,72,46,26,63.888888888888886,36.11111111111111,5215066.6074,1389495.3369,78.96158218185553,21.03841781814447,0.278,count,124.035
SOL,13325,2025-12-30 21:54:05,SHORT,MODERATE,74,45,29,60.810810810810814,39.189189189189186,5188949.7589,1408539.8608,78.65036639702893,21.34963360297108,0.216,count,123.925
SOL,13370,2025-12-30 22:55:14,SHORT,MODERATE,72,46,26,63.888888888888886,36.11111111111111,5218724.7789,1392303.9581,78.93967771902608,21.060322280973924,0.278,count,124.265
SOL,13418,2025-12-30 23:56:31,SHORT,MODERATE,74,48,26,64.86486486486487,35.13513513513514,5285312.6952,1445524.8882,78.52384832810347,21.47615167189654,0.297,count,125.035
SOL,13466,2025-12-31 00:57:41,SHORT,MODERATE,73,48,25,65.75342465753424,34.24657534246575,5279924.4531,1441405.4027,78.55475875125849,21.445241248741514,0.315,count,124.885
SOL,13513,2025-12-31 01:58:50,SHORT,MODERATE,73,49,24,67.12328767123287,32.87671232876712,5377232.3279,1464688.479,78.59243741139362,21.40756258860638,0.342,count,125.495
SOL,13562,2025-12-31 02:59:59,SHORT,MODERATE,74,49,25,66.21621621621621,33.78378378378378,5400885.5353,1492817.5626,78.34520081007331,21.65479918992669,0.324,count,125.945
SOL,13586,2025-12-31 03:30:33,SHORT,MODERATE,74,48,26,64.86486486486487,35.13513513513514,5377358.7756,1492709.8428,78.27227170916316,21.727728290836833,0.297,count,125.425
SOL,13634,2025-12-31 04:31:43,SHORT,MODERATE,73,47,26,64.38356164383562,35.61643835616438,5379513.194,1497463.2596,78.22497619842656,21.775023801573422,0.288,count,125.625
SOL,13682,2025-12-31 05:32:53,SHORT,MODERATE,72,46,26,63.888888888888886,36.11111111111111,5363928.9348,1491657.541,78.24172233454419,21.758277665455804,0.278,count,125.615
SOL,13730,2025-12-31 06:34:02,SHORT,MODERATE,74,48,26,64.86486486486487,35.13513513513514,5381547.0102,1495254.2778,78.25654377407683,21.743456225923158,0.297,count,125.915
SOL,13778,2025-12-31 07:35:11,SHORT,MODERATE,74,48,26,64.86486486486487,35.13513513513514,5365178.2789,1492747.8593000001,78.23324676850775,21.76675323149225,0.297,count,125.695
SOL,13826,2025-12-31 08:36:20,SHORT,MODERATE,73,48,25,65.75342465753424,34.24657534246575,5155155.4647,1482696.0176,77.66301307654071,22.336986923459293,0.315,count,125.825
SOL,13873,2025-12-31 09:37:30,SHORT,MODERATE,74,49,25,66.21621621621621,33.78378378378378,5160477.6655,1484878.012,77.65540199710401,22.34459800289599,0.324,count,125.845
SOL,13922,2025-12-31 10:38:39,SHORT,MODERATE,73,49,24,67.12328767123287,32.87671232876712,5177593.4498000005,1386533.7898,78.87710370031627,21.122896299683724,0.342,count,126.015
SOL,13970,2025-12-31 11:39:48,SHORT,MODERATE,73,48,25,65.75342465753424,34.24657534246575,5270357.6476,1394092.202,79.08166115041479,20.91833884958521,0.315,count,126.545
SOL,14018,2025-12-31 12:40:57,SHORT,MODERATE,74,48,26,64.86486486486487,35.13513513513514,5290684.5718,1403876.2286,79.0295992454633,20.970400754536705,0.297,count,126.375
SOL,14066,2025-12-31 13:42:06,SHORT,MODERATE,73,47,26,64.38356164383562,35.61643835616438,5249991.9705,1393153.1187,79.02871155162788,20.971288448372132,0.288,count,126.005
SOL,14113,2025-12-31 14:43:15,SHORT,MODERATE,70,47,23,67.14285714285714,32.857142857142854,5260663.1146,1360219.1241000001,79.45562124410964,20.544378755890346,0.343,count,125.925
SOL,14163,2025-12-31 15:44:25,SHORT,MODERATE,67,42,25,62.68656716417911,37.3134328358209,4979515.754,1416809.3014,77.84963570286534,22.150364297134654,0.254,count,125.355
SOL,14214,2025-12-31 16:45:34,SHORT,MODERATE,64,38,26,59.375,40.625,4881149.9656,1445174.9092,77.15616984899644,22.843830151003548,0.188,count,124.425
SOL,14257,2025-12-31 17:46:43,SHORT,MODERATE,68,41,27,60.29411764705882,39.705882352941174,5071135.4199,1453569.6593,77.72206342423338,22.27793657576663,0.206,count,124.795
SOL,14303,2025-12-31 18:47:52,SHORT,MODERATE,67,41,26,61.19402985074627,38.80597014925373,5123422.1762,1399951.6003999999,78.53945445496673,21.46054554503327,0.224,count,124.845
SOL,14349,2025-12-31 19:49:01,SHORT,MODERATE,68,41,27,60.29411764705882,39.705882352941174,5052247.0268,1342941.4064,79.0007531376519,20.999246862348105,0.206,count,124.535
SOL,14396,2025-12-31 20:50:11,SHORT,MODERATE,68,42,26,61.76470588235294,38.23529411764706,4965891.6209,1596329.448,75.67394589058568,24.326054109414308,0.235,count,123.645
SOL,14444,2025-12-31 21:51:20,SHORT,MODERATE,70,44,26,62.857142857142854,37.142857142857146,5162255.9234,1604255.0752,76.29125149531387,23.708748504686135,0.257,count,124.305
SOL,14492,2025-12-31 22:52:29,SHORT,MODERATE,68,42,26,61.76470588235294,38.23529411764706,5234672.3282,1611011.8781,76.46675146631208,23.533248533687914,0.235,count,124.795
SOL,14540,2025-12-31 23:53:38,SHORT,MODERATE,68,42,26,61.76470588235294,38.23529411764706,5216373.9014,1608878.6638,76.42755856386604,23.572441436133946,0.235,count,124.645
SOL,14589,2026-01-01 00:54:47,SHORT,MODERATE,70,44,26,62.857142857142854,37.142857142857146,5280674.1172,1614422.4076,76.58593463059854,23.414065369401452,0.257,count,125.105
SOL,14635,2026-01-01 01:55:57,SHORT,MODERATE,70,45,25,64.28571428571429,35.714285714285715,5266094.3551,1576138.9238,76.96455441441205,23.035445585587954,0.286,count,125.315
SOL,14683,2026-01-01 02:57:06,SHORT,MODERATE,71,46,25,64.7887323943662,35.2112676056338,5266777.6521,1573085.0401,77.00121901724863,22.99878098275138,0.296,count,125.085
SOL,14731,2026-01-01 03:58:15,SHORT,MODERATE,70,45,25,64.28571428571429,35.714285714285715,5263323.1618,1572301.4774,76.99842281591383,23.001577184086173,0.286,count,124.985
SOL,14779,2026-01-01 04:59:24,SHORT,MODERATE,70,45,25,64.28571428571429,35.714285714285715,5173226.7972,1570749.9841,76.70884650054778,23.291153499452218,0.286,count,124.895
SOL,14803,2026-01-01 05:29:59,SHORT,MODERATE,70,45,25,64.28571428571429,35.714285714285715,5184226.0324,1572644.6985,76.72525106469624,23.274748935303773,0.286,count,125.055
SOL,14851,2026-01-01 06:31:08,SHORT,MODERATE,71,46,25,64.7887323943662,35.2112676056338,5203622.653299999,1572492.2238,76.79360146159468,23.206398538405328,0.296,count,125.005
SOL,14899,2026-01-01 07:32:17,SHORT,MODERATE,71,46,25,64.7887323943662,35.2112676056338,5188230.8943,1567536.6421,76.79706067957297,23.20293932042703,0.296,count,124.655
SOL,14947,2026-01-01 08:33:26,SHORT,MODERATE,71,47,24,66.19718309859155,33.80281690140845,5162894.7365,1566811.4519,76.71798131988713,23.282018680112877,0.324,count,124.605
SOL,14995,2026-01-01 09:34:35,SHORT,MODERATE,70,46,24,65.71428571428571,34.285714285714285,5170915.661,1570294.7753,76.70604129424157,23.293958705758435,0.314,count,124.905
SOL,15043,2026-01-01 10:35:44,SHORT,MODERATE,68,44,24,64.70588235294117,35.294117647058826,5159321.4849000005,1573728.7110000001,76.62680857543137,23.373191424568628,0.294,count,125.195
SOL,15091,2026-01-01 11:36:53,SHORT,MODERATE,68,44,24,64.70588235294117,35.294117647058826,5141103.4985,1569093.8714,76.61627840578133,23.383721594218677,0.294,count,124.825
SOL,15139,2026-01-01 12:38:02,SHORT,MODERATE,67,43,24,64.17910447761194,35.82089552238806,5147946.7757,1572050.9792000002,76.60637642246662,23.39362357753338,0.284,count,125.025
SOL,15187,2026-01-01 13:39:11,SHORT,MODERATE,68,43,25,63.23529411764706,36.76470588235294,5145247.928,1571734.7532,76.60058350903464,23.399416490965358,0.265,count,124.955
SOL,15232,2026-01-01 14:40:21,SHORT,MODERATE,65,41,24,63.07692307692307,36.92307692307693,5124701.3844,1545897.4202,76.82520766900328,23.174792330996723,0.262,count,124.665
SOL,15278,2026-01-01 15:41:30,SHORT,MODERATE,66,42,24,63.63636363636363,36.36363636363637,5169114.2092,1544957.3722,76.9892627227866,23.010737277213384,0.273,count,124.685
SOL,15324,2026-01-01 16:42:39,SHORT,MODERATE,68,42,26,61.76470588235294,38.23529411764706,5242539.2958,1574117.1934,76.90778175643793,23.092218243562066,0.235,count,124.545
SOL,15371,2026-01-01 17:43:50,SHORT,MODERATE,69,43,26,62.31884057971014,37.68115942028986,5298829.783,1553423.739,77.32973927464091,22.670260725359075,0.246,count,125.175
SOL,15416,2026-01-01 18:44:59,SHORT,MODERATE,70,43,27,61.42857142857143,38.57142857142858,5322670.3333,1552674.0917999998,77.41678095236055,22.583219047639442,0.229,count,125.185
SOL,15462,2026-01-01 19:46:08,SHORT,MODERATE,70,44,26,62.857142857142854,37.142857142857146,5325402.4317,1552047.0096,77.43281106103449,22.56718893896553,0.257,count,125.625
SOL,15510,2026-01-01 20:47:17,SHORT,MODERATE,71,44,27,61.97183098591549,38.028169014084504,5279128.2045,1461206.4009,78.32145603380938,21.67854396619062,0.239,count,125.355
SOL,15558,2026-01-01 21:48:26,SHORT,MODERATE,69,42,27,60.86956521739131,39.130434782608695,5271157.528,1465386.0983,78.24721133581001,21.752788664189996,0.217,count,125.345
SOL,15607,2026-01-01 22:49:35,SHORT,MODERATE,69,42,27,60.86956521739131,39.130434782608695,5166995.7703,1475066.7866,77.79203712756889,22.207962872431104,0.217,count,125.705
SOL,15657,2026-01-01 23:50:45,SHORT,MODERATE,68,41,27,60.29411764705882,39.705882352941174,5366505.5813,1540603.6383999998,77.69539195925856,22.304608040741446,0.206,count,126.875
SOL,15711,2026-01-02 00:51:54,SHORT,MODERATE,67,40,27,59.70149253731343,40.298507462686565,5428748.5784,1545588.659,77.83891706997255,22.161082930027458,0.194,count,126.735
SOL,15760,2026-01-02 01:53:03,SHORT,MODERATE,69,41,28,59.42028985507246,40.57971014492754,5469252.0576,1555846.1424,77.85303353624296,22.14696646375705,0.188,count,126.235
SOL,15812,2026-01-02 02:54:12,SHORT,MODERATE,66,38,28,57.57575757575758,42.42424242424242,5431006.605,1559455.8744,77.6916637633702,22.308336236629795,0.152,count,126.525
SOL,15854,2026-01-02 03:55:21,SHORT,MODERATE,69,42,27,60.86956521739131,39.130434782608695,5558921.7727,1467061.4163,79.11948581663479,20.880514183365207,0.217,count,127.685
SOL,15905,2026-01-02 04:56:30,SHORT,MODERATE,71,45,26,63.38028169014085,36.61971830985916,5567812.3964,1452122.4023,79.31430356633918,20.68569643366081,0.268,count,126.995
SOL,15956,2026-01-02 05:57:40,SHORT,MODERATE,72,46,26,63.888888888888886,36.11111111111111,5658617.6138,1462592.678,79.46145924542967,20.538540754570334,0.278,count,127.335
SOL,16006,2026-01-02 06:58:49,SHORT,MODERATE,73,47,26,64.38356164383562,35.61643835616438,5948585.8104,1462116.2804,80.27020567706882,19.72979432293117,0.288,count,127.265
SOL,16056,2026-01-02 07:59:58,SHORT,MODERATE,71,45,26,63.38028169014085,36.61971830985916,5859495.6992,1459285.5425,80.06108538692929,19.93891461307072,0.268,count,127.095
SOL,16080,2026-01-02 08:30:32,SHORT,MODERATE,71,46,25,64.7887323943662,35.2112676056338,5914667.7288999995,1454857.7114,80.25846137331774,19.741538626682257,0.296,count,127.485
SOL,16132,2026-01-02 09:31:43,SHORT,MODERATE,69,45,24,65.21739130434783,34.78260869565217,5934853.2758,1383073.4265,81.10020115307654,18.899798846923467,0.304,count,128.405
SOL,16184,2026-01-02 10:32:53,SHORT,MODERATE,70,45,25,64.28571428571429,35.714285714285715,6011411.5122,1400625.5686,81.10336533220868,18.896634667791314,0.286,count,129.015
SOL,16235,2026-01-02 11:34:02,SHORT,MODERATE,68,44,24,64.70588235294117,35.294117647058826,5910992.3211,1408579.5199,80.75598476935558,19.24401523064442,0.294,count,128.295
SOL,16284,2026-01-02 12:35:12,SHORT,MODERATE,68,44,24,64.70588235294117,35.294117647058826,5912394.1121000005,1422676.6372,80.60445923666424,19.39554076333577,0.294,count,128.205
SOL,16332,2026-01-02 13:36:21,SHORT,MODERATE,71,46,25,64.7887323943662,35.2112676056338,6036595.2129,1427600.9506,80.87401617898276,19.125983821017247,0.296,count,128.385
SOL,16380,2026-01-02 14:37:31,SHORT,MODERATE,68,43,25,63.23529411764706,36.76470588235294,5712430.8652,1402350.4666,80.28961957928209,19.710380420717907,0.265,count,127.405
SOL,16432,2026-01-02 15:38:41,SHORT,MODERATE,70,44,26,62.857142857142854,37.142857142857146,5827377.9354,1432573.7015,80.26744841909567,19.73255158090432,0.257,count,128.815
SOL,16485,2026-01-02 16:39:50,SHORT,MODERATE,68,44,24,64.70588235294117,35.294117647058826,6279118.2178,1251323.1378,83.38313680818382,16.616863191816183,0.294,count,131.025
SOL,16537,2026-01-02 17:41:00,SHORT,MODERATE,69,47,22,68.11594202898551,31.88405797101449,6190874.3496,1234825.1187,83.37092520413172,16.629074795868277,0.362,count,131.035
SOL,16593,2026-01-02 18:42:09,SHORT,MODERATE,71,46,25,64.7887323943662,35.2112676056338,6190159.3707,1281233.4104,82.85147832622225,17.148521673777754,0.296,count,131.095
SOL,16646,2026-01-02 19:43:19,SHORT,MODERATE,69,45,24,65.21739130434783,34.78260869565217,6400850.5274,1287791.6056000001,83.25072771858193,16.749272281418072,0.304,count,131.605
SOL,16700,2026-01-02 20:44:28,SHORT,MODERATE,68,44,24,64.70588235294117,35.294117647058826,6190634.9107,1286621.1979999999,82.79286974665774,17.20713025334226,0.294,count,131.515
SOL,16755,2026-01-02 21:45:37,SHORT,MODERATE,67,43,24,64.17910447761194,35.82089552238806,6082389.4042,1289107.3043,82.51227185907113,17.487728140928873,0.284,count,131.715
SOL,16808,2026-01-02 22:46:46,SHORT,MODERATE,68,46,22,67.64705882352942,32.35294117647059,6203070.2366,1272120.9636,82.98209464440235,17.017905355597645,0.353,count,132.895
SOL,16861,2026-01-02 23:47:55,SHORT,MODERATE,72,48,24,66.66666666666666,33.33333333333333,6131203.7190000005,1283698.9505,82.68758191823221,17.31241808176778,0.333,count,132.065
SOL,16915,2026-01-03 00:49:04,SHORT,MODERATE,74,50,24,67.56756756756756,32.432432432432435,6171840.604,1298244.9121,82.62074899541724,17.379251004582752,0.351,count,132.715
SOL,16966,2026-01-03 01:50:13,SHORT,MODERATE,75,51,24,68.0,32.0,6253038.1653,1300976.3516,82.77768266543004,17.222317334569958,0.36,count,132.595
SOL,17016,2026-01-03 02:51:22,SHORT,MODERATE,76,52,24,68.42105263157895,31.57894736842105,6307175.4847,1313148.8236,82.76780921030188,17.232190789698127,0.368,count,132.985
SOL,17071,2026-01-03 03:52:31,SHORT,MODERATE,78,53,25,67.94871794871796,32.05128205128205,6268695.0262,1316314.0318,82.64584759576961,17.35415240423039,0.359,count,132.865
SOL,17125,2026-01-03 04:53:41,SHORT,MODERATE,76,51,25,67.10526315789474,32.89473684210527,6196478.8191,1316784.6726,82.47386539744454,17.526134602555455,0.342,count,132.255
SOL,17180,2026-01-03 05:54:51,SHORT,MODERATE,75,49,26,65.33333333333333,34.66666666666667,6030047.1060999995,1332741.5941,81.89895638233108,18.101043617668914,0.307,count,131.855
SOL,17233,2026-01-03 06:56:00,SHORT,MODERATE,75,47,28,62.66666666666667,37.333333333333336,5897373.3276,1494954.7617,79.77694247819078,20.223057521809228,0.253,count,131.035
SOL,17287,2026-01-03 07:57:09,SHORT,MODERATE,78,48,30,61.53846153846154,38.46153846153847,5829415.2514,1497606.0247,79.56050667431472,20.43949332568528,0.231,count,130.045
SOL,17336,2026-01-03 08:58:18,SHORT,MODERATE,78,49,29,62.82051282051282,37.17948717948718,5857368.3711,1492003.3398,79.69889946392043,20.301100536079566,0.256,count,130.645
SOL,17390,2026-01-03 09:59:27,SHORT,MODERATE,78,50,28,64.1025641025641,35.8974358974359,5903003.3886,1498102.6286,79.75839523013933,20.241604769860665,0.282,count,131.155
SOL,17417,2026-01-03 10:30:02,SHORT,MODERATE,76,49,27,64.47368421052632,35.526315789473685,5947281.763,1482597.2463,80.04547255151492,19.95452744848508,0.289,count,130.955
SOL,17471,2026-01-03 11:31:11,SHORT,MODERATE,77,49,28,63.63636363636363,36.36363636363637,5933728.31,1484874.7088,79.98444309478381,20.01555690521619,0.273,count,130.585
SOL,17525,2026-01-03 12:32:20,SHORT,MODERATE,80,51,29,63.74999999999999,36.25,6064841.1638,1492550.2241,80.2504574992676,19.74954250073239,0.275,count,130.735
SOL,17579,2026-01-03 13:33:29,SHORT,MODERATE,81,53,28,65.4320987654321,34.5679012345679,6160798.4916,1359644.8172,81.9206825798551,18.0793174201449,0.309,count,131.225
SOL,17633,2026-01-03 14:34:39,SHORT,MODERATE,82,54,28,65.85365853658537,34.146341463414636,6234029.1472000005,1366977.6684,82.01583419719518,17.984165802804835,0.317,count,131.845
SOL,17687,2026-01-03 15:35:48,SHORT,MODERATE,80,52,28,65.0,35.0,6326545.4995,1364064.5092,82.26324689905088,17.73675310094911,0.3,count,131.695
SOL,17742,2026-01-03 16:36:57,SHORT,MODERATE,80,52,28,65.0,35.0,6328740.5104,1386090.8,82.03342698975833,17.966573010241667,0.3,count,131.865
SOL,17796,2026-01-03 17:38:06,SHORT,MODERATE,78,50,28,64.1025641025641,35.8974358974359,6341312.027,1398374.0127,81.93241940917021,18.06758059082979,0.282,count,131.955
SOL,17852,2026-01-03 18:39:15,SHORT,MODERATE,80,51,29,63.74999999999999,36.25,3938201.5656,1420843.0516000001,73.48700835518768,26.51299164481231,0.275,count,131.945
SOL,17906,2026-01-03 19:40:25,SHORT,MODERATE,81,51,30,62.96296296296296,37.03703703703704,3834059.8512,1816238.5975000001,67.85588205667484,32.14411794332517,0.259,count,131.675
SOL,17958,2026-01-03 20:41:34,SHORT,MODERATE,76,50,26,65.78947368421053,34.21052631578947,5241698.6235,1384578.2309,79.10473315070425,20.895266849295744,0.316,count,131.865
SOL,18012,2026-01-03 21:42:43,SHORT,MODERATE,80,54,26,67.5,32.5,6238929.812,1427916.0918,81.37544291724623,18.62455708275377,0.35,count,132.715
SOL,18067,2026-01-03 22:43:52,SHORT,MODERATE,76,52,24,68.42105263157895,31.57894736842105,6322471.7272,1405541.3851,81.81238353668263,18.187616463317376,0.368,count,133.295
SOL,18122,2026-01-03 23:45:02,SHORT,MODERATE,76,52,24,68.42105263157895,31.57894736842105,6382143.4523,1395082.8953,82.06194814259825,17.93805185740175,0.368,count,133.395
SOL,18177,2026-01-04 00:46:11,SHORT,MODERATE,74,51,23,68.91891891891892,31.08108108108108,6354471.1167,1285262.5982000001,83.17660475922985,16.82339524077016,0.378,count,133.945
SOL,18228,2026-01-04 01:47:20,SHORT,MODERATE,73,50,23,68.4931506849315,31.506849315068493,6356064.3997,1281670.7776,83.21922994385515,16.78077005614485,0.37,count,133.425
SOL,18280,2026-01-04 02:48:29,SHORT,MODERATE,73,50,23,68.4931506849315,31.506849315068493,6411317.2681,1281320.9947,83.34354286622053,16.656457133779472,0.37,count,133.545
SOL,18332,2026-01-04 03:49:38,SHORT,MODERATE,71,49,22,69.01408450704226,30.985915492957744,6441512.318,1289362.1473,83.32191069603707,16.678089303962924,0.38,count,134.395
SOL,18384,2026-01-04 04:50:53,SHORT,MODERATE,71,49,22,69.01408450704226,30.985915492957744,6357785.9794,1298264.5163999998,83.04263383434828,16.95736616565172,0.38,count,134.395
SOL,18437,2026-01-04 05:52:09,SHORT,MODERATE,73,51,22,69.86301369863014,30.136986301369863,6556977.387800001,1298914.9656,83.46572347013087,16.534276529869132,0.397,count,134.395
SOL,18487,2026-01-04 06:53:18,SHORT,MODERATE,74,51,23,68.91891891891892,31.08108108108108,6617199.5808,1312577.0193,83.44749057264177,16.55250942735824,0.378,count,133.885
SOL,18540,2026-01-04 07:54:29,SHORT,MODERATE,74,51,23,68.91891891891892,31.08108108108108,6620656.5271,1313245.1289,83.44767573584858,16.552324264151427,0.378,count,133.915
SOL,18592,2026-01-04 08:55:38,SHORT,MODERATE,74,50,24,67.56756756756756,32.432432432432435,6534349.3872,1337328.8783,83.01087985060002,16.989120149399987,0.351,count,133.915
SOL,18645,2026-01-04 09:56:48,SHORT,MODERATE,75,49,26,65.33333333333333,34.66666666666667,6562283.0968,1406474.5082,82.35014066286183,17.649859337138164,0.307,count,134.275
SOL,18699,2026-01-04 10:57:57,SHORT,MODERATE,74,49,25,66.21621621621621,33.78378378378378,6577283.8437,1437949.2580000001,82.0597948961083,17.940205103891696,0.324,count,134.615
SOL,18755,2026-01-04 11:59:06,SHORT,MODERATE,77,50,27,64.93506493506493,35.064935064935064,6574948.3621000005,1748298.7726999999,78.99499144522267,21.00500855477734,0.299,count,134.345
SOL,18784,2026-01-04 12:29:40,SHORT,MODERATE,77,50,27,64.93506493506493,35.064935064935064,6606337.1189,1764952.1189,78.91660330011683,21.083396699883167,0.299,count,134.665
SOL,18837,2026-01-04 13:30:49,SHORT,MODERATE,75,49,26,65.33333333333333,34.66666666666667,6560740.4881,1939367.1257,77.18420502639965,22.815794973600337,0.307,count,133.965
SOL,18894,2026-01-04 14:31:59,SHORT,MODERATE,76,50,26,65.78947368421053,34.21052631578947,6590682.362,2178884.6037,75.15402285857247,24.845977141427504,0.316,count,134.555
SOL,18949,2026-01-04 15:33:08,SHORT,MODERATE,74,49,25,66.21621621621621,33.78378378378378,6614476.4582,2250583.2842,74.61288079722847,25.387119202771547,0.324,count,135.135
SOL,19005,2026-01-04 16:34:17,SHORT,MODERATE,77,52,25,67.53246753246754,32.467532467532465,6619835.9019,2365642.7384,73.67260183792482,26.327398162075184,0.351,count,134.985
SOL,19060,2026-01-04 17:35:27,SHORT,MODERATE,78,54,24,69.23076923076923,30.76923076923077,6730382.683800001,2437392.9784,73.41347489064653,26.586525109353477,0.385,count,135.175
SOL,19116,2026-01-04 18:36:36,SHORT,MODERATE,77,52,25,67.53246753246754,32.467532467532465,6452840.2868,2418613.6914,72.7371218140419,27.2628781859581,0.351,count,134.025
SOL,19171,2026-01-04 19:37:45,SHORT,MODERATE,76,51,25,67.10526315789474,32.89473684210527,6441651.4877,2435405.246,72.5651720039767,27.43482799602331,0.342,count,133.645
SOL,19227,2026-01-04 20:38:54,SHORT,MODERATE,77,53,24,68.83116883116884,31.16883116883117,6498250.977899999,2466508.7108,72.48661652460117,27.51338347539882,0.377,count,133.995
SOL,19283,2026-01-04 21:40:05,SHORT,MODERATE,78,53,25,67.94871794871796,32.05128205128205,6485352.779,2536190.1058,71.88740176502276,28.11259823497724,0.359,count,133.83
SOL,19339,2026-01-04 22:41:15,SHORT,MODERATE,79,54,25,68.35443037974683,31.645569620253166,6392118.7292,2547365.8646,71.50433184518566,28.49566815481433,0.367,count,133.745
SOL,19395,2026-01-04 23:42:24,SHORT,MODERATE,76,52,24,68.42105263157895,31.57894736842105,5290258.507,2503632.0022,67.87699289277052,32.123007107229476,0.368,count,133.945
SOL,19451,2026-01-05 00:43:33,SHORT,MODERATE,76,53,23,69.73684210526315,30.263157894736842,6269474.3837,2512111.4507,71.39341916058788,28.60658083941213,0.395,count,134.725
SOL,19507,2026-01-05 01:44:43,SHORT,STRONG,71,52,19,73.23943661971832,26.76056338028169,6470272.3927,2359413.2383,73.27862693076666,26.72137306923334,0.465,count,137.005
SOL,19563,2026-01-05 02:45:52,SHORT,STRONG,73,53,20,72.6027397260274,27.397260273972602,6507579.1676,2497229.8641,72.26781983594657,27.73218016405344,0.452,count,136.425
SOL,19619,2026-01-05 03:47:01,SHORT,STRONG,77,58,19,75.32467532467533,24.675324675324674,6600456.0458,2603070.1049,71.71660011307713,28.28339988692286,0.506,count,136.715
SOL,19674,2026-01-05 04:48:11,SHORT,STRONG,75,57,18,76.0,24.0,6132762.8937,2651376.8435,69.81631755843239,30.183682441567615,0.52,count,135.365
SOL,19731,2026-01-05 05:49:20,SHORT,STRONG,77,59,18,76.62337662337663,23.376623376623375,6466895.5341,2737855.1593,70.25606395550615,29.74393604449385,0.532,count,135.845
SOL,19789,2026-01-05 06:50:30,SHORT,STRONG,75,57,18,76.0,24.0,6112336.6666,2735963.2964,69.07922077867288,30.920779221327127,0.52,count,135.455
SOL,19846,2026-01-05 07:51:39,SHORT,STRONG,74,56,18,75.67567567567568,24.324324324324326,6120773.8287,2731053.9507999998,69.14700535492948,30.85299464507052,0.514,count,135.385
SOL,19902,2026-01-05 08:52:48,SHORT,STRONG,74,56,18,75.67567567567568,24.324324324324326,6124907.4665,2731599.7857,69.15714391786382,30.842856082136183,0.514,count,135.345
SOL,19957,2026-01-05 09:53:58,SHORT,STRONG,75,57,18,76.0,24.0,6150129.0466,2688353.847,69.58353736310727,30.41646263689274,0.52,count,135.475
SOL,20013,2026-01-05 10:55:07,SHORT,STRONG,77,58,19,75.32467532467533,24.675324675324674,6175759.0030000005,2706792.0534,69.526861864197,30.47313813580299,0.506,count,135.955
SOL,20070,2026-01-05 11:56:19,SHORT,STRONG,83,62,21,74.69879518072288,25.301204819277107,6202115.7376,2764753.2719,69.16701616839872,30.83298383160127,0.494,count,135.725
SOL,20130,2026-01-05 12:57:30,SHORT,STRONG,79,58,21,73.41772151898735,26.582278481012654,6190677.7158,2746148.3554,69.27154748765008,30.72845251234993,0.468,count,135.015
SOL,20187,2026-01-05 13:58:41,SHORT,STRONG,77,56,21,72.72727272727273,27.27272727272727,6090659.9333,2718016.0969,69.14387488447242,30.856125115527583,0.455,count,133.805
SOL,20245,2026-01-05 14:59:52,SHORT,STRONG,79,58,21,73.41772151898735,26.582278481012654,6098314.3748,2770989.5509,68.75753075874775,31.242469241252234,0.468,count,134.935
SOL,20275,2026-01-05 15:30:28,SHORT,STRONG,81,59,22,72.8395061728395,27.160493827160494,6166398.219500001,2767857.6226,69.01971835687422,30.98028164312579,0.457,count,134.895
SOL,20335,2026-01-05 16:31:40,SHORT,STRONG,83,60,23,72.28915662650603,27.710843373493976,6474415.9211,2958343.5257,68.6375599591528,31.3624400408472,0.446,count,135.425
SOL,20395,2026-01-05 17:32:51,SHORT,STRONG,82,58,24,70.73170731707317,29.268292682926827,5757312.2242,3028104.7851,65.53260042301314,34.46739957698686,0.415,count,134.665
SOL,20458,2026-01-05 18:34:03,SHORT,STRONG,85,60,25,70.58823529411765,29.411764705882355,5938731.3211,2993093.0255,66.48956686391449,33.51043313608552,0.412,count,136.345
SOL,20523,2026-01-05 19:35:14,SHORT,MODERATE,85,59,26,69.41176470588235,30.58823529411765,6137769.1422,3099858.4213,66.44313272004754,33.55686727995245,0.388,count,138.695
SOL,20585,2026-01-05 20:36:26,SHORT,STRONG,82,58,24,70.73170731707317,29.268292682926827,6138040.3091,3040749.177,66.8720022220273,33.12799777797271,0.415,count,138.695
SOL,20650,2026-01-05 21:37:38,SHORT,STRONG,84,60,24,71.42857142857143,28.57142857142857,6106031.7444,2837135.955,68.27593923805829,31.724060761941704,0.429,count,138.125
SOL,20711,2026-01-05 22:38:49,SHORT,STRONG,86,62,24,72.09302325581395,27.906976744186046,6376747.1746000005,3020255.5006,67.85937383447941,32.14062616552057,0.442,count,138.955
SOL,20774,2026-01-05 23:40:00,SHORT,STRONG,81,57,24,70.37037037037037,29.629629629629626,6073259.4706,2996297.8717,66.9631299674858,33.0368700325142,0.407,count,138.075
SOL,20839,2026-01-06 00:41:11,SHORT,MODERATE,80,55,25,68.75,31.25,5853963.648200001,2983724.2803,66.2386327234071,33.7613672765929,0.375,count,136.875
SOL,20900,2026-01-06 01:42:22,SHORT,STRONG,81,57,24,70.37037037037037,29.629629629629626,5839276.8222,2999410.0563,66.06498117275737,33.935018827242644,0.407,count,138.015
SOL,20963,2026-01-06 02:43:33,SHORT,STRONG,81,57,24,70.37037037037037,29.629629629629626,5997899.4401,2988916.3669,66.74109683463328,33.25890316536672,0.407,count,137.515
SOL,21023,2026-01-06 03:44:44,SHORT,STRONG,84,60,24,71.42857142857143,28.57142857142857,6430937.4099,3053293.8133,67.80662827123892,32.19337172876108,0.429,count,138.255
SOL,21083,2026-01-06 04:45:55,SHORT,STRONG,83,61,22,73.49397590361446,26.506024096385545,6447818.4344,3005254.8172,68.20870062874697,31.79129937125304,0.47,count,138.525
SOL,21146,2026-01-06 05:47:06,SHORT,STRONG,84,62,22,73.80952380952381,26.190476190476193,6451457.0909,3011919.3645,68.17288862284099,31.827111377159,0.476,count,138.765
SOL,21208,2026-01-06 06:48:17,SHORT,STRONG,83,60,23,72.28915662650603,27.710843373493976,6511018.2002,3028503.0787,68.25309163680366,31.746908363196358,0.446,count,139.305
SOL,21269,2026-01-06 07:49:28,SHORT,STRONG,80,56,24,70.0,30.0,5723606.1545,2995569.2098,65.64389309033594,34.35610690966408,0.4,count,137.485
SOL,21329,2026-01-06 08:50:40,SHORT,STRONG,84,59,25,70.23809523809523,29.761904761904763,5741553.1517,3017196.8202,65.55219831734172,34.44780168265827,0.405,count,137.465
SOL,21389,2026-01-06 09:51:51,SHORT,STRONG,86,61,25,70.93023255813954,29.069767441860467,5773016.2288,3052223.8445,65.4148349603062,34.58516503969381,0.419,count,138.195
SOL,21450,2026-01-06 10:53:02,SHORT,STRONG,86,62,24,72.09302325581395,27.906976744186046,5765192.5756,3057052.1548,65.34836373031115,34.65163626968886,0.442,count,137.905
SOL,21510,2026-01-06 11:54:15,SHORT,STRONG,85,63,22,74.11764705882354,25.882352941176475,5844034.8884000005,3047425.5927,65.72637758242625,34.27362241757374,0.482,count,139.375
SOL,21573,2026-01-06 12:55:26,SHORT,STRONG,84,61,23,72.61904761904762,27.380952380952383,5866429.2059,3059790.4844,65.72131775195908,34.27868224804092,0.452,count,138.915
SOL,21635,2026-01-06 13:56:37,SHORT,STRONG,83,59,24,71.08433734939759,28.915662650602407,5889311.0172,3068307.989,65.74638877947056,34.25361122052943,0.422,count,139.065
SOL,21694,2026-01-06 14:57:49,SHORT,STRONG,81,58,23,71.60493827160494,28.39506172839506,6099696.9488,2824540.3679,68.3497842150117,31.6502157849883,0.432,count,141.495
SOL,21758,2026-01-06 15:59:00,SHORT,MODERATE,85,59,26,69.41176470588235,30.58823529411765,6031163.6696999995,2986536.5738,66.88139444474538,33.11860555525462,0.388,count,141.325
SOL,21787,2026-01-06 16:29:36,SHORT,MODERATE,80,55,25,68.75,31.25,5901279.6548,2840116.9204,67.50957474624106,32.49042525375895,0.375,count,139.495
SOL,21848,2026-01-06 17:30:47,SHORT,MODERATE,79,55,24,69.62025316455697,30.37974683544304,5811137.4136,2671392.9714,68.50712169420657,31.492878305793422,0.392,count,138.355
SOL,21909,2026-01-06 18:31:58,SHORT,MODERATE,81,56,25,69.1358024691358,30.864197530864196,5843005.3209,2617630.812,69.06106383867414,30.93893616132586,0.383,count,137.445
SOL,21967,2026-01-06 19:33:10,SHORT,MODERATE,80,55,25,68.75,31.25,5847703.9469,2623378.0574,69.03136982892683,30.96863017107317,0.375,count,137.915
SOL,22025,2026-01-06 20:34:21,SHORT,MODERATE,80,55,25,68.75,31.25,6028523.1135,2698576.4584,69.07819790335581,30.921802096644193,0.375,count,138.735
SOL,22081,2026-01-06 21:35:31,SHORT,MODERATE,78,54,24,69.23076923076923,30.76923076923077,6217205.0838,2784200.6538,69.0692683458313,30.930731654168692,0.385,count,141.885
SOL,22139,2026-01-06 22:36:42,SHORT,MODERATE,77,52,25,67.53246753246754,32.467532467532465,6144007.1302,2769467.3958,68.92942939678963,31.070570603210356,0.351,count,139.715
SOL,22202,2026-01-06 23:37:54,SHORT,MODERATE,76,52,24,68.42105263157895,31.57894736842105,6183387.2526,2722722.3572,69.42860040478277,30.57139959521723,0.368,count,141.035
SOL,22261,2026-01-07 00:39:05,SHORT,STRONG,76,54,22,71.05263157894737,28.947368421052634,6177100.0599,1172998.6254999998,84.04104930141949,15.958950698580507,0.421,count,140.895
SOL,22319,2026-01-07 01:40:16,SHORT,STRONG,74,53,21,71.62162162162163,28.37837837837838,6031537.1199,1138403.6323,84.12255175259718,15.877448247402825,0.432,count,139.235
SOL,22377,2026-01-07 02:41:27,SHORT,STRONG,74,55,19,74.32432432432432,25.675675675675674,6043756.2893,1093220.0191,84.68230841941687,15.317691580583134,0.486,count,139.205
SOL,22434,2026-01-07 03:42:39,SHORT,STRONG,75,56,19,74.66666666666667,25.333333333333336,6083683.5105,1106776.4477,84.60771001947055,15.392289980529439,0.493,count,139.635
SOL,22495,2026-01-07 04:43:50,SHORT,STRONG,75,56,19,74.66666666666667,25.333333333333336,6066523.629,1103513.5218,84.60937511771644,15.39062488228356,0.493,count,139.185
SOL,22551,2026-01-07 05:45:01,SHORT,STRONG,74,54,20,72.97297297297297,27.027027027027028,5888985.5506,1134503.6308,83.84700821061338,16.15299178938663,0.459,count,138.805
SOL,22609,2026-01-07 06:46:12,SHORT,STRONG,72,53,19,73.61111111111111,26.38888888888889,5873267.8324,1135174.4811,83.8027562998789,16.197243700121096,0.472,count,138.785
SOL,22667,2026-01-07 07:47:22,SHORT,STRONG,71,52,19,73.23943661971832,26.76056338028169,5885220.728,1133056.1559,83.85563615338057,16.144363846619424,0.465,count,139.105
SOL,22726,2026-01-07 08:48:34,SHORT,STRONG,72,52,20,72.22222222222221,27.77777777777778,5895543.4604,1160232.1547,83.5562776087012,16.44372239129881,0.444,count,139.325
SOL,22785,2026-01-07 09:49:45,SHORT,STRONG,74,53,21,71.62162162162163,28.37837837837838,5913058.1731,1041341.8729,85.02614364989034,14.973856350109656,0.432,count,136.83
SOL,22842,2026-01-07 10:50:57,SHORT,STRONG,75,54,21,72.0,28.000000000000004,5983576.3297,1139363.5278,84.00430790384502,15.995692096154976,0.44,count,137.625
SOL,22898,2026-01-07 11:52:08,SHORT,STRONG,77,55,22,71.42857142857143,28.57142857142857,6128232.503,1175868.4773,83.90125656160214,16.098743438397857,0.429,count,137.945
SOL,22954,2026-01-07 12:53:31,SHORT,STRONG,78,56,22,71.7948717948718,28.205128205128204,6298971.7955,1176320.3434000001,84.26388799872244,15.736112001277549,0.436,count,137.925
SOL,23010,2026-01-07 13:54:43,SHORT,STRONG,77,55,22,71.42857142857143,28.57142857142857,6216112.7099,1190731.4743000001,83.92390274875738,16.076097251242622,0.429,count,137.965
SOL,23065,2026-01-07 14:55:54,SHORT,STRONG,75,54,21,72.0,28.000000000000004,6233012.1372,1157945.0581,84.33294866277467,15.667051337225328,0.44,count,138.195
SOL,23119,2026-01-07 15:57:06,SHORT,MODERATE,73,51,22,69.86301369863014,30.136986301369863,6095465.7111,1163860.148,83.96737974586122,16.03262025413877,0.397,count,135.845
SOL,23174,2026-01-07 16:58:17,SHORT,STRONG,71,50,21,70.4225352112676,29.577464788732392,6001095.4268,1007489.3927,85.62492402322277,14.375075976777227,0.408,count,135.73
SOL,23230,2026-01-07 17:59:28,SHORT,MODERATE,72,49,23,68.05555555555556,31.944444444444443,5940861.8723,1074587.2643,84.68255925776987,15.317440742230126,0.361,count,135.565
SOL,23257,2026-01-07 18:30:04,SHORT,MODERATE,70,48,22,68.57142857142857,31.428571428571427,5792468.4383000005,1072720.8336,84.3744900378673,15.625509962132703,0.371,count,135.405
SOL,23316,2026-01-07 19:31:15,SHORT,MODERATE,72,49,23,68.05555555555556,31.944444444444443,5769564.8465,1084640.1782,84.17555100421768,15.824448995782312,0.361,count,135.255
SOL,23373,2026-01-07 20:32:27,SHORT,MODERATE,73,49,24,67.12328767123287,32.87671232876712,5796232.7804,1089594.8162,84.17626928768871,15.823730712311281,0.342,count,135.405
SOL,23430,2026-01-07 21:33:38,SHORT,MODERATE,73,50,23,68.4931506849315,31.506849315068493,6016565.9392,1028480.7729,85.40136332760484,14.598636672395157,0.37,count,136.245
SOL,23486,2026-01-07 22:34:49,SHORT,MODERATE,72,49,23,68.05555555555556,31.944444444444443,6028248.8108,1042334.9685999999,85.25814839169544,14.741851608304554,0.361,count,136.525
SOL,23544,2026-01-07 23:36:00,SHORT,MODERATE,70,46,24,65.71428571428571,34.285714285714285,5872370.5173,1099823.5816,84.22557424536534,15.774425754634663,0.314,count,136.395
SOL,23600,2026-01-08 00:37:21,SHORT,MODERATE,71,46,25,64.7887323943662,35.2112676056338,5847248.6402,1107392.1156000001,84.07693287857518,15.923067121424817,0.296,count,136.155
SOL,23652,2026-01-08 01:38:32,SHORT,MODERATE,73,51,22,69.86301369863014,30.136986301369863,6063767.2844,1055901.0831,85.16923782686288,14.830762173137133,0.397,count,136.875
SOL,23708,2026-01-08 02:39:43,SHORT,STRONG,71,51,20,71.83098591549296,28.169014084507044,6127449.208199999,995039.8504000001,86.02960506905173,13.970394930948279,0.437,count,136.935
SOL,23765,2026-01-08 03:40:54,SHORT,MODERATE,69,48,21,69.56521739130434,30.434782608695656,6055592.2364,1093225.0263,84.7076098587096,15.292390141290385,0.391,count,137.485
SOL,23820,2026-01-08 04:42:06,SHORT,MODERATE,69,47,22,68.11594202898551,31.88405797101449,5588367.5255,1120682.9857,83.29595247749072,16.70404752250928,0.362,count,137.995
SOL,23875,2026-01-08 05:43:17,SHORT,MODERATE,68,46,22,67.64705882352942,32.35294117647059,5411816.4402,1045929.0732,83.80349502733317,16.19650497266683,0.353,count,136.835
SOL,23930,2026-01-08 06:44:28,SHORT,MODERATE,69,45,24,65.21739130434783,34.78260869565217,5375752.0973000005,1042629.4694,83.75557048821474,16.24442951178526,0.304,count,135.435
SOL,23983,2026-01-08 07:45:39,SHORT,MODERATE,73,46,27,63.013698630136986,36.986301369863014,5537184.7643,1396041.7936,79.86447172984282,20.135528270157177,0.26,count,135.745
SOL,24036,2026-01-08 08:46:50,SHORT,MODERATE,73,46,27,63.013698630136986,36.986301369863014,5595656.2393,1393255.3802,80.0647732286007,19.935226771399293,0.26,count,135.465
SOL,24092,2026-01-08 09:48:01,SHORT,MODERATE,71,44,27,61.97183098591549,38.028169014084504,5122135.0915,1383710.3977,78.731274820513,21.268725179487006,0.239,count,134.645
SOL,24145,2026-01-08 10:49:15,SHORT,MODERATE,72,45,27,62.5,37.5,5205008.6682,1300971.009,80.00345722629272,19.996542773707265,0.25,count,134.945
SOL,24199,2026-01-08 11:50:26,SHORT,MODERATE,75,47,28,62.66666666666667,37.333333333333336,5133740.7146,1365246.0355,78.99294016134141,21.007059838658588,0.253,count,134.655
SOL,24257,2026-01-08 12:51:38,SHORT,MODERATE,75,48,27,64.0,36.0,5132926.3023,1356691.6129,79.09443004768657,20.905569952313424,0.28,count,134.065
SOL,24316,2026-01-08 13:52:49,SHORT,MODERATE,76,49,27,64.47368421052632,35.526315789473685,5136397.9532,1298118.8928,79.8256975019504,20.17430249804959,0.289,count,133.765
SOL,24373,2026-01-08 14:54:01,SHORT,MODERATE,77,52,25,67.53246753246754,32.467532467532465,5309204.7366,1269671.839,80.70078037777742,19.299219622222576,0.351,count,134.275
SOL,24429,2026-01-08 15:55:12,SHORT,MODERATE,79,52,27,65.82278481012658,34.177215189873415,5323552.5031,1311313.3664,80.23602297029075,19.763977029709263,0.316,count,135.695
SOL,24490,2026-01-08 16:56:24,SHORT,MODERATE,77,50,27,64.93506493506493,35.064935064935064,5476318.3853,1358202.6764,80.12731742080308,19.872682579196915,0.299,count,137.885
SOL,24550,2026-01-08 17:57:35,SHORT,MODERATE,81,53,28,65.4320987654321,34.5679012345679,5787635.8785,1414765.4581000002,80.35703105142623,19.64296894857377,0.309,count,138.745
SOL,24614,2026-01-08 18:58:46,SHORT,MODERATE,80,51,29,63.74999999999999,36.25,5502793.0065,1600616.4263000002,77.46692709406342,22.533072905936578,0.275,count,138.155
SOL,24675,2026-01-08 19:59:57,SHORT,MODERATE,78,51,27,65.38461538461539,34.61538461538461,5478509.1096,1678415.3515,76.54837129240802,23.45162870759198,0.308,count,137.595
SOL,24706,2026-01-08 20:30:33,SHORT,MODERATE,75,49,26,65.33333333333333,34.66666666666667,5324279.4687,1663200.8738000002,76.1974160602084,23.8025839397916,0.307,count,137.015
SOL,24763,2026-01-08 21:31:44,SHORT,MODERATE,78,52,26,66.66666666666666,33.33333333333333,5353887.1661,1699047.5599,75.91006260646911,24.0899373935309,0.333,count,138.145
SOL,24822,2026-01-08 22:32:55,SHORT,MODERATE,82,55,27,67.07317073170732,32.926829268292686,5418881.82,1799030.2757,75.07547540275871,24.92452459724128,0.341,count,139.425
SOL,24882,2026-01-08 23:34:06,SHORT,MODERATE,85,55,30,64.70588235294117,35.294117647058826,5401197.6282,1801955.3434,74.98379736617282,25.016202633827177,0.294,count,138.495
SOL,24938,2026-01-09 00:35:17,SHORT,MODERATE,87,57,30,65.51724137931035,34.48275862068966,5440560.8534,1806369.9553,75.07400024943747,24.92599975056251,0.31,count,138.805
SOL,24993,2026-01-09 01:36:28,SHORT,MODERATE,87,57,30,65.51724137931035,34.48275862068966,5560422.2057,1806036.5972,75.48297430932477,24.517025690675233,0.31,count,138.395
SOL,25049,2026-01-09 02:37:39,SHORT,MODERATE,86,57,29,66.27906976744185,33.72093023255814,5606933.0088,1768573.0414,76.02099395807502,23.979006041924972,0.326,count,139.145
SOL,25105,2026-01-09 03:38:50,SHORT,MODERATE,85,57,28,67.05882352941175,32.94117647058823,5650709.1254,1833561.1025999999,75.50113709496594,24.49886290503406,0.341,count,139.975
SOL,25160,2026-01-09 04:40:02,SHORT,MODERATE,84,57,27,67.85714285714286,32.142857142857146,5605930.820300001,1758280.5585,76.12398031428434,23.87601968571565,0.357,count,139.725
SOL,25217,2026-01-09 05:41:15,SHORT,MODERATE,85,57,28,67.05882352941175,32.94117647058823,5610448.5605,1720428.4483999999,76.53175129917845,23.46824870082155,0.341,count,139.685
SOL,25272,2026-01-09 06:42:27,SHORT,MODERATE,83,57,26,68.67469879518072,31.32530120481928,5625014.2217,1447918.88,79.52873497909957,20.471265020900432,0.373,count,140.055
SOL,25329,2026-01-09 07:43:39,SHORT,MODERATE,85,58,27,68.23529411764706,31.76470588235294,5642454.7463,1462869.1818,79.41164686363317,20.58835313636684,0.365,count,140.105
SOL,25385,2026-01-09 08:44:50,SHORT,MODERATE,78,52,26,66.66666666666666,33.33333333333333,5356062.2465,1324084.0606,80.17881645507232,19.82118354492769,0.333,count,138.265
SOL,25440,2026-01-09 09:46:01,SHORT,MODERATE,80,51,29,63.74999999999999,36.25,5348836.7668,1437392.3804,78.81898254212255,21.181017457877445,0.275,count,138.515
SOL,25494,2026-01-09 10:47:13,SHORT,MODERATE,82,52,30,63.41463414634146,36.58536585365854,5353082.0435,1442300.5809,78.77528521026662,21.224714789733394,0.268,count,138.795
SOL,25548,2026-01-09 11:48:25,SHORT,MODERATE,85,55,30,64.70588235294117,35.294117647058826,5379451.0407,1420862.52,79.10592640593265,20.894073594067354,0.294,count,138.285
SOL,25603,2026-01-09 12:49:36,SHORT,MODERATE,83,51,32,61.44578313253012,38.55421686746988,5346709.0608,1436054.266,78.82788773823385,21.172112261766145,0.229,count,137.835
SOL,25656,2026-01-09 13:50:48,SHORT,MODERATE,81,51,30,62.96296296296296,37.03703703703704,5341652.7748,1250300.7206,81.03292564984741,18.967074350152583,0.259,count,138.365
SOL,25714,2026-01-09 14:51:59,SHORT,MODERATE,85,52,33,61.1764705882353,38.82352941176471,5350733.555,1246935.573,81.10036213080008,18.89963786919992,0.224,count,136.885
SOL,25769,2026-01-09 15:53:11,SHORT,MODERATE,79,49,30,62.0253164556962,37.9746835443038,5457002.178400001,1114204.3582,83.04414338532573,16.955856614674282,0.241,count,139.015
SOL,25819,2026-01-09 16:54:22,SHORT,MODERATE,83,52,31,62.65060240963856,37.34939759036144,5516100.7002,1291379.9105,81.02998768046128,18.970012319538725,0.253,count,139.835
SOL,25872,2026-01-09 17:55:33,SHORT,MODERATE,84,53,31,63.095238095238095,36.904761904761905,5542142.4505,1333105.4771,80.61007412185995,19.38992587814005,0.262,count,138.485
SOL,25923,2026-01-09 18:56:45,SHORT,MODERATE,80,49,31,61.25000000000001,38.75,5465188.172900001,1423310.8424,79.33786679451222,20.66213320548778,0.225,count,136.875
SOL,25974,2026-01-09 19:57:57,SHORT,MODERATE,83,50,33,60.24096385542169,39.75903614457831,5453727.2454,1432513.439,79.19745323097409,20.80254676902591,0.205,count,135.895
SOL,26020,2026-01-09 20:59:08,SHORT,MODERATE,80,50,30,62.5,37.5,5730459.2116,1368614.8421,80.72122037680836,19.278779623191635,0.25,count,135.555
SOL,26044,2026-01-09 21:29:44,SHORT,MODERATE,78,49,29,62.82051282051282,37.17948717948718,5732952.1425,1377108.1179,80.6315549029886,19.368445097011403,0.256,count,136.175
SOL,26091,2026-01-09 22:30:55,SHORT,MODERATE,80,52,28,65.0,35.0,5736206.3565,1376614.1125999999,80.64601632249287,19.353983677507127,0.3,count,135.865
SOL,26139,2026-01-09 23:32:06,SHORT,MODERATE,81,53,28,65.4320987654321,34.5679012345679,5817075.531400001,1382384.7693,80.79877224733649,19.201227752663506,0.309,count,136.055
SOL,26187,2026-01-10 00:33:18,SHORT,MODERATE,81,54,27,66.66666666666666,33.33333333333333,5818094.6959999995,1186616.3928,83.05973825676679,16.940261743233197,0.333,count,136.025
SOL,26235,2026-01-10 01:34:29,SHORT,MODERATE,81,54,27,66.66666666666666,33.33333333333333,5824289.212,1187972.367,83.05864158636517,16.941358413634845,0.333,count,136.145
SOL,26282,2026-01-10 02:35:40,SHORT,MODERATE,81,54,27,66.66666666666666,33.33333333333333,5832016.667,1189420.5662,83.060155254597,16.939844745403,0.333,count,136.185
SOL,26331,2026-01-10 03:36:51,SHORT,MODERATE,80,53,27,66.25,33.75,5801251.1464,1185843.7734,83.0280855346682,16.971914465331807,0.325,count,135.915
SOL,26379,2026-01-10 04:38:03,SHORT,MODERATE,81,53,28,65.4320987654321,34.5679012345679,5797436.2751,1186984.8278,83.00525111083076,16.994748889169244,0.309,count,135.725
SOL,26425,2026-01-10 05:39:14,SHORT,MODERATE,81,53,28,65.4320987654321,34.5679012345679,5814292.778,1190269.0505000001,83.00723043578458,16.992769564215436,0.309,count,136.125
SOL,26473,2026-01-10 06:40:26,SHORT,MODERATE,81,53,28,65.4320987654321,34.5679012345679,5809197.9424,1189056.4104,83.00924272744875,16.990757272551242,0.309,count,135.975
SOL,26520,2026-01-10 07:41:37,SHORT,MODERATE,82,54,28,65.85365853658537,34.146341463414636,5670025.93,1188747.5387,82.66821984827394,17.33178015172607,0.317,count,135.925
SOL,26568,2026-01-10 08:42:48,SHORT,MODERATE,83,55,28,66.26506024096386,33.734939759036145,5674723.0182,1189384.0083,82.67241458053918,17.327585419460828,0.325,count,136.015
SOL,26617,2026-01-10 09:44:00,SHORT,MODERATE,83,55,28,66.26506024096386,33.734939759036145,5682720.0637,1191044.7399,82.67259974801271,17.32740025198729,0.325,count,136.205
SOL,26668,2026-01-10 10:45:11,SHORT,MODERATE,85,56,29,65.88235294117646,34.11764705882353,5708992.4512,1198747.4298999999,82.64631485068153,17.35368514931847,0.318,count,136.775
SOL,26721,2026-01-10 11:46:23,SHORT,MODERATE,85,56,29,65.88235294117646,34.11764705882353,5715054.3824000005,1196057.3295,82.69370573998174,17.30629426001827,0.318,count,136.465
SOL,26776,2026-01-10 12:47:34,SHORT,MODERATE,86,56,30,65.11627906976744,34.883720930232556,5721934.0506,1210322.1233,82.54071844810247,17.45928155189753,0.302,count,136.565
SOL,26829,2026-01-10 13:48:46,SHORT,MODERATE,84,56,28,66.66666666666666,33.33333333333333,5583418.9881,1187086.173,82.46680055986937,17.53319944013062,0.333,count,136.385
SOL,26885,2026-01-10 14:49:57,SHORT,MODERATE,85,56,29,65.88235294117646,34.11764705882353,5571161.1104999995,1196505.5219,82.32026506489302,17.679734935106968,0.318,count,136.055
SOL,26940,2026-01-10 15:51:09,SHORT,MODERATE,86,56,30,65.11627906976744,34.883720930232556,5601591.4381,1201970.1652,82.33322140249312,17.666778597506873,0.302,count,136.365
SOL,26998,2026-01-10 16:52:20,SHORT,MODERATE,86,54,32,62.7906976744186,37.2093023255814,5603436.8415,1205666.0129,82.29332059331567,17.706679406684337,0.256,count,136.405
SOL,27053,2026-01-10 17:53:32,SHORT,MODERATE,86,54,32,62.7906976744186,37.2093023255814,5595617.1126,1204264.6205,82.28991815198839,17.710081848011605,0.256,count,136.195
SOL,27108,2026-01-10 18:54:44,SHORT,MODERATE,85,54,31,63.52941176470588,36.470588235294116,5572002.8726,1200859.904,82.26953736389096,17.73046263610904,0.271,count,136.135
SOL,27165,2026-01-10 19:55:56,SHORT,MODERATE,85,54,31,63.52941176470588,36.470588235294116,5637983.5288,1200402.956,82.44610832294735,17.55389167705264,0.271,count,136.055
SOL,27220,2026-01-10 20:57:08,SHORT,MODERATE,85,54,31,63.52941176470588,36.470588235294116,5635634.1944,1199190.6493,82.45469815652477,17.54530184347524,0.271,count,136.005
SOL,27275,2026-01-10 21:58:19,SHORT,MODERATE,84,53,31,63.095238095238095,36.904761904761905,5622881.981,1196875.8094000001,82.44987804281243,17.550121957187567,0.262,count,135.735
SOL,27327,2026-01-10 22:59:30,SHORT,MODERATE,83,52,31,62.65060240963856,37.34939759036144,5620198.2247,1194411.8509,82.47277778699852,17.52722221300148,0.253,count,135.495
SOL,27353,2026-01-10 23:30:06,SHORT,MODERATE,83,52,31,62.65060240963856,37.34939759036144,5631227.2661,1197249.1758,82.4668183893321,17.533181610667896,0.253,count,135.785
SOL,27405,2026-01-11 00:31:17,SHORT,MODERATE,83,52,31,62.65060240963856,37.34939759036144,5661781.2493,1201878.0646,82.4892523123051,17.5107476876949,0.253,count,136.305
SOL,27459,2026-01-11 01:32:29,SHORT,MODERATE,82,51,31,62.19512195121951,37.80487804878049,5720036.7474,1200757.6081,82.65000307160189,17.349996928398113,0.244,count,136.155
SOL,27512,2026-01-11 02:33:40,SHORT,MODERATE,82,51,31,62.19512195121951,37.80487804878049,5729616.4815,1200475.2948,82.67735358274089,17.322646417259108,0.244,count,136.145
SOL,27564,2026-01-11 03:34:51,SHORT,MODERATE,82,51,31,62.19512195121951,37.80487804878049,5722782.7006,1199006.1722,82.67779913207642,17.322200867923588,0.244,count,135.985
SOL,27617,2026-01-11 04:36:03,SHORT,MODERATE,83,52,31,62.65060240963856,37.34939759036144,6023764.9132,1200651.7395000001,83.38064099540442,16.61935900459558,0.253,count,136.205
SOL,27671,2026-01-11 05:37:14,SHORT,MODERATE,83,52,31,62.65060240963856,37.34939759036144,6024162.2816,1200660.2416,83.38145694590423,16.618543054095763,0.253,count,136.165
SOL,27723,2026-01-11 06:38:26,SHORT,MODERATE,82,51,31,62.19512195121951,37.80487804878049,6009587.6869,1199406.6816999998,83.36235790494969,16.63764209505031,0.244,count,136.025
SOL,27775,2026-01-11 07:39:37,SHORT,MODERATE,81,50,31,61.72839506172839,38.2716049382716,5972834.4247,1199975.9412,83.27049120237776,16.72950879762223,0.235,count,136.065
SOL,27828,2026-01-11 08:40:49,SHORT,MODERATE,82,51,31,62.19512195121951,37.80487804878049,6041945.701,1203035.1966,83.39491554769285,16.60508445230714,0.244,count,136.485
SOL,27880,2026-01-11 09:42:00,SHORT,MODERATE,83,53,30,63.85542168674698,36.144578313253014,5966658.5843,1175028.379,83.54690726381197,16.453092736188033,0.277,count,136.385
SOL,27933,2026-01-11 10:43:11,SHORT,MODERATE,83,53,30,63.85542168674698,36.144578313253014,5983121.451900001,1176873.3979,83.56320887670927,16.43679112329073,0.277,count,136.605
SOL,27987,2026-01-11 11:44:23,SHORT,MODERATE,83,53,30,63.85542168674698,36.144578313253014,5987759.7866,1178063.8647,83.55996572025214,16.440034279747863,0.277,count,136.735
SOL,28040,2026-01-11 12:45:34,SHORT,MODERATE,81,52,29,64.19753086419753,35.80246913580247,5978037.6962,1168514.0638,83.64926046796029,16.35073953203971,0.284,count,136.915
SOL,28092,2026-01-11 13:46:45,SHORT,MODERATE,83,55,28,66.26506024096386,33.734939759036145,5934489.7361,1166601.0421,83.5715233259458,16.428476674054185,0.325,count,137.025
SOL,28144,2026-01-11 14:47:57,SHORT,MODERATE,81,53,28,65.4320987654321,34.5679012345679,6190092.0202,1166292.7127,84.14584398387997,15.854156016120019,0.309,count,138.305
SOL,28193,2026-01-11 15:49:08,SHORT,MODERATE,83,57,26,68.67469879518072,31.32530120481928,6724397.253500001,955306.1855,87.56063703386451,12.439362966135494,0.373,count,137.895
SOL,28248,2026-01-11 16:50:20,SHORT,MODERATE,84,58,26,69.04761904761905,30.952380952380953,6787490.7216,1036486.7598,86.75243171054558,13.247568289454406,0.381,count,139.855
SOL,28301,2026-01-11 17:51:32,SHORT,STRONG,83,59,24,71.08433734939759,28.915662650602407,6733641.1159,938111.4885,87.7718751258746,12.228124874125406,0.422,count,139.495
SOL,28355,2026-01-11 18:52:44,SHORT,MODERATE,86,60,26,69.76744186046511,30.23255813953488,6877222.2572,989210.2395,87.42491923861321,12.575080761386786,0.395,count,139.795
SOL,28409,2026-01-11 19:53:56,SHORT,MODERATE,84,58,26,69.04761904761905,30.952380952380953,6832251.0811,958877.113,87.6927052268742,12.307294773125802,0.381,count,139.125
SOL,28462,2026-01-11 20:55:07,SHORT,STRONG,80,56,24,70.0,30.0,6498138.2758,932245.6556,87.45360045716573,12.54639954283426,0.4,count,138.425
SOL,28514,2026-01-11 21:56:18,SHORT,STRONG,80,57,23,71.25,28.749999999999996,6342969.3199000005,934813.8894,87.15523858686204,12.844761413137961,0.425,count,138.755
SOL,28566,2026-01-11 22:57:29,SHORT,MODERATE,81,56,25,69.1358024691358,30.864197530864196,6321879.1883000005,962226.4776,86.79005327854328,13.209946721456717,0.383,count,138.265
SOL,28618,2026-01-11 23:58:41,SHORT,STRONG,78,55,23,70.51282051282051,29.48717948717949,6288361.6392,970984.047,86.62435859962092,13.37564140037908,0.41,count,139.665
SOL,28670,2026-01-12 00:59:52,SHORT,STRONG,79,56,23,70.88607594936708,29.11392405063291,6368844.2445,1001757.6719999999,86.40873997336035,13.591260026639643,0.418,count,141.235
SOL,28696,2026-01-12 01:30:27,SHORT,MODERATE,81,56,25,69.1358024691358,30.864197530864196,6243997.1895,1019963.2676,85.95857902002952,14.041420979970493,0.383,count,141.755
SOL,28749,2026-01-12 02:31:39,SHORT,MODERATE,81,56,25,69.1358024691358,30.864197530864196,6213047.0947,1012044.1088,85.99264590169128,14.007354098308719,0.383,count,141.875
SOL,28803,2026-01-12 03:32:50,SHORT,STRONG,77,54,23,70.12987012987013,29.87012987012987,5923155.6155,1069433.3168,84.70618926475001,15.293810735249988,0.403,count,143.205
SOL,28857,2026-01-12 04:34:02,SHORT,STRONG,78,55,23,70.51282051282051,29.48717948717949,5939883.0704,1078765.4105,84.63001226752318,15.369987732476812,0.41,count,142.725
SOL,28912,2026-01-12 05:35:13,SHORT,STRONG,79,56,23,70.88607594936708,29.11392405063291,6000214.5062,1081649.7026,84.72648344123952,15.273516558760484,0.418,count,143.005
SOL,28968,2026-01-12 06:36:24,SHORT,MODERATE,79,55,24,69.62025316455697,30.37974683544304,5416004.0654,1073311.8488,83.46032366136828,16.539676338631722,0.392,count,142.095
SOL,29020,2026-01-12 07:37:36,SHORT,MODERATE,79,54,25,68.35443037974683,31.645569620253166,5182567.3543,1069837.4302,82.88918476852017,17.110815231479837,0.367,count,141.645
SOL,29074,2026-01-12 08:38:47,SHORT,MODERATE,79,55,24,69.62025316455697,30.37974683544304,5606179.7005,1038993.2262,84.36469242169194,15.63530757830805,0.392,count,140.305
SOL,29127,2026-01-12 09:39:59,SHORT,STRONG,78,57,21,73.07692307692307,26.923076923076923,5886066.1548999995,922908.735,86.44570218097023,13.554297819029765,0.462,count,139.705
SOL,29179,2026-01-12 10:41:10,SHORT,STRONG,77,56,21,72.72727272727273,27.27272727272727,6169716.178,922487.3132000001,86.99293788813841,13.00706211186159,0.455,count,139.645
SOL,29231,2026-01-12 11:42:22,SHORT,STRONG,76,54,22,71.05263157894737,28.947368421052634,6366797.693200001,938842.2455,87.14907587319364,12.850924126806362,0.421,count,139.805
SOL,29284,2026-01-12 12:43:33,SHORT,MODERATE,79,54,25,68.35443037974683,31.645569620253166,6390351.646,949530.8282,87.06340555809113,12.936594441908863,0.367,count,139.995
SOL,29335,2026-01-12 13:44:44,SHORT,STRONG,81,57,24,70.37037037037037,29.629629629629626,6394417.2194,945766.7932,87.11521684502027,12.88478315497973,0.407,count,139.565
SOL,29387,2026-01-12 14:45:55,SHORT,STRONG,81,58,23,71.60493827160494,28.39506172839506,6328210.0186,961267.8559,86.8129395211871,13.187060478812898,0.432,count,140.045
SOL,29435,2026-01-12 15:47:06,SHORT,STRONG,86,63,23,73.25581395348837,26.744186046511626,6292718.4345,985054.134,86.46489534086902,13.535104659130981,0.465,count,142.285
SOL,29483,2026-01-12 16:48:18,SHORT,MODERATE,82,57,25,69.51219512195121,30.48780487804878,5748645.3809,1011762.4826,85.03400234085596,14.965997659144046,0.39,count,142.695
SOL,29532,2026-01-12 17:49:29,SHORT,MODERATE,82,56,26,68.29268292682927,31.70731707317073,6101442.3393,996749.4734,85.9576988097641,14.042301190235913,0.366,count,142.205
SOL,29583,2026-01-12 18:50:40,SHORT,MODERATE,84,58,26,69.04761904761905,30.952380952380953,6575211.0505,966059.8235,87.18969468620098,12.810305313799022,0.381,count,141.025
SOL,29633,2026-01-12 19:51:52,SHORT,MODERATE,82,56,26,68.29268292682927,31.70731707317073,6513011.839699999,985110.9973,86.86189838823523,13.13810161176478,0.366,count,141.115
SOL,29682,2026-01-12 20:53:03,SHORT,MODERATE,83,57,26,68.67469879518072,31.32530120481928,6648798.6667,973046.6448,87.2334506273455,12.766549372654504,0.373,count,140.235
SOL,29729,2026-01-12 21:54:14,SHORT,STRONG,80,56,24,70.0,30.0,6735209.0096,932949.4751,87.83346122851424,12.166538771485753,0.4,count,138.785
SOL,29778,2026-01-12 22:55:25,SHORT,MODERATE,82,55,27,67.07317073170732,32.926829268292686,6758969.3899,952462.7455000001,87.64869185416757,12.351308145832432,0.341,count,139.115
SOL,29825,2026-01-12 23:56:37,SHORT,MODERATE,83,57,26,68.67469879518072,31.32530120481928,6776377.8339,943757.9647,87.77537093491094,12.224629065089045,0.373,count,139.225
SOL,29873,2026-01-13 00:57:48,SHORT,STRONG,87,61,26,70.11494252873564,29.88505747126437,6785910.97,945252.3858,87.77347803560687,12.22652196439313,0.402,count,139.225
SOL,29921,2026-01-13 01:58:59,SHORT,STRONG,85,61,24,71.76470588235294,28.235294117647058,6746458.6716,932092.8378,87.86108504111822,12.138914958881788,0.435,count,138.795
SOL,29945,2026-01-13 02:29:35,SHORT,STRONG,83,59,24,71.08433734939759,28.915662650602407,6461558.0807,932431.982,87.38932600540294,12.610673994597063,0.422,count,138.815
SOL,29993,2026-01-13 03:30:46,SHORT,STRONG,82,58,24,70.73170731707317,29.268292682926827,6677435.0433,930116.8887,87.7737687890423,12.226231210957707,0.415,count,138.505
SOL,30041,2026-01-13 04:31:58,SHORT,MODERATE,82,57,25,69.51219512195121,30.48780487804878,6661811.8045,933838.8785,87.70561052010927,12.294389479890725,0.39,count,138.585
SOL,30089,2026-01-13 05:33:10,SHORT,STRONG,89,66,23,74.15730337078652,25.842696629213485,7141198.2588,915718.8378000001,88.63437681161656,11.365623188383449,0.483,count,139.775
SOL,30137,2026-01-13 06:34:21,SHORT,STRONG,85,63,22,74.11764705882354,25.882352941176475,7235335.4304,918224.0544,88.73836566579581,11.261634334204203,0.482,count,140.235
SOL,30185,2026-01-13 07:35:32,SHORT,STRONG,86,63,23,73.25581395348837,26.744186046511626,7157764.5608,929335.6257999999,88.50841952793077,11.49158047206923,0.465,count,140.365
SOL,30233,2026-01-13 08:36:43,SHORT,STRONG,85,62,23,72.94117647058823,27.058823529411764,7118860.6748,950306.6339,88.22299008628313,11.777009913716874,0.459,count,140.835
SOL,30281,2026-01-13 09:37:55,SHORT,STRONG,84,59,25,70.23809523809523,29.761904761904763,6359207.1643,1047864.8657,85.85318380250719,14.146816197492814,0.405,count,141.795
SOL,30329,2026-01-13 10:39:07,SHORT,STRONG,87,62,25,71.26436781609196,28.735632183908045,6457464.4346,1052664.3451,85.983404865901,14.016595134099017,0.425,count,142.345
SOL,30377,2026-01-13 11:40:21,SHORT,MODERATE,87,60,27,68.96551724137932,31.03448275862069,6363999.3532,1108301.2252,85.16787147985268,14.832128520147325,0.379,count,142.0
SOL,30425,2026-01-13 12:41:32,SHORT,STRONG,87,61,26,70.11494252873564,29.88505747126437,6413992.3708,1038337.894,86.0669366881868,13.933063311813196,0.402,count,142.05
SOL,30473,2026-01-13 13:42:43,SHORT,STRONG,86,61,25,70.93023255813954,29.069767441860467,6442588.6889,1035878.5596,86.14851780212352,13.851482197876472,0.419,count,142.605
SOL,30522,2026-01-13 14:43:54,SHORT,STRONG,90,64,26,71.11111111111111,28.888888888888886,6705384.4743,1057040.5143,86.38259930559865,13.617400694401347,0.422,count,143.505
SOL,30572,2026-01-13 15:45:06,SHORT,STRONG,88,63,25,71.5909090909091,28.40909090909091,6749713.1436,1130803.7674,85.65063967032961,14.349360329670386,0.432,count,142.885
SOL,30625,2026-01-13 16:46:17,SHORT,MODERATE,89,59,30,66.29213483146067,33.70786516853933,6728784.6431,1201360.7969,84.85070915798993,15.14929084201008,0.326,count,143.865
SOL,30678,2026-01-13 17:47:29,SHORT,MODERATE,88,56,32,63.63636363636363,36.36363636363637,6554243.7214,1478257.7502000001,81.59654554155289,18.403454458447115,0.273,count,142.92
SOL,30729,2026-01-13 18:48:40,SHORT,MODERATE,90,59,31,65.55555555555556,34.44444444444444,6674426.4756,1382787.0727,82.83789967324677,17.162100326753233,0.311,count,143.665
SOL,30780,2026-01-13 19:49:52,SHORT,MODERATE,88,61,27,69.31818181818183,30.681818181818183,6870967.1524,1203892.8661,85.09085156471062,14.909148435289374,0.386,count,143.865
SOL,30834,2026-01-13 20:51:03,SHORT,MODERATE,91,61,30,67.03296703296702,32.967032967032964,6636298.2211,1701211.4298,79.59568862848198,20.40431137151801,0.341,count,143.235
SOL,30885,2026-01-13 21:52:15,SHORT,MODERATE,90,60,30,66.66666666666666,33.33333333333333,6526434.4521,1716771.7584,79.17349494165005,20.82650505834995,0.333,count,143.435
SOL,30937,2026-01-13 22:53:26,SHORT,MODERATE,86,60,26,69.76744186046511,30.23255813953488,6700962.549,1755745.9254,79.23842437379788,20.761575626202127,0.395,count,147.055
SOL,30991,2026-01-13 23:54:37,SHORT,MODERATE,81,55,26,67.90123456790124,32.098765432098766,6553381.2886,1507680.4191,81.29675129939956,18.703248700600444,0.358,count,145.335
SOL,31046,2026-01-14 00:55:48,SHORT,MODERATE,79,54,25,68.35443037974683,31.645569620253166,6374620.4684,1131900.9194,84.92109912269582,15.07890087730418,0.367,count,144.895
SOL,31099,2026-01-14 01:57:00,SHORT,STRONG,80,56,24,70.0,30.0,6446731.6482,1143120.1719,84.93883413016435,15.061165869835635,0.4,count,145.795
SOL,31153,2026-01-14 02:58:11,SHORT,STRONG,81,57,24,70.37037037037037,29.629629629629626,6434476.9333,1134890.1444,85.00680264610916,14.99319735389083,0.407,count,145.375
SOL,31206,2026-01-14 03:59:23,SHORT,STRONG,82,58,24,70.73170731707317,29.268292682926827,6622169.0821,1232285.4269,84.31099924905045,15.689000750949539,0.415,count,146.255
SOL,31233,2026-01-14 04:29:59,SHORT,STRONG,82,59,23,71.95121951219512,28.04878048780488,6628483.5989,1202619.75,84.64303564364367,15.35696435635633,0.439,count,145.555
SOL,31285,2026-01-14 05:31:10,SHORT,STRONG,80,57,23,71.25,28.749999999999996,6514981.8428,1190706.671,84.54769267058249,15.452307329417502,0.425,count,144.555
SOL,31337,2026-01-14 06:32:21,SHORT,STRONG,75,53,22,70.66666666666667,29.333333333333332,6427923.6548,1185274.104,84.43132384640926,15.568676153590738,0.413,count,144.065
SOL,31389,2026-01-14 07:33:32,SHORT,STRONG,78,56,22,71.7948717948718,28.205128205128204,6580173.6997,1186260.2804999999,84.72580487358431,15.274195126415682,0.436,count,144.205
SOL,31442,2026-01-14 08:34:44,SHORT,STRONG,77,55,22,71.42857142857143,28.57142857142857,6586276.7794,1191283.7241,84.68306709328834,15.316932906711653,0.429,count,144.775
SOL,31500,2026-01-14 09:35:56,SHORT,STRONG,80,58,22,72.5,27.500000000000004,6675998.1538,1197358.6406,84.79227257360377,15.20772742639623,0.45,count,145.525
SOL,31558,2026-01-14 10:37:08,SHORT,STRONG,81,59,22,72.8395061728395,27.160493827160494,6615863.9485,1190241.6919,84.75242653981032,15.247573460189678,0.457,count,144.765
SOL,31616,2026-01-14 11:38:19,SHORT,STRONG,80,58,22,72.5,27.500000000000004,6598297.6181,1188198.9239,84.7402626137325,15.2597373862675,0.45,count,143.915
SOL,31674,2026-01-14 12:39:31,SHORT,MODERATE,82,57,25,69.51219512195121,30.48780487804878,6641664.1207,1215214.3739,84.53311484026116,15.466885159738844,0.39,count,144.585
SOL,31732,2026-01-14 13:40:42,SHORT,STRONG,86,61,25,70.93023255813954,29.069767441860467,6651760.7468,1177947.3792,84.95541136088576,15.044588639114234,0.419,count,144.605
SOL,31790,2026-01-14 14:41:53,SHORT,STRONG,87,64,23,73.5632183908046,26.436781609195403,6157169.4558,1278965.1115,82.80067285059391,17.199327149406095,0.471,count,146.305
SOL,31847,2026-01-14 15:43:05,SHORT,STRONG,88,64,24,72.72727272727273,27.27272727272727,6042404.9613,1306308.6542,82.22398201169906,17.776017988300936,0.455,count,146.515
SOL,31904,2026-01-14 16:44:17,SHORT,STRONG,90,64,26,71.11111111111111,28.888888888888886,4720763.2303,1389288.5279,77.26224616615556,22.73775383384444,0.422,count,148.09
SOL,31963,2026-01-14 17:45:31,SHORT,STRONG,90,64,26,71.11111111111111,28.888888888888886,4486781.6343,1280885.0422999999,77.79197179516842,22.208028204831574,0.422,count,146.565
SOL,32023,2026-01-14 18:46:43,SHORT,MODERATE,88,60,28,68.18181818181817,31.818181818181817,4234087.5405,1341158.8601,75.94440202758274,24.05559797241726,0.364,count,145.745
SOL,32076,2026-01-14 19:47:55,SHORT,STRONG,85,62,23,72.94117647058823,27.058823529411764,4146239.2753,1328687.2942,75.73141342932492,24.2685865706751,0.459,count,146.835
SOL,32128,2026-01-14 20:49:06,SHORT,STRONG,86,63,23,73.25581395348837,26.744186046511626,5489538.8021,1340557.9056000002,80.37278294919741,19.62721705080258,0.465,count,147.265
SOL,32178,2026-01-14 21:50:18,SHORT,STRONG,88,63,25,71.5909090909091,28.40909090909091,6219478.0215,1352459.7097,82.13852572866229,17.861474271337705,0.432,count,147.025
SOL,32229,2026-01-14 22:51:29,SHORT,STRONG,83,61,22,73.49397590361446,26.506024096385545,6235458.9114,1292818.3154,82.82716913243203,17.172830867567967,0.47,count,146.415
SOL,32279,2026-01-14 23:52:41,SHORT,STRONG,81,60,21,74.07407407407408,25.925925925925924,6252047.5637,1286897.8314,82.93000195708501,17.069998042914992,0.481,count,146.835
SOL,32329,2026-01-15 00:53:52,SHORT,STRONG,80,59,21,73.75,26.25,6053980.5346,1277234.0243,82.57813880580737,17.421861194192637,0.475,count,145.805
SOL,32380,2026-01-15 01:55:03,SHORT,STRONG,80,57,23,71.25,28.749999999999996,5998693.705,1306939.289,82.11052635584942,17.8894736441506,0.425,count,145.245
SOL,32430,2026-01-15 02:56:14,SHORT,STRONG,80,57,23,71.25,28.749999999999996,5949758.5879999995,1299739.5394,82.07131698555048,17.928683014449522,0.425,count,144.575
SOL,32480,2026-01-15 03:57:26,SHORT,STRONG,83,60,23,72.28915662650603,27.710843373493976,6506283.8126,1280397.2444,83.55657262667822,16.443427373321782,0.446,count,143.365
SOL,32526,2026-01-15 04:58:37,SHORT,STRONG,85,62,23,72.94117647058823,27.058823529411764,6692127.4215,1289239.3235,83.84688531813607,16.153114681863926,0.459,count,144.365
SOL,32572,2026-01-15 05:59:48,SHORT,STRONG,87,64,23,73.5632183908046,26.436781609195403,6518784.9552,1277621.8031,83.61268411579664,16.387315884203357,0.471,count,144.675
SOL,32596,2026-01-15 06:30:24,SHORT,STRONG,87,64,23,73.5632183908046,26.436781609195403,6471200.7427,1276764.9751,83.5212877598724,16.478712240127614,0.471,count,144.575
SOL,32644,2026-01-15 07:31:35,SHORT,STRONG,86,63,23,73.25581395348837,26.744186046511626,6487436.4412,1278985.0927,83.5318610106688,16.468138989331198,0.465,count,144.835
SOL,32692,2026-01-15 08:32:46,SHORT,STRONG,87,64,23,73.5632183908046,26.436781609195403,6471660.2932,1301535.1523,83.25611183424604,16.743888165753955,0.471,count,144.435
SOL,32740,2026-01-15 09:33:58,SHORT,STRONG,86,64,22,74.4186046511628,25.581395348837212,6504912.6998000005,1316122.2437,83.17201939119555,16.827980608804445,0.488,count,145.185
SOL,32788,2026-01-15 10:35:10,SHORT,STRONG,82,62,20,75.60975609756098,24.390243902439025,6498413.0657,1249137.3257,83.87700289001569,16.122997109984308,0.512,count,145.505
SOL,32836,2026-01-15 11:36:21,SHORT,STRONG,82,61,21,74.39024390243902,25.609756097560975,6475844.373,1251651.4552,83.80262528732348,16.197374712676524,0.488,count,145.215
SOL,32884,2026-01-15 12:37:33,SHORT,STRONG,82,61,21,74.39024390243902,25.609756097560975,6123734.3529,1255179.6954,82.98964200986762,17.010357990132384,0.488,count,144.565
SOL,32934,2026-01-15 13:38:44,SHORT,STRONG,83,63,20,75.90361445783132,24.096385542168676,6184552.4896,1247268.2074,83.21719187999942,16.782808120000585,0.518,count,144.845
SOL,32983,2026-01-15 14:39:56,SHORT,STRONG,85,64,21,75.29411764705883,24.705882352941178,6769738.7206,1205833.3375,84.88091727194221,15.119082728057784,0.506,count,143.935
SOL,33031,2026-01-15 15:41:07,SHORT,MODERATE,87,60,27,68.96551724137932,31.03448275862069,6420140.439,1275195.9312,83.42897737208519,16.571022627914804,0.379,count,142.175
SOL,33079,2026-01-15 16:42:18,SHORT,STRONG,88,64,24,72.72727272727273,27.27272727272727,6691417.7251,1226101.4508,84.51407033490858,15.485929665091422,0.455,count,143.425
SOL,33103,2026-01-15 17:12:54,SHORT,STRONG,88,65,23,73.86363636363636,26.136363636363637,6716341.0586,1190968.64,84.93838378164368,15.061616218356322,0.477,count,143.375
SOL,33155,2026-01-16 08:53:11,SHORT,STRONG,86,64,22,74.4186046511628,25.581395348837212,6241482.3769,1008104.7315,86.09431521511173,13.905684784888267,0.488,count,143.085
SOL,33217,2026-01-16 09:54:27,SHORT,STRONG,91,69,22,75.82417582417582,24.175824175824175,6442323.8244,1009030.1562,86.45843213425286,13.54156786574714,0.516,count,143.265
SOL,33281,2026-01-16 10:57:14,SHORT,STRONG,91,67,24,73.62637362637363,26.373626373626376,6434856.2855,1055456.5761,85.90904551516229,14.090954484837695,0.473,count,143.055
SOL,33314,2026-01-16 11:29:21,SHORT,STRONG,94,70,24,74.46808510638297,25.53191489361702,6463479.0901,1055031.6742,85.96754454074087,14.032455459259122,0.489,count,143.205
SOL,33378,2026-01-16 12:32:39,SHORT,STRONG,90,70,20,77.77777777777779,22.22222222222222,6428132.3427,1023183.0319000001,86.2684240236587,13.73157597634131,0.556,count,143.645
SOL,33440,2026-01-16 13:36:23,SHORT,STRONG,93,70,23,75.26881720430107,24.731182795698924,6408180.067,1065178.0302,85.7469959776304,14.253004022369598,0.505,count,143.035
SOL,33500,2026-01-16 14:38:43,SHORT,STRONG,96,75,21,78.125,21.875,6666235.5844,1050954.5479000001,86.38164241280941,13.618357587190582,0.562,count,143.345
SOL,33560,2026-01-16 15:42:29,SHORT,STRONG,90,68,22,75.55555555555556,24.444444444444443,6386642.8922,1022359.2934,86.20112036966276,13.798879630337249,0.511,count,140.995
SOL,33622,2026-01-16 16:46:12,SHORT,STRONG,101,75,26,74.25742574257426,25.742574257425744,6423197.2294,1107893.377,85.28907119961482,14.710928800385176,0.485,count,141.865
SOL,33684,2026-01-16 17:52:27,SHORT,STRONG,95,72,23,75.78947368421053,24.210526315789473,6460174.6651,1056537.9291,85.94414891005358,14.055851089946414,0.516,count,142.855
SOL,33716,2026-01-19 07:48:46,SHORT,STRONG,87,65,22,74.71264367816092,25.287356321839084,6096218.4527,1025149.2703,85.60460138873242,14.395398611267584,0.494,count,133.325
SOL,33779,2026-01-19 08:50:42,SHORT,STRONG,89,63,26,70.78651685393258,29.213483146067414,6260759.5131,3890012.2685000002,61.67766991322464,38.32233008677536,0.416,count,133.785
SOL,33843,2026-01-19 09:56:09,SHORT,MODERATE,92,64,28,69.56521739130434,30.434782608695656,6286093.6083,3871418.1550000003,61.88615632238024,38.113843677619755,0.391,count,133.625
SOL,33906,2026-01-19 10:59:02,SHORT,MODERATE,91,63,28,69.23076923076923,30.76923076923077,6320098.9646,3876119.933,61.98473206658631,38.015267933413696,0.385,count,133.715
SOL,33936,2026-01-19 11:29:44,SHORT,MODERATE,91,63,28,69.23076923076923,30.76923076923077,6338205.9251,3888468.6166,61.9771940453909,38.0228059546091,0.385,count,133.905
SOL,33998,2026-01-19 12:31:40,SHORT,MODERATE,93,65,28,69.89247311827957,30.107526881720432,6477577.1108,3907338.7661,62.37486357697507,37.62513642302493,0.398,count,133.965
SOL,34055,2026-01-19 13:35:04,SHORT,STRONG,95,67,28,70.52631578947368,29.47368421052631,6636627.8975,3902528.9131,62.971146712847634,37.028853287152366,0.411,count,133.695
SOL,34112,2026-01-19 14:39:55,SHORT,MODERATE,96,67,29,69.79166666666666,30.208333333333332,6630846.8515,3885189.4828999997,63.05462096787561,36.945379032124386,0.396,count,133.345
SOL,34170,2026-01-19 15:41:27,SHORT,MODERATE,95,65,30,68.42105263157895,31.57894736842105,6349358.2572,3861070.0128,62.18503366656529,37.81496633343471,0.368,count,133.565
SOL,34222,2026-01-19 16:44:22,SHORT,MODERATE,97,67,30,69.0721649484536,30.927835051546392,6384901.9277,3934963.2818,61.87001281588783,38.12998718411216,0.381,count,133.945
SOL,34275,2026-01-19 17:48:17,SHORT,MODERATE,98,68,30,69.38775510204081,30.612244897959183,6319121.5725,4149059.8544,60.36503681777816,39.634963182221846,0.388,count,134.155
SOL,34328,2026-01-19 18:53:17,SHORT,MODERATE,99,68,31,68.68686868686868,31.313131313131315,6317221.6765,4174482.2051999997,60.2115895352205,39.7884104647795,0.374,count,134.205
SOL,34382,2026-01-19 19:58:44,SHORT,MODERATE,99,68,31,68.68686868686868,31.313131313131315,6678042.6767,4302214.652,60.818635454426484,39.18136454557352,0.374,count,134.415
SOL,34409,2026-01-19 20:29:35,SHORT,MODERATE,99,67,32,67.67676767676768,32.323232323232325,6693912.6468,4352900.8915,60.59586887740779,39.404131122592204,0.354,count,135.075
SOL,34462,2026-01-19 21:34:06,SHORT,MODERATE,101,69,32,68.31683168316832,31.683168316831683,6674202.7926,4397937.6619,60.27924609543256,39.72075390456744,0.366,count,134.285
SOL,34518,2026-01-19 22:37:10,SHORT,MODERATE,100,68,32,68.0,32.0,6623407.8862,4463234.3445,59.74223528075194,40.25776471924805,0.36,count,133.415
SOL,34576,2026-01-19 23:38:50,SHORT,MODERATE,100,67,33,67.0,33.0,6019614.2171,4362004.160499999,57.98338946929778,42.01661053070223,0.34,count,133.635
SOL,34634,2026-01-20 00:43:29,SHORT,MODERATE,101,66,35,65.34653465346535,34.65346534653465,6028857.279,4238851.7061,58.7166746520454,41.283325347954595,0.307,count,133.835
SOL,34694,2026-01-20 01:46:06,SHORT,MODERATE,103,66,37,64.07766990291263,35.92233009708738,6044375.4300999995,4338963.2266999995,58.21225359091574,41.787746409084264,0.282,count,133.725
SOL,34753,2026-01-20 02:51:14,SHORT,MODERATE,102,65,37,63.725490196078425,36.27450980392157,5864083.3482,4324011.6052,57.55819292048334,42.44180707951665,0.275,count,133.915
SOL,34811,2026-01-20 03:52:55,SHORT,MODERATE,105,67,38,63.8095238095238,36.19047619047619,6630345.4207,4439558.9161,59.89523684191699,40.10476315808301,0.276,count,134.485
SOL,34871,2026-01-20 04:58:29,SHORT,MODERATE,102,65,37,63.725490196078425,36.27450980392157,6458495.8737,4313087.9258,59.95864669408962,40.041353305910384,0.275,count,133.385
SOL,34900,2026-01-20 05:31:15,SHORT,MODERATE,101,64,37,63.366336633663366,36.633663366336634,6441083.1338,4066699.6908,61.29821334640301,38.70178665359699,0.267,count,132.995
SOL,34957,2026-01-20 06:32:55,SHORT,MODERATE,99,61,38,61.61616161616161,38.38383838383838,6957595.5616999995,3656728.4391,65.54911609232587,34.45088390767413,0.232,count,131.46
SOL,35012,2026-01-20 07:36:37,SHORT,MODERATE,103,63,40,61.165048543689316,38.83495145631068,7046190.4177,8474084.0741,45.39990849661063,54.60009150338937,0.223,count,131.335
SOL,35067,2026-01-20 08:42:43,SHORT,MODERATE,104,64,40,61.53846153846154,38.46153846153847,5783606.2136,8086281.9585,41.699011137191604,58.30098886280839,0.231,count,128.685
SOL,35122,2026-01-20 09:47:19,SHORT,MODERATE,107,66,41,61.6822429906542,38.31775700934579,5607755.581,7898085.2043,41.520966151945025,58.47903384805496,0.234,count,128.615
SOL,35191,2026-01-20 10:49:08,SHORT,MODERATE,112,69,43,61.60714285714286,38.392857142857146,5679343.4769,8133494.6901,41.116412197374586,58.883587802625414,0.232,count,129.105
SOL,35270,2026-01-20 11:50:54,SHORT,MODERATE,115,70,45,60.86956521739131,39.130434782608695,5733544.8596,8077254.467600001,41.51493859090355,58.48506140909646,0.217,count,128.735
SOL,35349,2026-01-20 12:53:09,SHORT,MODERATE,111,65,46,58.55855855855856,41.44144144144144,5698757.2492,8119627.229900001,41.24040156661761,58.7595984333824,0.171,count,129.265
SOL,35437,2026-01-20 13:58:23,SHORT,MODERATE,113,65,48,57.52212389380531,42.47787610619469,5660522.0559,8374230.821099999,40.33218187387112,59.66781812612887,0.15,count,128.485
SOL,35478,2026-01-20 14:31:14,SHORT,MODERATE,116,68,48,58.620689655172406,41.37931034482759,5849604.5344,8345932.833900001,41.207348356270955,58.79265164372903,0.172,count,128.785
SOL,35565,2026-01-20 15:36:37,SHORT,MODERATE,118,68,50,57.6271186440678,42.3728813559322,6582779.7096,7976740.659399999,45.21288849333248,54.78711150666752,0.153,count,128.085
SOL,35647,2026-01-20 16:40:28,SHORT,MODERATE,123,72,51,58.536585365853654,41.46341463414634,5959520.8985,7984846.0331,42.73783763531669,57.2621623646833,0.171,count,127.205
SOL,35739,2026-01-20 17:42:55,SHORT,MODERATE,121,71,50,58.67768595041323,41.32231404958678,4656434.3468,8077971.887,36.56577512378055,63.434224876219446,0.174,count,126.785
SOL,35838,2026-01-20 18:45:23,SHORT,MODERATE,124,71,53,57.25806451612904,42.74193548387097,4308027.5413999995,9394140.9143,31.44048006217507,68.55951993782494,0.145,count,127.075
SOL,35942,2026-01-20 19:49:21,SHORT,MODERATE,124,69,55,55.64516129032258,44.354838709677416,4194108.7662,9742772.8201,30.093595473486857,69.90640452651314,0.113,count,126.865
SOL,36037,2026-01-20 20:55:37,SHORT,MODERATE,130,75,55,57.692307692307686,42.30769230769231,4400909.2642,12007197.4719,26.821554338852632,73.17844566114738,0.154,count,127.915
SOL,36092,2026-01-20 21:28:05,SHORT,MODERATE,131,74,57,56.48854961832062,43.51145038167939,3608791.4165,11988697.4429,23.13700268697497,76.86299731302503,0.13,count,127.605
SOL,36202,2026-01-20 22:34:20,SHORT,MODERATE,130,71,59,54.61538461538461,45.38461538461539,3515687.6262,12493809.5472,21.960012785669267,78.03998721433074,0.092,count,125.205
SOL,36304,2026-01-20 23:38:46,SHORT,MODERATE,121,66,55,54.54545454545454,45.45454545454545,2696800.5447,10879677.3523,19.863771481526243,80.13622851847376,0.091,count,126.205
SOL,36395,2026-01-21 00:43:12,SHORT,MODERATE,127,71,56,55.90551181102362,44.09448818897638,2816263.2591,11131231.5296,20.191893252268386,79.80810674773163,0.118,count,126.925
SOL,36494,2026-01-21 01:45:16,SHORT,MODERATE,130,73,57,56.15384615384615,43.84615384615385,2801455.1106000002,11198123.294400001,20.010996256854778,79.98900374314523,0.123,count,127.275
SOL,36603,2026-01-21 02:49:46,SHORT,MODERATE,132,72,60,54.54545454545454,45.45454545454545,3394024.8708,11293859.2343,23.107650131998998,76.892349868001,0.091,count,127.065
SOL,36704,2026-01-21 03:54:41,SHORT,MODERATE,131,72,59,54.961832061068705,45.038167938931295,3410139.8340000003,11381391.751,23.054677025185153,76.94532297481484,0.099,count,127.565
SOL,36792,2026-01-21 04:59:41,SHORT,MODERATE,132,75,57,56.81818181818182,43.18181818181818,3487771.6631,11371122.5721,23.47261921306121,76.52738078693878,0.136,count,127.765
SOL,36835,2026-01-21 05:32:10,SHORT,MODERATE,132,77,55,58.333333333333336,41.66666666666667,3500217.1643000003,11331421.7542,23.599665441787838,76.40033455821215,0.167,count,128.025
SOL,36929,2026-01-21 06:34:45,SHORT,MODERATE,128,77,51,60.15625,39.84375,2903824.0096,11392584.326200001,20.31156316603283,79.68843683396717,0.203,count,128.375
SOL,37039,2026-01-21 07:38:16,SHORT,MODERATE,129,74,55,57.36434108527132,42.63565891472868,2790957.0913,11354412.4669,19.730534998161968,80.26946500183804,0.147,count,127.915
SOL,37149,2026-01-21 08:41:23,SHORT,MODERATE,129,73,56,56.58914728682171,43.41085271317829,3287053.4697,11361811.558,22.438963452010835,77.56103654798918,0.132,count,127.125
SOL,37270,2026-01-21 09:46:33,SHORT,MODERATE,135,74,61,54.81481481481482,45.18518518518518,3487885.3059,11904055.6746,22.66046439704252,77.33953560295748,0.096,count,127.585
SOL,37384,2026-01-21 10:48:44,SHORT,MODERATE,138,76,62,55.072463768115945,44.927536231884055,3549869.6376,11779057.6863,23.157978132398366,76.84202186760164,0.101,count,127.905
SOL,37507,2026-01-21 11:56:17,SHORT,MODERATE,133,72,61,54.13533834586466,45.86466165413533,3435732.6166000003,11549357.6273,22.927673845665282,77.07232615433472,0.083,count,127.105
SOL,37627,2026-01-21 12:59:00,SHORT,MODERATE,138,74,64,53.62318840579711,46.3768115942029,2302651.2413,11842171.5156,16.279109896776482,83.72089010322352,0.072,count,127.335
SOL,37681,2026-01-21 13:30:09,SHORT,MODERATE,138,76,62,55.072463768115945,44.927536231884055,2241509.4211,11812513.417100001,15.949237075432887,84.05076292456711,0.101,count,127.07
SOL,37794,2026-01-21 14:32:24,SHORT,MODERATE,139,80,59,57.55395683453237,42.44604316546763,1979724.1012000002,12212469.3567,13.949387788946737,86.05061221105326,0.151,count,129.105
SOL,37913,2026-01-21 15:36:04,SHORT,MODERATE,136,78,58,57.35294117647059,42.64705882352941,2156136.5515,13557437.2189,13.721490623358775,86.27850937664122,0.147,count,129.865
SOL,38043,2026-01-21 16:38:54,SHORT,MODERATE,140,78,62,55.714285714285715,44.285714285714285,3057916.4243,13506837.435700001,18.460379490963348,81.53962050903665,0.114,count,127.445
SOL,38160,2026-01-21 17:41:39,SHORT,MODERATE,127,70,57,55.118110236220474,44.881889763779526,1363772.5153,13360340.838,9.26217071667917,90.73782928332082,0.102,count,126.525
SOL,38278,2026-01-21 18:45:28,SHORT,MODERATE,130,72,58,55.38461538461539,44.61538461538462,1312940.9201,12771611.2195,9.321850684968158,90.67814931503185,0.108,count,127.005
SOL,38394,2026-01-21 19:48:49,SHORT,MODERATE,133,74,59,55.639097744360896,44.3609022556391,5095517.0274,12581251.4854,28.826066391661254,71.17393360833874,0.113,count,131.505
SOL,38525,2026-01-21 20:55:06,SHORT,MODERATE,140,75,65,53.57142857142857,46.42857142857143,5040148.4489,12307411.6084,29.05393284272887,70.94606715727112,0.071,count,130.975
SOL,38644,2026-01-21 21:57:24,SHORT,MODERATE,145,79,66,54.48275862068965,45.51724137931035,5140218.4477,12254066.113499999,29.55119211494253,70.44880788505746,0.09,count,130.995
SOL,38704,2026-01-21 22:30:32,SHORT,MODERATE,146,79,67,54.109589041095894,45.89041095890411,5119584.4713,12154640.0922,29.637130468464285,70.36286953153571,0.082,count,130.875
SOL,38827,2026-01-21 23:36:16,SHORT,MODERATE,145,77,68,53.103448275862064,46.89655172413793,4981215.6667,12180237.0932,29.025606027592655,70.97439397240734,0.062,count,130.065
SOL,38936,2026-01-22 00:38:38,SHORT,MODERATE,148,81,67,54.729729729729726,45.27027027027027,5145451.7683,12388178.9283,29.346185381318485,70.65381461868151,0.095,count,130.165
SOL,39055,2026-01-22 01:41:30,SHORT,MODERATE,152,83,69,54.60526315789473,45.39473684210527,5236479.7397,12439629.0666,29.624618161626437,70.37538183837356,0.092,count,129.925
SOL,39165,2026-01-22 02:46:50,SHORT,MODERATE,152,86,66,56.57894736842105,43.42105263157895,5296661.2259,12439660.7373,29.86335744744438,70.13664255255561,0.132,count,130.135
SOL,39278,2026-01-22 03:50:38,SHORT,MODERATE,155,88,67,56.774193548387096,43.225806451612904,3336082.0857,12398547.6038,21.202164598295106,78.7978354017049,0.135,count,129.755
SOL,39396,2026-01-22 04:53:59,SHORT,MODERATE,156,89,67,57.05128205128205,42.94871794871795,3349666.3387,12445668.7663,21.20668106395328,78.79331893604672,0.141,count,130.395
SOL,39514,2026-01-22 05:59:18,SHORT,MODERATE,156,89,67,57.05128205128205,42.94871794871795,3341007.889,12387255.2994,21.242064994589356,78.75793500541064,0.141,count,129.925
SOL,39575,2026-01-22 06:30:26,SHORT,MODERATE,157,89,68,56.68789808917197,43.31210191082803,3337137.3943,12366334.6346,21.25095258015854,78.74904741984146,0.134,count,129.805
SOL,39695,2026-01-22 07:38:38,SHORT,MODERATE,158,91,67,57.59493670886076,42.405063291139236,3363272.2809,12417308.5124,21.31272812422692,78.68727187577309,0.152,count,129.975
SOL,39838,2026-01-22 08:41:37,SHORT,MODERATE,163,91,72,55.828220858895705,44.171779141104295,3351233.2578,12418184.9534,21.251470491281886,78.74852950871811,0.117,count,129.695
SOL,39962,2026-01-22 09:46:31,SHORT,MODERATE,164,91,73,55.487804878048784,44.51219512195122,3406062.8518,12468142.7025,21.456587796781847,78.54341220321815,0.11,count,130.145
SOL,40085,2026-01-22 10:49:34,SHORT,MODERATE,165,91,74,55.15151515151515,44.84848484848485,3372160.3791,12478359.9705,21.274761362551097,78.7252386374489,0.103,count,130.075
SOL,40213,2026-01-22 11:54:27,SHORT,MODERATE,166,90,76,54.21686746987952,45.78313253012048,2101860.9337,14495885.227,12.66353222509673,87.33646777490326,0.084,count,130.165
SOL,40274,2026-01-22 12:28:33,SHORT,MODERATE,168,90,78,53.57142857142857,46.42857142857143,2077354.7187,14481843.5664,12.54501989126616,87.45498010873384,0.071,count,130.125
SOL,40401,2026-01-22 13:32:29,SHORT,MODERATE,165,89,76,53.939393939393945,46.06060606060606,2085731.8514999999,14170966.4237,12.829984392844619,87.17001560715539,0.079,count,130.435
SOL,40530,2026-01-22 14:36:29,SHORT,MODERATE,163,86,77,52.760736196319016,47.239263803680984,2010806.0355,13762146.109000001,12.748444407099557,87.25155559290044,0.055,count,128.575
SOL,40657,2026-01-22 15:41:50,SHORT,MODERATE,152,78,74,51.31578947368421,48.68421052631579,1914397.1508,12386831.5416,13.386242482908859,86.61375751709114,0.026,count,127.475
SOL,40776,2026-01-22 16:46:48,SHORT,MODERATE,157,86,71,54.77707006369427,45.22292993630573,2090220.4579,12158669.4964,14.669356452354505,85.3306435476455,0.096,count,127.805
SOL,40901,2026-01-22 17:50:52,SHORT,MODERATE,161,93,68,57.7639751552795,42.2360248447205,2174806.2135,12084514.045,15.251822485742931,84.74817751425707,0.155,count,128.555
SOL,41030,2026-01-22 18:53:27,SHORT,MODERATE,159,92,67,57.861635220125784,42.138364779874216,2170694.8011,11517332.2454,15.85834681452534,84.14165318547465,0.157,count,127.695
SOL,41096,2026-01-22 19:27:35,SHORT,MODERATE,161,93,68,57.7639751552795,42.2360248447205,2187441.0464,11564419.3576,15.906509971288973,84.09349002871103,0.155,count,128.225
SOL,41226,2026-01-22 20:34:57,SHORT,MODERATE,156,91,65,58.333333333333336,41.66666666666667,2091687.9945,11793599.0382,15.064060178043508,84.93593982195648,0.167,count,128.785
SOL,41360,2026-01-22 21:37:28,SHORT,MODERATE,159,92,67,57.861635220125784,42.138364779874216,2138844.7101,11688789.4974,15.467900567834716,84.53209943216528,0.157,count,128.455
SOL,41495,2026-01-22 22:41:29,SHORT,MODERATE,159,90,69,56.60377358490566,43.39622641509434,2105182.406,11723015.1716,15.223838061224551,84.77616193877545,0.132,count,128.215
SOL,41624,2026-01-22 23:44:36,SHORT,MODERATE,157,89,68,56.68789808917197,43.31210191082803,1972637.3442,11797116.6352,14.325872104549795,85.6741278954502,0.134,count,128.335
SOL,41752,2026-01-23 00:47:40,SHORT,MODERATE,155,88,67,56.774193548387096,43.225806451612904,1977710.663,11770030.3311,14.385713724522137,85.61428627547785,0.135,count,128.285
SOL,41886,2026-01-23 01:50:16,SHORT,MODERATE,160,93,67,58.12500000000001,41.875,2127979.5794,11973065.0092,15.090935753230417,84.90906424676959,0.163,count,128.615
SOL,42017,2026-01-23 02:52:54,SHORT,MODERATE,158,92,66,58.22784810126582,41.77215189873418,2909885.1742,12044746.546400001,19.45808648829268,80.54191351170732,0.165,count,128.225
SOL,42149,2026-01-23 03:58:06,SHORT,MODERATE,163,95,68,58.282208588957054,41.717791411042946,3272015.261,12177345.7319,21.178968259617385,78.82103174038262,0.166,count,128.715
SOL,42216,2026-01-23 04:30:51,SHORT,MODERATE,165,95,70,57.57575757575758,42.42424242424242,3539990.6923,12303466.2259,22.343549836232228,77.65645016376777,0.152,count,128.785
SOL,42356,2026-01-23 05:33:29,SHORT,MODERATE,168,97,71,57.738095238095234,42.26190476190476,3929548.5793,12280928.879800001,24.24079481443088,75.75920518556913,0.155,count,128.505
SOL,42495,2026-01-23 06:38:29,SHORT,MODERATE,166,96,70,57.831325301204814,42.168674698795186,4407625.8965,12259756.5921,26.444619600676265,73.55538039932372,0.157,count,128.195
SOL,42630,2026-01-23 07:44:32,SHORT,MODERATE,160,93,67,58.12500000000001,41.875,4837905.2384,11843853.3576,29.0011704135321,70.99882958646789,0.163,count,127.945
SOL,42772,2026-01-23 08:49:10,SHORT,MODERATE,169,96,73,56.80473372781065,43.19526627218935,4925330.7586,11671540.4836,29.676260583841962,70.32373941615803,0.136,count,126.895
SOL,42909,2026-01-23 09:56:44,SHORT,MODERATE,171,96,75,56.14035087719298,43.859649122807014,4994659.8185,11542145.3649,30.203293581239905,69.7967064187601,0.123,count,126.975
SOL,42974,2026-01-23 10:28:04,SHORT,MODERATE,171,97,74,56.72514619883041,43.27485380116959,5137784.6126,11425504.9407,31.01910762392226,68.98089237607775,0.135,count,127.245
SOL,43110,2026-01-23 11:33:38,SHORT,MODERATE,173,100,73,57.80346820809249,42.19653179190752,5288175.2686,11472915.7917,31.55030450926593,68.44969549073406,0.156,count,127.595
SOL,43246,2026-01-23 12:38:16,SHORT,MODERATE,170,97,73,57.05882352941176,42.94117647058823,5245298.8147,11408862.8173,31.49542397031541,68.5045760296846,0.141,count,127.325
SOL,43383,2026-01-23 13:43:56,SHORT,MODERATE,175,100,75,57.14285714285714,42.857142857142854,5355774.4118,11364244.9206,32.032106574312365,67.96789342568763,0.143,count,127.085
SOL,43521,2026-01-23 14:49:14,SHORT,MODERATE,179,99,80,55.3072625698324,44.6927374301676,5355472.1373000005,10982993.9005,32.778304431455204,67.2216955685448,0.106,count,125.485
SOL,43657,2026-01-23 15:52:58,SHORT,MODERATE,179,100,79,55.865921787709496,44.134078212290504,5477148.3766,10833308.924,33.58059357660387,66.41940642339614,0.117,count,127.585
SOL,43790,2026-01-23 16:55:44,SHORT,MODERATE,179,101,78,56.424581005586596,43.575418994413404,5542257.3974,10821220.559,33.869678635356,66.13032136464399,0.128,count,128.445
SOL,43924,2026-01-23 17:58:27,SHORT,MODERATE,180,99,81,55.00000000000001,45.0,5497175.3671,10671739.3551,33.99841895110221,66.00158104889779,0.1,count,128.605
SOL,43992,2026-01-23 18:29:51,SHORT,MODERATE,181,100,81,55.24861878453039,44.751381215469614,5525994.9102,10688988.455400001,34.07955953826859,65.92044046173142,0.105,count,128.985
SOL,44126,2026-01-23 19:32:34,SHORT,MODERATE,174,94,80,54.02298850574713,45.97701149425287,5379331.2714,10671923.829,33.51346195517101,66.48653804482899,0.08,count,128.31
SOL,44257,2026-01-23 20:35:19,SHORT,MODERATE,176,98,78,55.68181818181818,44.31818181818182,5188285.1776,10610760.6701,32.83923110049904,67.16076889950097,0.114,count,127.045
SOL,44396,2026-01-23 21:38:02,SHORT,MODERATE,169,95,74,56.213017751479285,43.786982248520715,5085831.0516,10410217.8077,32.820179503678595,67.17982049632141,0.124,count,127.255
SOL,44529,2026-01-23 22:40:42,SHORT,MODERATE,175,98,77,56.00000000000001,44.0,5068047.9246,10405480.0393,32.75302139514557,67.24697860485443,0.12,count,127.695
SOL,44664,2026-01-23 23:43:28,SHORT,MODERATE,176,98,78,55.68181818181818,44.31818181818182,4993891.0663,10259735.2182,32.73904167545098,67.26095832454902,0.114,count,127.295
SOL,44798,2026-01-24 00:46:09,SHORT,MODERATE,177,98,79,55.367231638418076,44.632768361581924,4930657.9934,10252435.352599999,32.474660341194486,67.52533965880552,0.107,count,127.355
SOL,44933,2026-01-24 01:48:59,SHORT,MODERATE,176,97,79,55.11363636363637,44.88636363636363,4841825.6452,10234065.3698,32.11634815071658,67.88365184928341,0.102,count,127.385
SOL,45067,2026-01-24 02:51:39,SHORT,MODERATE,178,99,79,55.61797752808989,44.38202247191011,4782405.5127,10246208.4128,31.82199992898474,68.17800007101526,0.112,count,127.545
SOL,45202,2026-01-24 03:54:22,SHORT,MODERATE,180,99,81,55.00000000000001,45.0,4720689.7473,10431948.1444,31.154243776166542,68.84575622383346,0.1,count,127.785
SOL,45338,2026-01-24 04:57:03,SHORT,MODERATE,181,101,80,55.80110497237569,44.19889502762431,4650664.8615,10519626.1861,30.6563983967582,69.3436016032418,0.116,count,127.745
SOL,45475,2026-01-24 05:59:48,SHORT,MODERATE,180,100,80,55.55555555555556,44.44444444444444,4579070.0033,10502262.175,30.36250345237182,69.63749654762817,0.111,count,127.715
SOL,45544,2026-01-24 06:31:08,SHORT,MODERATE,178,98,80,55.0561797752809,44.9438202247191,4535808.449,10486917.924999999,30.192977866189285,69.80702213381072,0.101,count,127.545
SOL,45685,2026-01-24 07:33:49,SHORT,MODERATE,180,99,81,55.00000000000001,45.0,4456324.6259,10133152.4142,30.54478658591765,69.45521341408235,0.1,count,127.195
SOL,45829,2026-01-24 08:36:54,SHORT,MODERATE,186,103,83,55.376344086021504,44.623655913978496,4486604.2609,10030768.6377,30.90507003049202,69.09492996950797,0.108,count,127.085
SOL,45972,2026-01-24 09:39:36,SHORT,MODERATE,185,103,82,55.67567567567567,44.32432432432433,4417780.7043,10011183.4255,30.61744879645241,69.38255120354759,0.114,count,126.985
SOL,46122,2026-01-24 10:42:21,SHORT,MODERATE,186,104,82,55.91397849462365,44.086021505376344,4360948.4313,9992610.5631,30.382349304457602,69.6176506955424,0.118,count,127.105
SOL,46269,2026-01-24 11:45:07,SHORT,MODERATE,185,103,82,55.67567567567567,44.32432432432433,4246131.4162,10000545.957899999,29.80436283283378,70.19563716716621,0.114,count,127.195
SOL,46418,2026-01-24 12:47:54,SHORT,MODERATE,184,103,81,55.97826086956522,44.02173913043478,4184238.9512,9991561.7529,29.51677325704651,70.48322674295349,0.12,count,127.255
SOL,46566,2026-01-24 13:50:39,SHORT,MODERATE,184,102,82,55.434782608695656,44.565217391304344,4085433.9259,9996809.41,29.011243652387144,70.98875634761286,0.109,count,127.175
SOL,46713,2026-01-24 14:53:23,SHORT,MODERATE,186,104,82,55.91397849462365,44.086021505376344,4028297.0939,9940972.261,28.836848882772774,71.16315111722722,0.118,count,127.095
SOL,46858,2026-01-24 15:56:09,SHORT,MODERATE,187,103,84,55.080213903743314,44.919786096256686,3943722.1741,9890377.9452,28.507254827497597,71.49274517250241,0.102,count,126.805
SOL,47004,2026-01-24 16:58:58,SHORT,MODERATE,189,103,86,54.4973544973545,45.5026455026455,3861295.3818,9824141.6571,28.214629688657432,71.78537031134256,0.09,count,126.935
SOL,47077,2026-01-24 17:30:23,SHORT,MODERATE,191,103,88,53.92670157068062,46.07329842931937,4047945.3168,9888003.5628,29.046786492777287,70.95321350722271,0.079,count,127.155
SOL,47222,2026-01-24 18:33:09,SHORT,MODERATE,190,103,87,54.21052631578947,45.78947368421053,4171650.257,9842845.5554,29.76668096264249,70.2333190373575,0.084,count,127.185
SOL,47371,2026-01-24 19:35:53,SHORT,MODERATE,191,102,89,53.403141361256544,46.596858638743456,4172847.0067,9745052.8917,29.981872532218095,70.0181274677819,0.068,count,127.235
SOL,47517,2026-01-24 20:38:34,SHORT,MODERATE,190,102,88,53.68421052631579,46.31578947368421,4179261.5055,9732758.134499999,30.040652713598387,69.95934728640162,0.074,count,127.355
SOL,47665,2026-01-24 21:41:21,SHORT,MODERATE,192,102,90,53.125,46.875,4116940.4844,9751298.837,29.686107868409607,70.31389213159039,0.062,count,127.095
SOL,47808,2026-01-24 22:44:08,SHORT,MODERATE,187,101,86,54.01069518716578,45.98930481283423,4122849.4723,9825466.4422,29.558044839048158,70.44195516095184,0.08,count,127.215
SOL,47954,2026-01-24 23:46:55,SHORT,MODERATE,186,101,85,54.3010752688172,45.69892473118279,4094625.6903999997,9761888.506099999,29.550185799501122,70.44981420049888,0.086,count,127.105
SOL,48094,2026-01-25 00:49:41,SHORT,MODERATE,184,99,85,53.80434782608695,46.19565217391305,4109195.9086,9636110.0771,29.895266885109894,70.10473311489011,0.076,count,127.045
SOL,48237,2026-01-25 01:52:27,SHORT,MODERATE,184,99,85,53.80434782608695,46.19565217391305,4111684.8221,9629071.6587,29.9232784442783,70.0767215557217,0.076,count,127.005
SOL,48379,2026-01-25 02:55:10,SHORT,MODERATE,183,98,85,53.551912568306015,46.44808743169399,4097121.999,9624103.0194,29.859739152341046,70.14026084765895,0.071,count,126.995
SOL,48522,2026-01-25 03:57:58,SHORT,MODERATE,187,101,86,54.01069518716578,45.98930481283423,4181725.069,9592909.468600001,30.358156200698705,69.6418437993013,0.08,count,126.595
SOL,48595,2026-01-25 04:29:19,SHORT,MODERATE,189,102,87,53.96825396825397,46.03174603174603,4274603.987,9737821.5876,30.505810462597395,69.4941895374026,0.079,count,126.665
SOL,48741,2026-01-25 05:32:04,SHORT,MODERATE,186,100,86,53.76344086021505,46.236559139784944,4204991.8283,9805593.2113,30.01296388705301,69.98703611294698,0.075,count,126.665
SOL,48888,2026-01-25 06:34:56,SHORT,MODERATE,185,99,86,53.51351351351351,46.48648648648649,3973419.8798,9759647.9333,28.933228422638003,71.066771577362,0.07,count,126.595
SOL,49039,2026-01-25 07:37:39,SHORT,MODERATE,182,97,85,53.2967032967033,46.7032967032967,3923069.3764,9729461.6841,28.73510676529693,71.26489323470308,0.066,count,126.485
SOL,49185,2026-01-25 08:40:24,SHORT,MODERATE,181,96,85,53.03867403314917,46.96132596685083,3904945.4253,9715981.197,28.668720811599375,71.33127918840061,0.061,count,126.295
SOL,49331,2026-01-25 09:43:09,SHORT,MODERATE,185,98,87,52.972972972972975,47.02702702702703,3937970.7085,9838936.2609,28.58385207395723,71.41614792604277,0.059,count,126.785
SOL,49474,2026-01-25 10:45:55,SHORT,MODERATE,184,99,85,53.80434782608695,46.19565217391305,3945082.8655,9954174.2047,28.38340816041352,71.61659183958649,0.076,count,127.045
SOL,49622,2026-01-25 11:48:46,SHORT,MODERATE,185,100,85,54.054054054054056,45.94594594594595,3977000.023,9930695.9981,28.595678370927235,71.40432162907277,0.081,count,126.725
SOL,49771,2026-01-25 12:51:27,SHORT,MODERATE,184,100,84,54.347826086956516,45.65217391304348,3981538.7125,9877018.487,28.729821259053207,71.27017874094679,0.087,count,126.925
SOL,49915,2026-01-25 13:54:08,SHORT,MODERATE,188,104,84,55.319148936170215,44.680851063829785,4018759.7113,9965210.9152,28.738330611795927,71.26166938820407,0.106,count,126.965
SOL,50064,2026-01-25 14:56:54,SHORT,MODERATE,192,106,86,55.208333333333336,44.79166666666667,4246390.7095,9904892.7588,30.007106556887596,69.99289344311241,0.104,count,126.025
SOL,50215,2026-01-25 15:59:40,SHORT,MODERATE,194,106,88,54.63917525773196,45.36082474226804,3713401.747,9826469.3501,27.4256802030807,72.57431979691931,0.093,count,125.525
SOL,50291,2026-01-25 16:31:03,SHORT,MODERATE,180,98,82,54.44444444444444,45.55555555555556,3409009.0704,9312152.0026,26.797939675769406,73.2020603242306,0.089,count,122.985
SOL,50437,2026-01-25 17:33:49,SHORT,MODERATE,174,93,81,53.44827586206896,46.55172413793103,4063115.1899,8813638.3447,31.553878692966812,68.4461213070332,0.069,count,122.025
SOL,50587,2026-01-25 18:36:31,SHORT,MODERATE,175,94,81,53.714285714285715,46.285714285714285,4239158.6272,8243316.4349,33.96088200545398,66.03911799454602,0.074,count,121.295
SOL,50738,2026-01-25 19:39:20,SHORT,MODERATE,168,89,79,52.976190476190474,47.023809523809526,4711055.462,7968253.5512999995,37.15545900063106,62.84454099936894,0.06,count,119.935
SOL,50877,2026-01-25 20:42:07,SHORT,MODERATE,170,93,77,54.70588235294118,45.294117647058826,5962554.5649,3492595.6515,63.061447237061586,36.93855276293842,0.094,count,117.755
SOL,51015,2026-01-25 21:44:51,SHORT,MODERATE,172,96,76,55.81395348837209,44.18604651162791,6340864.0773,4477259.5445,58.613344596305886,41.38665540369412,0.116,count,118.025
SOL,51155,2026-01-25 22:47:43,SHORT,MODERATE,172,97,75,56.395348837209305,43.604651162790695,6769443.7176,5519638.3094,55.08502346006841,44.914976539931594,0.128,count,118.225
SOL,51294,2026-01-25 23:50:25,SHORT,MODERATE,173,99,74,57.22543352601156,42.77456647398844,6990370.8253,7043058.8262,49.81227681967833,50.187723180321676,0.145,count,119.265
SOL,51440,2026-01-26 00:53:11,SHORT,MODERATE,173,99,74,57.22543352601156,42.77456647398844,6993050.9781,7315819.8878,48.8721370374891,51.1278629625109,0.145,count,119.615
SOL,51583,2026-01-26 01:55:56,SHORT,MODERATE,172,100,72,58.139534883720934,41.86046511627907,6711099.9195,7894756.692299999,45.94800632287554,54.05199367712444,0.163,count,122.335
SOL,51726,2026-01-26 02:58:44,SHORT,MODERATE,169,96,73,56.80473372781065,43.19526627218935,6103774.4093,7907804.807899999,43.562358779710394,56.43764122028961,0.136,count,122.015
SOL,51805,2026-01-26 03:30:08,SHORT,MODERATE,170,94,76,55.294117647058826,44.70588235294118,5944940.7184999995,7878161.095600001,43.007284460828984,56.992715539171,0.106,count,121.575
SOL,51948,2026-01-26 04:32:53,SHORT,MODERATE,171,92,79,53.80116959064327,46.198830409356724,5287925.847,7997752.0493,39.80170141316359,60.19829858683641,0.076,count,123.15
SOL,52090,2026-01-26 05:35:40,SHORT,MODERATE,174,93,81,53.44827586206896,46.55172413793103,5295070.2905,8080355.4434,39.588050472888135,60.41194952711187,0.069,count,122.805
SOL,52230,2026-01-26 06:38:56,SHORT,MODERATE,175,94,81,53.714285714285715,46.285714285714285,5422902.0324,8043643.4283,40.26943694079442,59.73056305920558,0.074,count,122.415
SOL,52374,2026-01-26 07:41:42,SHORT,MODERATE,177,94,83,53.10734463276836,46.89265536723164,5452035.8667,8091056.984599999,40.25694814738466,59.74305185261534,0.062,count,122.725
SOL,52515,2026-01-26 08:44:27,SHORT,MODERATE,177,94,83,53.10734463276836,46.89265536723164,5075641.8352,8082698.5769,38.57357140975467,61.426428590245344,0.062,count,122.635
SOL,52658,2026-01-26 09:47:13,SHORT,MODERATE,175,89,86,50.857142857142854,49.142857142857146,4854401.6477,8092896.8273,37.49354861227141,62.50645138772859,0.017,count,122.195
SOL,52796,2026-01-26 10:50:03,SHORT,MODERATE,178,89,89,50.0,50.0,4811965.5823,8141207.5989,37.14893265909545,62.85106734090454,0.0,count,122.425
SOL,52936,2026-01-26 11:52:41,SHORT,MODERATE,178,90,88,50.56179775280899,49.43820224719101,4811124.2823,8131551.7368,37.17256211312128,62.82743788687873,0.011,count,122.415
SOL,53068,2026-01-26 12:55:25,SHORT,MODERATE,179,91,88,50.83798882681564,49.162011173184354,4828227.6388,8128413.7343,37.26450011053135,62.73549988946865,0.017,count,122.535
SOL,53198,2026-01-26 13:58:10,SHORT,MODERATE,179,90,89,50.27932960893855,49.72067039106145,4867539.886,8373723.9985,36.760387289750035,63.23961271024996,0.006,count,123.205
SOL,53261,2026-01-26 14:29:32,LONG,MODERATE,180,87,93,48.333333333333336,51.66666666666667,4826988.1845,8400171.64,36.493005668225265,63.506994331774735,0.033,count,122.885
SOL,53396,2026-01-26 15:32:20,LONG,MODERATE,184,91,93,49.45652173913043,50.54347826086957,5078538.1172,8721190.2078,36.801725349908295,63.19827465009171,0.011,count,123.87
SOL,53526,2026-01-26 16:35:05,LONG,MODERATE,176,85,91,48.29545454545455,51.70454545454546,5101604.2419,9036931.0449,36.08297562946957,63.91702437053043,0.034,count,124.16
SOL,53657,2026-01-26 17:37:52,LONG,MODERATE,174,84,90,48.275862068965516,51.724137931034484,5062271.4285,8961016.3712,36.099033984086795,63.900966015913205,0.034,count,123.815
SOL,53789,2026-01-26 18:40:36,SHORT,MODERATE,170,85,85,50.0,50.0,5045479.5154,9206405.7982,35.402189986649006,64.597810013351,0.0,count,124.745
SOL,53920,2026-01-26 19:43:19,LONG,MODERATE,173,85,88,49.13294797687861,50.86705202312138,5074329.1263,9137511.7077,35.70493918113915,64.29506081886083,0.017,count,124.545
SOL,54049,2026-01-26 20:45:59,LONG,MODERATE,174,85,89,48.85057471264368,51.14942528735632,5041195.2662,9127194.1071,35.58058106237548,64.41941893762451,0.023,count,123.825
SOL,54179,2026-01-26 21:48:41,SHORT,MODERATE,172,86,86,50.0,50.0,5061187.1561,9199158.3191,35.49133620150965,64.50866379849035,0.0,count,124.525
SOL,54312,2026-01-26 22:51:25,SHORT,MODERATE,169,85,84,50.29585798816568,49.70414201183432,5073960.1244,9203706.6688,35.53774014964802,64.46225985035197,0.006,count,124.715
SOL,54443,2026-01-26 23:54:10,LONG,MODERATE,170,83,87,48.8235294117647,51.17647058823529,5006108.2113,9265296.2778,35.0778945066233,64.9221054933767,0.024,count,124.185
SOL,54573,2026-01-27 00:56:54,LONG,MODERATE,170,84,86,49.411764705882355,50.588235294117645,5019488.4431,9243685.8158,35.19194501860564,64.80805498139436,0.012,count,124.055
SOL,54703,2026-01-27 01:59:38,LONG,MODERATE,172,84,88,48.837209302325576,51.162790697674424,4990240.8505,9184459.6074,35.205264938905884,64.79473506109412,0.023,count,124.235
SOL,54768,2026-01-27 02:30:59,LONG,MODERATE,175,85,90,48.57142857142857,51.42857142857142,5000456.9300999995,9176528.2872,35.27165228329366,64.72834771670635,0.029,count,124.595
SOL,54898,2026-01-27 03:33:37,LONG,MODERATE,171,85,86,49.707602339181285,50.29239766081871,5036644.2891,9026528.146300001,35.81442460608456,64.18557539391543,0.006,count,124.405
SOL,55029,2026-01-27 04:36:15,SHORT,MODERATE,170,86,84,50.588235294117645,49.411764705882355,5044999.0667,9003866.4787,35.910366217092005,64.089633782908,0.012,count,124.575
SOL,55158,2026-01-27 05:39:00,SHORT,MODERATE,170,86,84,50.588235294117645,49.411764705882355,5036221.9807,9004415.649,35.86889793414322,64.13110206585677,0.012,count,124.335
SOL,55290,2026-01-27 06:41:42,SHORT,MODERATE,169,86,83,50.887573964497044,49.112426035502956,5030599.9451,8936129.9685,36.01845225202995,63.98154774797005,0.018,count,124.165
SOL,55423,2026-01-27 07:44:30,LONG,MODERATE,170,84,86,49.411764705882355,50.588235294117645,4999746.8693,9117554.6172,35.4157405654411,64.5842594345589,0.012,count,124.535
SOL,55553,2026-01-27 08:47:12,SHORT,MODERATE,172,86,86,50.0,50.0,4983404.7738,9131408.9933,35.30620280244675,64.69379719755327,0.0,count,124.195
SOL,55681,2026-01-27 09:49:55,LONG,MODERATE,168,83,85,49.404761904761905,50.595238095238095,4941125.3803,8671012.1349,36.29940833893641,63.70059166106359,0.012,count,123.855
SOL,55811,2026-01-27 10:52:42,LONG,MODERATE,167,81,86,48.50299401197605,51.49700598802395,4931861.9452,8669386.525700001,36.2603620965514,63.73963790344861,0.03,count,123.765
SOL,55943,2026-01-27 11:55:24,LONG,MODERATE,169,84,85,49.70414201183432,50.29585798816568,4947915.2709,8687888.363,36.286202146523856,63.71379785347614,0.006,count,124.075
SOL,56076,2026-01-27 12:58:08,LONG,MODERATE,166,82,84,49.39759036144578,50.602409638554214,4918467.8789,8666330.9841,36.20567318295819,63.794326817041814,0.012,count,123.865
SOL,56141,2026-01-27 13:29:28,LONG,MODERATE,167,81,86,48.50299401197605,51.49700598802395,4908399.2077,8640117.1189,36.22831525886911,63.77168474113088,0.03,count,123.335
SOL,56269,2026-01-27 14:32:10,LONG,MODERATE,164,79,85,48.170731707317074,51.829268292682926,4934366.8315,8611111.564,36.42814736716325,63.571852632836745,0.037,count,123.965
SOL,56404,2026-01-27 15:34:53,LONG,MODERATE,168,82,86,48.80952380952381,51.19047619047619,4959277.5989,8546573.17,36.71947575727519,63.28052424272481,0.024,count,123.635
SOL,56539,2026-01-27 16:37:37,LONG,MODERATE,172,85,87,49.41860465116279,50.58139534883721,5163912.3163,9008905.7965,36.4353248253167,63.5646751746833,0.012,count,126.295
SOL,56670,2026-01-27 17:40:21,LONG,MODERATE,167,81,86,48.50299401197605,51.49700598802395,4931294.4902,8969098.0639,35.47593689176416,64.52406310823584,0.03,count,124.025
SOL,56798,2026-01-27 18:43:05,LONG,MODERATE,166,80,86,48.19277108433735,51.80722891566265,4938845.2039,9111874.3131,35.15012308034816,64.84987691965185,0.036,count,124.935
SOL,56935,2026-01-27 19:45:48,LONG,MODERATE,163,79,84,48.466257668711656,51.533742331288344,5197001.566,9449891.7823,35.481937653374075,64.51806234662592,0.031,count,126.035
SOL,57064,2026-01-27 20:48:35,LONG,MODERATE,162,78,84,48.148148148148145,51.85185185185185,5289156.792,9781127.6658,35.09659560050617,64.90340439949382,0.037,count,127.265
SOL,57196,2026-01-27 21:51:15,LONG,MODERATE,164,79,85,48.170731707317074,51.829268292682926,5299216.0719,10002494.0568,34.63152828885937,65.36847171114063,0.037,count,126.945
SOL,57328,2026-01-27 22:54:02,LONG,MODERATE,163,78,85,47.85276073619632,52.14723926380368,5321979.6296,9915936.1184,34.92590271276777,65.07409728723222,0.043,count,127.555
SOL,57460,2026-01-27 23:56:43,LONG,MODERATE,163,78,85,47.85276073619632,52.14723926380368,5300638.005,9902727.5538,34.864898725873815,65.13510127412619,0.043,count,127.195
SOL,57598,2026-01-28 00:59:24,LONG,MODERATE,165,79,86,47.878787878787875,52.121212121212125,5210201.4153,9557876.505,35.2801592964114,64.71984070358859,0.042,count,127.165
SOL,57666,2026-01-28 01:30:45,LONG,MODERATE,164,79,85,48.170731707317074,51.829268292682926,4862919.3637,8359821.6887,36.77693864251658,63.22306135748341,0.037,count,126.935
SOL,57807,2026-01-28 02:33:32,LONG,MODERATE,162,79,83,48.76543209876543,51.23456790123457,4686352.3743,8407087.7517,35.79160502665898,64.20839497334102,0.025,count,127.025
SOL,57943,2026-01-28 03:36:13,LONG,MODERATE,160,76,84,47.5,52.5,2757892.735,8376803.545399999,24.768459467139827,75.23154053286018,0.05,count,127.075
SOL,58084,2026-01-28 04:38:53,LONG,MODERATE,159,77,82,48.42767295597484,51.57232704402516,2742392.9392,8324582.2187,24.779968329850117,75.22003167014988,0.031,count,126.775
SOL,58224,2026-01-28 05:41:38,LONG,MODERATE,161,79,82,49.06832298136646,50.931677018633536,2753051.8862,8312607.651500001,24.879239026110707,75.12076097388929,0.019,count,126.745
SOL,58362,2026-01-28 06:44:18,LONG,MODERATE,162,80,82,49.382716049382715,50.617283950617285,2801466.2555,8378213.2001,25.058556165460725,74.94144383453927,0.012,count,126.895
SOL,58498,2026-01-28 07:47:03,LONG,MODERATE,161,79,82,49.06832298136646,50.931677018633536,2888688.7177,8634976.8652,25.067446611662643,74.93255338833737,0.019,count,127.175
SOL,58636,2026-01-28 08:49:42,LONG,MODERATE,161,79,82,49.06832298136646,50.931677018633536,2879081.2772999997,8600142.6895,25.08080063275031,74.91919936724969,0.019,count,126.795
SOL,58773,2026-01-28 09:52:29,LONG,MODERATE,160,78,82,48.75,51.24999999999999,2881490.0886999997,8636211.903099999,25.01792537045558,74.98207462954441,0.025,count,127.495
SOL,58910,2026-01-28 10:55:09,SHORT,MODERATE,158,80,78,50.63291139240506,49.36708860759494,2849133.9584,8625735.565399999,24.82933642505144,75.17066357494856,0.013,count,127.305
SOL,59047,2026-01-28 11:57:52,SHORT,MODERATE,153,77,76,50.326797385620914,49.673202614379086,2856203.3649,8739810.3561,24.630907082556387,75.36909291744361,0.007,count,128.215
SOL,59114,2026-01-28 12:29:15,SHORT,MODERATE,155,78,77,50.32258064516129,49.67741935483871,2878206.099,8724435.2518,24.80647304332602,75.19352695667398,0.006,count,127.275
SOL,59250,2026-01-28 13:31:57,LONG,MODERATE,154,75,79,48.701298701298704,51.298701298701296,2843904.827,8631570.6349,24.782457480233532,75.21754251976647,0.026,count,127.445
SOL,59391,2026-01-28 14:34:41,SHORT,MODERATE,152,76,76,50.0,50.0,2822606.1242,8738633.0635,24.414390865669226,75.58560913433078,0.0,count,127.005
SOL,59525,2026-01-28 15:37:22,LONG,MODERATE,151,73,78,48.34437086092716,51.65562913907284,2707011.6144,8502056.9488,24.150192312029127,75.84980768797087,0.033,count,126.165
SOL,59664,2026-01-28 16:40:05,LONG,MODERATE,152,74,78,48.68421052631579,51.31578947368421,2718327.3596,8456805.7171,24.324787373384176,75.67521262661583,0.026,count,126.105
SOL,59799,2026-01-28 17:42:52,LONG,MODERATE,157,77,80,49.044585987261144,50.955414012738856,2747270.5499,8513046.7253,24.397807652815047,75.60219234718495,0.019,count,126.225
SOL,59933,2026-01-28 18:45:39,LONG,MODERATE,161,79,82,49.06832298136646,50.931677018633536,2767970.6958,8629212.4143,24.28644577401822,75.71355422598177,0.019,count,125.855
SOL,60068,2026-01-28 19:48:27,LONG,MODERATE,157,78,79,49.681528662420384,50.318471337579616,2830732.0842999998,8261579.2159,25.519767771473923,74.48023222852608,0.006,count,126.065
SOL,60207,2026-01-28 20:51:15,SHORT,MODERATE,158,81,77,51.26582278481012,48.734177215189874,2859562.0525,8271361.2876,25.69025017177335,74.30974982822664,0.025,count,125.505
SOL,60343,2026-01-28 21:53:58,SHORT,MODERATE,155,78,77,50.32258064516129,49.67741935483871,2793067.9597,8245179.0866,25.303546369133233,74.69645363086677,0.006,count,125.745
SOL,60481,2026-01-28 22:56:44,SHORT,MODERATE,159,81,78,50.943396226415096,49.056603773584904,2814272.0533000003,8298256.7944,25.3252170758817,74.6747829241183,0.019,count,125.605
SOL,60617,2026-01-28 23:59:31,SHORT,MODERATE,159,81,78,50.943396226415096,49.056603773584904,2804525.4968,8306090.9653,25.241853198395088,74.75814680160492,0.019,count,125.245
SOL,60685,2026-01-29 00:30:54,SHORT,MODERATE,161,81,80,50.31055900621118,49.68944099378882,2796935.5692000003,8189488.0433,25.45810782334787,74.54189217665213,0.006,count,124.985
SOL,60820,2026-01-29 01:33:42,LONG,MODERATE,157,76,81,48.40764331210191,51.59235668789809,2787808.912,8529781.145299999,24.632531288777553,75.36746871122244,0.032,count,124.625
SOL,60951,2026-01-29 02:36:22,LONG,MODERATE,153,71,82,46.40522875816993,53.59477124183007,2727940.1015,8287526.812,24.764634335715485,75.23536566428452,0.072,count,123.695
SOL,61087,2026-01-29 03:39:06,LONG,MODERATE,153,70,83,45.751633986928105,54.248366013071895,2743223.7568,7261747.7098,27.41860649935699,72.581393500643,0.085,count,122.77
SOL,61227,2026-01-29 04:41:47,LONG,MODERATE,155,74,81,47.74193548387097,52.25806451612903,2770628.6081,7109531.3585,28.04234564486955,71.95765435513044,0.045,count,123.135
SOL,61363,2026-01-29 05:44:29,LONG,MODERATE,155,73,82,47.096774193548384,52.903225806451616,2799116.8925,7227638.8517,27.91647631507485,72.08352368492515,0.058,count,123.525
SOL,61498,2026-01-29 06:47:16,LONG,MODERATE,154,72,82,46.75324675324675,53.246753246753244,2797425.0416,7237586.493,27.876649986446743,72.12335001355325,0.065,count,123.355
SOL,61634,2026-01-29 07:50:05,LONG,MODERATE,157,72,85,45.85987261146497,54.14012738853503,2806609.8917,7812094.1677,26.430813741489516,73.56918625851048,0.083,count,123.875
SOL,61772,2026-01-29 08:52:53,LONG,MODERATE,158,74,84,46.835443037974684,53.16455696202531,2796081.0084,7831251.5548,26.310280512742995,73.689719487257,0.063,count,123.175
SOL,61911,2026-01-29 09:55:49,LONG,MODERATE,159,75,84,47.16981132075472,52.83018867924528,2795375.7256,7744170.3447,26.522733587903296,73.47726641209671,0.057,count,123.035
SOL,62051,2026-01-29 10:58:57,LONG,MODERATE,159,75,84,47.16981132075472,52.83018867924528,2798604.7238,7752039.040899999,26.525440401688854,73.47455959831115,0.057,count,123.155
SOL,62120,2026-01-29 11:30:23,LONG,MODERATE,161,76,85,47.20496894409938,52.79503105590062,2807917.5325,7732688.4395,26.639052251444884,73.36094774855512,0.056,count,122.755
SOL,62263,2026-01-29 12:33:07,LONG,MODERATE,164,79,85,48.170731707317074,51.829268292682926,2823885.5203,7680338.6742,26.883332533768495,73.1166674662315,0.037,count,123.015
SOL,62407,2026-01-29 13:35:58,LONG,MODERATE,168,81,87,48.214285714285715,51.78571428571429,2873175.6573,7698281.6418,27.178614792726897,72.82138520727311,0.036,count,122.925
SOL,62543,2026-01-29 14:38:56,LONG,MODERATE,165,77,88,46.666666666666664,53.333333333333336,2353947.0488,7461791.6685,23.98135399275885,76.01864600724116,0.067,count,121.735
SOL,62676,2026-01-29 15:41:49,LONG,MODERATE,156,72,84,46.15384615384615,53.84615384615385,2347299.1171,6707047.2012,25.924556390733656,74.07544360926634,0.077,count,116.845
SOL,62818,2026-01-29 16:44:33,SHORT,MODERATE,167,84,83,50.29940119760479,49.700598802395206,2556313.8642,7081991.303900001,26.522441649395567,73.47755835060443,0.006,count,118.025
SOL,62952,2026-01-29 17:47:17,LONG,MODERATE,162,79,83,48.76543209876543,51.23456790123457,2297652.435,7344983.5365,23.828053260446573,76.17194673955343,0.025,count,118.185
SOL,63084,2026-01-29 18:50:04,LONG,MODERATE,157,76,81,48.40764331210191,51.59235668789809,3096749.6154,6996723.9185,30.680712690227384,69.3192873097726,0.032,count,116.285
SOL,63215,2026-01-29 19:52:48,LONG,MODERATE,161,80,81,49.68944099378882,50.31055900621118,3573382.7239,7188288.545,33.20471917987932,66.79528082012068,0.006,count,116.755
SOL,63347,2026-01-29 20:55:30,SHORT,MODERATE,164,83,81,50.609756097560975,49.390243902439025,3639595.9601000003,7250390.1861000005,33.421493023386596,66.5785069766134,0.012,count,116.985
SOL,63478,2026-01-29 21:58:14,SHORT,MODERATE,167,85,82,50.898203592814376,49.101796407185624,4002378.7705,7510913.7245000005,34.76311204842711,65.23688795157288,0.018,count,117.395
SOL,63543,2026-01-29 22:29:38,SHORT,MODERATE,166,84,82,50.602409638554214,49.39759036144578,4239039.5651,7517201.7876,36.057779335454356,63.942220664545644,0.012,count,117.415
SOL,63677,2026-01-29 23:32:23,LONG,MODERATE,166,82,84,49.39759036144578,50.602409638554214,5039193.4469,7740820.7472,39.43026486798728,60.569735132012724,0.012,count,117.495
SOL,63808,2026-01-30 00:35:03,LONG,MODERATE,168,80,88,47.61904761904761,52.38095238095239,5109024.95,7972497.0539,39.05527925937704,60.94472074062297,0.048,count,117.545
SOL,63936,2026-01-30 01:37:44,LONG,MODERATE,165,76,89,46.06060606060606,53.939393939393945,5408056.2254,7976052.2315,40.406548129935004,59.59345187006498,0.079,count,116.845
SOL,64061,2026-01-30 02:40:27,LONG,MODERATE,149,64,85,42.95302013422819,57.04697986577181,4989420.1585,7729813.2481,39.22736535293859,60.77263464706141,0.141,count,113.885
SOL,64192,2026-01-30 03:43:08,LONG,MODERATE,153,68,85,44.44444444444444,55.55555555555556,5420801.3438,8217177.8008,39.74783423793681,60.25216576206319,0.111,count,114.185
SOL,64325,2026-01-30 04:45:52,LONG,MODERATE,155,71,84,45.806451612903224,54.19354838709678,5973789.5013,8306215.2616,41.833245860114374,58.166754139885626,0.084,count,115.585
SOL,64456,2026-01-30 05:48:39,LONG,MODERATE,157,73,84,46.496815286624205,53.503184713375795,6050492.6007,8331391.2737,42.07023678914541,57.92976321085459,0.07,count,115.525
SOL,64586,2026-01-30 06:51:24,LONG,MODERATE,148,66,82,44.5945945945946,55.4054054054054,5934071.3581,8372533.1487,41.477845810859634,58.522154189140366,0.108,count,113.615
SOL,64717,2026-01-30 07:54:09,LONG,MODERATE,151,68,83,45.033112582781456,54.966887417218544,6924802.2939,8421101.8857,45.12475910742001,54.87524089257998,0.099,count,115.865
SOL,64849,2026-01-30 08:57:15,LONG,MODERATE,157,72,85,45.85987261146497,54.14012738853503,6919824.0619,8092042.3956,46.09569423955822,53.90430576044179,0.083,count,115.375
SOL,64914,2026-01-30 09:28:40,LONG,MODERATE,158,71,87,44.936708860759495,55.06329113924051,6743462.6228,8143396.4984,45.29808852155258,54.70191147844743,0.101,count,114.965
SOL,65045,2026-01-30 10:31:29,LONG,MODERATE,161,75,86,46.58385093167702,53.41614906832298,6416868.3705,8100962.7765,44.19991047923158,55.80008952076842,0.068,count,115.575
SOL,65176,2026-01-30 11:34:17,LONG,MODERATE,157,73,84,46.496815286624205,53.503184713375795,6180831.9458,8130645.9991,43.18793607198749,56.81206392801252,0.07,count,116.005
SOL,65306,2026-01-30 12:37:06,LONG,MODERATE,154,69,85,44.8051948051948,55.1948051948052,5725107.436,8638903.2457,39.85730422279543,60.14269577720458,0.104,count,116.415
SOL,65439,2026-01-30 13:39:54,LONG,MODERATE,160,70,90,43.75,56.25,5365131.7613,8405111.2437,38.961779827356075,61.03822017264393,0.125,count,115.765
SOL,65569,2026-01-30 14:42:40,LONG,MODERATE,156,66,90,42.30769230769231,57.692307692307686,4615095.2287,8497175.3694,35.19676622116644,64.80323377883356,0.154,count,117.035
SOL,65703,2026-01-30 15:45:25,LONG,MODERATE,159,65,94,40.88050314465409,59.11949685534591,3025610.8799,7891244.9008,27.71503939118627,72.28496060881373,0.182,count,116.845
SOL,65837,2026-01-30 16:48:10,LONG,MODERATE,156,65,91,41.66666666666667,58.333333333333336,3038996.4573,9322101.7864,24.58516547143265,75.41483452856735,0.167,count,117.225
SOL,65968,2026-01-30 17:51:01,LONG,MODERATE,158,64,94,40.50632911392405,59.49367088607595,3032766.088,10288346.8377,22.766611955889818,77.23338804411019,0.19,count,116.895
SOL,66101,2026-01-30 18:53:58,LONG,MODERATE,152,62,90,40.78947368421053,59.210526315789465,1312730.0064,9911742.0342,11.695249466092736,88.30475053390727,0.184,count,117.435
SOL,66234,2026-01-30 19:56:48,LONG,MODERATE,156,66,90,42.30769230769231,57.692307692307686,1656887.7888,10018846.4979,14.190865842907929,85.80913415709207,0.154,count,118.805
SOL,66368,2026-01-30 20:59:33,LONG,MODERATE,151,63,88,41.72185430463576,58.27814569536424,1657936.9046,10041849.625500001,14.170659441816577,85.82934055818342,0.166,count,116.895
SOL,66432,2026-01-30 21:30:55,LONG,MODERATE,152,64,88,42.10526315789473,57.89473684210527,1753562.6268,10283706.4279,14.567777947235586,85.4322220527644,0.158,count,117.335
SOL,66563,2026-01-30 22:33:42,LONG,MODERATE,154,63,91,40.909090909090914,59.09090909090909,1657348.5473,10502495.5527,13.629685822205568,86.37031417779444,0.182,count,117.005
SOL,66695,2026-01-30 23:36:23,LONG,MODERATE,152,62,90,40.78947368421053,59.210526315789465,1639040.6521,10620110.3495,13.369936073763029,86.63006392623697,0.184,count,117.055
SOL,66827,2026-01-31 00:39:09,LONG,MODERATE,157,65,92,41.40127388535032,58.59872611464968,1656735.7888,11034746.4163,13.053918856965737,86.94608114303428,0.172,count,117.815
SOL,66960,2026-01-31 01:41:50,LONG,MODERATE,159,65,94,40.88050314465409,59.11949685534591,1658872.4624,11167935.0041,12.932855402503751,87.06714459749625,0.182,count,118.055
SOL,67095,2026-01-31 02:44:33,LONG,MODERATE,159,66,93,41.509433962264154,58.490566037735846,1661444.471,11290933.7399,12.827331351410203,87.17266864858979,0.17,count,118.425
SOL,67229,2026-01-31 03:47:16,LONG,MODERATE,161,66,95,40.993788819875775,59.006211180124225,1672296.3385,11622041.1365,12.579012242202767,87.42098775779723,0.18,count,118.305
SOL,67362,2026-01-31 04:50:00,LONG,MODERATE,164,66,98,40.243902439024396,59.756097560975604,1672701.9628,11686666.7114,12.520815942675275,87.47918405732473,0.195,count,118.365
SOL,67495,2026-01-31 05:52:45,LONG,MODERATE,161,65,96,40.37267080745342,59.62732919254658,1661807.32,11843187.1965,12.305131393942096,87.69486860605791,0.193,count,118.605
SOL,67628,2026-01-31 06:55:31,LONG,MODERATE,161,63,98,39.130434782608695,60.86956521739131,1651871.3828,12004938.6387,12.095587331151629,87.90441266884838,0.217,count,118.415
SOL,67764,2026-01-31 07:58:11,LONG,MODERATE,158,64,94,40.50632911392405,59.49367088607595,1557564.1611,11482616.1309,11.944345294486055,88.05565470551394,0.19,count,117.325
SOL,67831,2026-01-31 08:29:36,LONG,MODERATE,151,61,90,40.397350993377486,59.60264900662252,1401606.3453,11381462.3584,10.964553017651477,89.03544698234852,0.192,count,115.745
SOL,67968,2026-01-31 09:32:27,LONG,MODERATE,153,64,89,41.830065359477125,58.16993464052288,1413837.5627,11271338.0036,11.14558923769304,88.85441076230696,0.163,count,116.205
SOL,68100,2026-01-31 10:35:16,LONG,MODERATE,148,63,85,42.567567567567565,57.432432432432435,1421379.3658,11485944.5731,11.012192554618212,88.98780744538179,0.149,count,116.635
SOL,68236,2026-01-31 11:38:16,LONG,MODERATE,147,63,84,42.857142857142854,57.14285714285714,1421172.8786,11424147.4843,11.06374024508293,88.93625975491707,0.143,count,116.295
SOL,68371,2026-01-31 12:41:01,LONG,MODERATE,147,64,83,43.53741496598639,56.4625850340136,1415186.4396,11109063.7118,11.299570213724978,88.70042978627501,0.129,count,115.555
SOL,68505,2026-01-31 13:43:45,LONG,MODERATE,147,68,79,46.25850340136054,53.74149659863946,1179896.1555,10313630.1539,10.265745461730228,89.73425453826978,0.075,count,113.775
SOL,68633,2026-01-31 14:46:38,LONG,MODERATE,145,66,79,45.51724137931035,54.48275862068965,1311072.1711,8480255.1547,13.390137286548928,86.60986271345107,0.09,count,109.285
SOL,68767,2026-01-31 15:49:28,LONG,MODERATE,148,71,77,47.97297297297297,52.02702702702703,1396333.0139,8178704.8604999995,14.583054732694709,85.4169452673053,0.041,count,109.145
SOL,68891,2026-01-31 16:52:20,LONG,MODERATE,142,64,78,45.07042253521127,54.929577464788736,1166303.5238,6271027.4855,15.681748228519037,84.31825177148096,0.099,count,106.415
SOL,69020,2026-01-31 17:55:06,LONG,MODERATE,143,66,77,46.15384615384615,53.84615384615385,1405275.5832,5974165.9799,19.043115541789906,80.95688445821008,0.077,count,103.135
SOL,69152,2026-01-31 18:57:50,LONG,MODERATE,146,70,76,47.94520547945205,52.054794520547944,2577724.3807,5139684.5555,33.40142270560116,66.59857729439884,0.041,count,101.475
SOL,69211,2026-01-31 19:29:10,LONG,MODERATE,140,67,73,47.85714285714286,52.142857142857146,3399796.6837,5447505.0084,38.42749803294006,61.57250196705994,0.043,count,102.595
SOL,69332,2026-01-31 20:31:55,LONG,MODERATE,143,68,75,47.55244755244755,52.44755244755245,3787110.2187,5525613.8677,40.665976824445735,59.334023175554265,0.049,count,100.475
SOL,69455,2026-01-31 21:34:42,SHORT,MODERATE,143,72,71,50.349650349650354,49.65034965034965,4142297.6597,5549976.5262,42.7381394732526,57.2618605267474,0.007,count,102.475
SOL,69572,2026-01-31 22:37:26,SHORT,MODERATE,143,76,67,53.14685314685315,46.85314685314685,3664979.9914,5661204.4018,39.29774318071865,60.702256819281345,0.063,count,103.795
SOL,69694,2026-01-31 23:40:11,SHORT,MODERATE,144,76,68,52.77777777777778,47.22222222222222,2544829.1777,5199135.4821,32.862096994199405,67.1379030058006,0.056,count,105.385
SOL,69815,2026-02-01 00:42:55,SHORT,MODERATE,147,79,68,53.74149659863946,46.25850340136054,2378704.0337,5118538.3569,31.727719470326925,68.27228052967308,0.075,count,105.505
SOL,69940,2026-02-01 01:45:40,SHORT,MODERATE,144,75,69,52.083333333333336,47.91666666666667,2312504.2495999997,5146395.1418,31.00329054265409,68.9967094573459,0.042,count,104.345
SOL,70062,2026-02-01 02:48:31,SHORT,MODERATE,146,76,70,52.054794520547944,47.94520547945205,2205890.7746,4848180.9813,31.271170055152915,68.72882994484709,0.041,count,105.595
SOL,70184,2026-02-01 03:51:15,SHORT,MODERATE,149,78,71,52.348993288590606,47.651006711409394,2192474.0097,4434125.7698,33.08595784647537,66.91404215352462,0.047,count,104.865
SOL,70306,2026-02-01 04:53:55,SHORT,MODERATE,147,76,71,51.70068027210885,48.29931972789115,2117719.0188,4357433.7838,32.70531342441312,67.29468657558688,0.034,count,105.285
SOL,70431,2026-02-01 05:56:39,SHORT,MODERATE,147,75,72,51.02040816326531,48.97959183673469,2102129.1859999998,4788745.9777999995,30.505982709470135,69.49401729052987,0.02,count,104.58
SOL,70556,2026-02-01 06:59:22,SHORT,MODERATE,144,72,72,50.0,50.0,1970427.3751,4836187.1738,28.948713945002748,71.05128605499725,0.0,count,105.025
SOL,70617,2026-02-01 07:30:45,SHORT,MODERATE,148,74,74,50.0,50.0,1938482.494,4886581.2636,28.402408575911352,71.59759142408865,0.0,count,104.135
SOL,70739,2026-02-01 08:33:28,SHORT,MODERATE,147,74,73,50.34013605442177,49.65986394557823,1780629.7499,4878741.3826,26.73870722131584,73.26129277868417,0.007,count,105.225
SOL,70861,2026-02-01 09:36:11,LONG,MODERATE,150,74,76,49.333333333333336,50.66666666666667,1778839.6916,4910527.1118,26.592048902085473,73.40795109791452,0.013,count,105.285
SOL,70983,2026-02-01 10:38:54,LONG,MODERATE,148,72,76,48.64864864864865,51.35135135135135,1783732.822,4873727.9239,26.792990452080588,73.20700954791943,0.027,count,104.685
SOL,71105,2026-02-01 11:41:34,SHORT,MODERATE,150,75,75,50.0,50.0,1902476.7641999999,4841834.1394,28.208615993436624,71.79138400656338,0.0,count,105.055
SOL,71227,2026-02-01 12:44:24,SHORT,MODERATE,148,74,74,50.0,50.0,2076402.5391,5128164.1124,28.820644454273882,71.17935554572612,0.0,count,104.675
SOL,71348,2026-02-01 13:47:10,LONG,MODERATE,148,70,78,47.2972972972973,52.702702702702695,2813724.0408,5530904.9306,33.71898319797835,66.28101680202164,0.054,count,105.105
SOL,71467,2026-02-01 14:49:57,LONG,MODERATE,140,64,76,45.714285714285715,54.285714285714285,2951977.0679,4532749.6949,39.44001112467705,60.55998887532296,0.086,count,102.515
SOL,71590,2026-02-01 15:52:44,LONG,MODERATE,144,66,78,45.83333333333333,54.166666666666664,3953432.9874,5454051.2252,42.02433826149751,57.97566173850248,0.083,count,101.515
SOL,71715,2026-02-01 16:55:28,LONG,MODERATE,152,72,80,47.368421052631575,52.63157894736842,5547203.3133000005,5633677.8307,49.6132929225958,50.38670707740419,0.053,count,101.775
SOL,71838,2026-02-01 17:58:13,LONG,MODERATE,148,72,76,48.64864864864865,51.35135135135135,5826053.1799,5240745.3613,52.64443152380965,47.35556847619034,0.027,count,102.035
SOL,71900,2026-02-01 18:29:34,SHORT,MODERATE,148,74,74,50.0,50.0,6427754.283,5676374.8439,53.10381453809077,46.89618546190925,0.0,count,103.765
SOL,72021,2026-02-01 19:32:16,LONG,MODERATE,150,73,77,48.66666666666667,51.33333333333333,6793755.8861,5623978.4703,54.71010806893734,45.28989193106266,0.027,count,102.675
SOL,72140,2026-02-01 20:35:03,LONG,MODERATE,149,68,81,45.63758389261745,54.36241610738255,6778984.8513,5469408.0588,55.34591273366208,44.65408726633791,0.087,count,100.99
SOL,72265,2026-02-01 21:37:48,LONG,MODERATE,148,70,78,47.2972972972973,52.702702702702695,7070756.884,4884741.9817,59.14229898248586,40.857701017514145,0.054,count,101.245
SOL,72387,2026-02-01 22:40:33,LONG,MODERATE,151,72,79,47.682119205298015,52.317880794701985,7271463.6309,5092110.9611,58.813602625935445,41.18639737406455,0.046,count,102.085
SOL,72507,2026-02-01 23:43:21,LONG,MODERATE,144,68,76,47.22222222222222,52.77777777777778,8120987.8767,5422812.4391,59.96092446243595,40.03907553756405,0.056,count,101.455
SOL,72624,2026-02-02 00:46:03,LONG,MODERATE,142,66,76,46.478873239436616,53.52112676056338,8440722.940299999,5635871.2832,59.962820596254296,40.03717940374572,0.07,count,102.365
SOL,72743,2026-02-02 01:48:46,LONG,MODERATE,140,62,78,44.285714285714285,55.714285714285715,8394419.6026,5743931.0424,59.3734008540004,40.626599145999606,0.114,count,101.72
SOL,72862,2026-02-02 02:51:25,LONG,MODERATE,141,62,79,43.97163120567376,56.02836879432624,8308547.658799999,5686659.0353999995,59.36709503721222,40.632904962787784,0.121,count,100.905
SOL,72981,2026-02-02 03:54:09,LONG,MODERATE,140,60,80,42.857142857142854,57.14285714285714,7291891.7961,6063727.5896,54.59793054530668,45.402069454693326,0.143,count,99.5105
SOL,73102,2026-02-02 04:56:56,LONG,MODERATE,139,61,78,43.884892086330936,56.11510791366906,7281520.557399999,6562810.9412,52.595681908775006,47.404318091225,0.122,count,100.165
SOL,73221,2026-02-02 05:59:41,LONG,MODERATE,134,58,76,43.28358208955223,56.71641791044776,6960364.27469,6377594.31779,52.18462950255584,47.81537049744416,0.134,count,98.3985
SOL,73281,2026-02-02 06:31:04,LONG,MODERATE,134,58,76,43.28358208955223,56.71641791044776,7102935.50389,6409918.8262600005,52.564286792035254,47.435713207964746,0.134,count,99.2305
SOL,73403,2026-02-02 07:33:49,LONG,MODERATE,137,61,76,44.52554744525548,55.47445255474452,7412334.0911,6742482.9709,52.36615958110219,47.63384041889782,0.109,count,101.485
SOL,73521,2026-02-02 08:36:40,LONG,MODERATE,138,62,76,44.927536231884055,55.072463768115945,7665401.6292,6698323.755,53.36638945793193,46.633610542068084,0.101,count,101.875
SOL,73637,2026-02-02 09:39:29,LONG,MODERATE,137,62,75,45.25547445255474,54.74452554744526,7639774.6572,6752608.3435,53.08206887510168,46.917931124898324,0.095,count,102.555
SOL,73757,2026-02-02 10:42:13,LONG,MODERATE,134,63,71,47.01492537313433,52.98507462686567,7467058.922499999,6813818.8536,52.287114556758,47.712885443242016,0.06,count,102.585
SOL,73875,2026-02-02 11:45:06,LONG,MODERATE,136,65,71,47.794117647058826,52.20588235294118,7540603.3087,6840648.0768,52.433568585713395,47.56643141428661,0.044,count,102.995
SOL,73990,2026-02-02 12:47:54,LONG,MODERATE,137,63,74,45.98540145985402,54.01459854014598,7547953.7961,6787766.4385,52.65137483558464,47.34862516441536,0.08,count,103.125
SOL,74107,2026-02-02 13:50:38,LONG,MODERATE,136,62,74,45.588235294117645,54.41176470588235,7740217.0409,6902004.8695,52.86231207438756,47.13768792561244,0.088,count,103.155
SOL,74225,2026-02-02 14:53:24,LONG,MODERATE,136,62,74,45.588235294117645,54.41176470588235,8197809.4291,7064765.3494,53.71183793083225,46.28816206916774,0.088,count,104.18
SOL,74349,2026-02-02 15:56:13,LONG,MODERATE,137,67,70,48.9051094890511,51.09489051094891,8539266.3324,7487064.2864,53.282729125673015,46.717270874326985,0.022,count,104.415
SOL,74467,2026-02-02 16:59:00,LONG,MODERATE,137,67,70,48.9051094890511,51.09489051094891,8529799.0556,7578696.9536,52.95217536589636,47.04782463410365,0.022,count,104.895
SOL,74523,2026-02-02 17:30:27,LONG,MODERATE,137,65,72,47.44525547445255,52.55474452554745,8435896.342600001,7608928.5361,52.577054635223305,47.422945364776695,0.051,count,105.035
SOL,74639,2026-02-02 18:33:13,LONG,MODERATE,131,61,70,46.56488549618321,53.43511450381679,8367120.189900001,7268033.6635,53.51479280826199,46.48520719173801,0.069,count,104.695
SOL,74758,2026-02-02 19:35:54,LONG,MODERATE,134,63,71,47.01492537313433,52.98507462686567,8330914.9722,7263274.6056,53.423199266859946,46.576800733140054,0.06,count,103.845
SOL,74876,2026-02-02 20:38:34,LONG,MODERATE,131,63,68,48.091603053435115,51.908396946564885,8312321.744100001,6923578.5334,54.55747013765529,45.44252986234472,0.038,count,103.435
SOL,74994,2026-02-02 21:41:14,LONG,MODERATE,133,63,70,47.368421052631575,52.63157894736842,8383251.8948,7021153.2384,54.42113358036905,45.57886641963094,0.053,count,104.745
SOL,75111,2026-02-02 22:44:00,LONG,MODERATE,133,62,71,46.616541353383454,53.383458646616546,8306952.8099,7154210.1204,53.727865409273036,46.27213459072696,0.068,count,104.895
SOL,75231,2026-02-02 23:46:44,LONG,MODERATE,131,62,69,47.32824427480916,52.67175572519084,8232712.952,7162217.4013,53.47677945314814,46.52322054685187,0.053,count,104.575
SOL,75348,2026-02-03 00:49:30,LONG,MODERATE,129,61,68,47.286821705426355,52.71317829457365,8106675.756399999,6891626.4782,54.050622727807706,45.94937727219228,0.054,count,103.915
SOL,75465,2026-02-03 01:52:15,LONG,MODERATE,131,61,70,46.56488549618321,53.43511450381679,8081074.4256,7160443.8839,53.02014052342204,46.97985947657796,0.069,count,104.215
SOL,75581,2026-02-03 02:54:59,LONG,MODERATE,128,58,70,45.3125,54.6875,7915157.374799999,7612538.0317,50.97445028118377,49.02554971881622,0.094,count,102.55
SOL,75696,2026-02-03 03:57:44,LONG,MODERATE,131,55,76,41.98473282442748,58.01526717557252,8021811.0055,7336358.6968,52.23155597960787,47.768444020392124,0.16,count,104.245
SOL,75754,2026-02-03 04:29:09,LONG,MODERATE,132,56,76,42.42424242424242,57.57575757575758,8024169.3442,7462088.2671,51.81477375363388,48.18522624636613,0.152,count,103.995
SOL,75870,2026-02-03 05:31:48,LONG,MODERATE,131,56,75,42.74809160305343,57.25190839694656,8027838.542800001,7697790.9565,51.049393877411056,48.950606122588944,0.145,count,103.965
SOL,75988,2026-02-03 06:34:32,LONG,MODERATE,132,59,73,44.696969696969695,55.3030303030303,8013774.1669,7262321.6236,52.45957001581293,47.54042998418706,0.106,count,103.865
SOL,76107,2026-02-03 07:37:18,LONG,MODERATE,133,61,72,45.86466165413533,54.13533834586466,8190671.418400001,7308202.4791,52.84688082868506,47.15311917131494,0.083,count,104.565
SOL,76225,2026-02-03 08:40:10,LONG,MODERATE,133,60,73,45.11278195488722,54.88721804511278,8210307.6379,7304828.9866,52.918049235448414,47.08195076455158,0.098,count,104.65
SOL,76341,2026-02-03 09:42:54,LONG,MODERATE,136,59,77,43.38235294117647,56.61764705882353,8030456.8901,7248893.6983,52.55757987644238,47.44242012355761,0.132,count,103.195
SOL,76457,2026-02-03 10:45:48,LONG,MODERATE,137,58,79,42.33576642335766,57.66423357664233,7966419.095500001,7245607.3168,52.3692168260935,47.63078317390649,0.153,count,102.685
SOL,76574,2026-02-03 11:48:39,LONG,MODERATE,133,58,75,43.609022556390975,56.390977443609025,7976865.852100001,7190471.545,52.59239405873031,47.40760594126969,0.128,count,103.305
SOL,76690,2026-02-03 12:51:30,LONG,MODERATE,132,58,74,43.93939393939394,56.060606060606055,7931578.251200001,7131709.6646,52.655026548888486,47.344973451111514,0.121,count,103.095
SOL,76807,2026-02-03 13:54:17,LONG,MODERATE,133,59,74,44.3609022556391,55.639097744360896,7981904.7258,7252178.1168,52.39504608363892,47.60495391636108,0.113,count,103.16
SOL,76926,2026-02-03 14:57:14,LONG,MODERATE,135,60,75,44.44444444444444,55.55555555555556,7702276.4934,7026962.8965,52.292425219740366,47.707574780259634,0.111,count,100.825
SOL,76986,2026-02-03 15:28:49,LONG,MODERATE,137,63,74,45.98540145985402,54.01459854014598,7821964.0111,7127009.5746,52.32442191604642,47.67557808395359,0.08,count,102.115
SOL,77101,2026-02-03 16:31:41,LONG,MODERATE,143,62,81,43.35664335664335,56.64335664335665,7647768.5546,7062211.9132,51.99033792968583,48.00966207031417,0.133,count,100.245
SOL,77224,2026-02-03 17:34:37,LONG,MODERATE,147,65,82,44.21768707482993,55.78231292517006,7873372.187500001,7148919.0088,52.41126060343723,47.58873939656278,0.116,count,100.145
SOL,77341,2026-02-03 18:37:16,LONG,MODERATE,142,60,82,42.25352112676056,57.74647887323944,7281944.09238,7044316.19759,50.82934377143897,49.170656228561036,0.155,count,97.603
SOL,77461,2026-02-03 19:39:58,LONG,MODERATE,134,59,75,44.02985074626866,55.970149253731336,7039285.594570001,6506022.35001,51.96844267676241,48.03155732323761,0.119,count,99.2505
SOL,77580,2026-02-03 20:42:42,LONG,MODERATE,139,66,73,47.482014388489205,52.51798561151079,7148998.2619,6683273.8819,51.68347027573756,48.31652972426244,0.05,count,100.995
SOL,77697,2026-02-03 21:45:22,LONG,MODERATE,136,65,71,47.794117647058826,52.20588235294118,7232299.3924,6264163.901,53.58662662341117,46.41337337658883,0.044,count,100.545
SOL,77811,2026-02-03 22:48:06,LONG,MODERATE,133,60,73,45.11278195488722,54.88721804511278,6943661.88162,6259244.55856,52.59191915871316,47.40808084128683,0.098,count,98.5625
SOL,77929,2026-02-03 23:50:56,LONG,MODERATE,134,60,74,44.776119402985074,55.223880597014926,6803201.79155,6211875.47739,52.27169728592844,47.72830271407155,0.104,count,97.639
SOL,78052,2026-02-04 00:53:42,LONG,MODERATE,136,66,70,48.529411764705884,51.470588235294116,7128662.70986,4045369.60122,63.79668960498107,36.20331039501893,0.029,count,98.4555
SOL,78167,2026-02-04 01:56:26,LONG,MODERATE,138,66,72,47.82608695652174,52.17391304347826,7152931.27931,4083189.0421100003,63.66015203374064,36.339847966259356,0.043,count,99.0355
SOL,78282,2026-02-04 02:59:10,LONG,MODERATE,133,61,72,45.86466165413533,54.13533834586466,7163025.80562,4060641.99689,63.8207218144687,36.179278185531295,0.083,count,97.851
SOL,78343,2026-02-04 03:30:29,LONG,MODERATE,132,60,72,45.45454545454545,54.54545454545454,6714660.191950001,4076938.49858,62.221181351400205,37.7788186485998,0.091,count,98.6275
SOL,78459,2026-02-04 04:33:15,LONG,MODERATE,136,61,75,44.85294117647059,55.14705882352941,6665239.21501,4564886.70325,59.35142013120645,40.64857986879354,0.103,count,98.7385
SOL,78578,2026-02-04 05:36:02,LONG,MODERATE,136,63,73,46.32352941176471,53.67647058823529,7413634.99746,4087559.0334,64.45969851102188,35.54030148897812,0.074,count,98.006
SOL,78695,2026-02-04 06:38:39,LONG,MODERATE,136,63,73,46.32352941176471,53.67647058823529,7678762.88786,4178869.20162,64.75797891108917,35.24202108891083,0.074,count,98.3265
SOL,78813,2026-02-04 07:41:25,LONG,MODERATE,136,62,74,45.588235294117645,54.41176470588235,7449980.983150001,4213873.39362,63.872376510354535,36.12762348964547,0.088,count,97.9955
SOL,78931,2026-02-04 08:44:23,LONG,MODERATE,134,61,73,45.52238805970149,54.47761194029851,7508242.55921,4181953.5945300004,64.22683127355323,35.77316872644676,0.09,count,97.3045
SOL,79050,2026-02-04 09:47:19,LONG,MODERATE,137,61,76,44.52554744525548,55.47445255474452,7531422.2603,4198055.51501,64.2093570112157,35.790642988784285,0.109,count,97.0385
SOL,79168,2026-02-04 10:50:08,LONG,MODERATE,137,61,76,44.52554744525548,55.47445255474452,7494042.09824,4200473.64495,64.08167950523273,35.91832049476728,0.109,count,96.8815
SOL,79285,2026-02-04 11:53:03,LONG,MODERATE,133,57,76,42.857142857142854,57.14285714285714,5802528.303970001,4498938.26385,56.32720609020947,43.67279390979052,0.143,count,95.9025
SOL,79405,2026-02-04 12:55:50,LONG,MODERATE,137,58,79,42.33576642335766,57.66423357664233,5681768.857460001,4609435.96559,55.20994825342614,44.79005174657386,0.153,count,96.3785
SOL,79527,2026-02-04 13:58:37,LONG,MODERATE,143,62,81,43.35664335664335,56.64335664335665,6217641.20871,4678412.41153,57.06323982437459,42.93676017562542,0.133,count,94.321
SOL,79587,2026-02-04 14:30:04,LONG,MODERATE,145,63,82,43.44827586206896,56.55172413793104,5812336.44348,4199475.31776,58.05479150119499,41.94520849880501,0.131,count,94.2525
SOL,79707,2026-02-04 15:33:03,LONG,MODERATE,146,63,83,43.15068493150685,56.849315068493155,5739954.077470001,3992053.55769,58.980164141390254,41.019835858609746,0.137,count,93.0945
SOL,79826,2026-02-04 16:35:49,LONG,MODERATE,146,63,83,43.15068493150685,56.849315068493155,5265613.11873,4047314.17069,56.540902286567054,43.45909771343294,0.137,count,91.656
SOL,79949,2026-02-04 17:38:33,LONG,MODERATE,146,63,83,43.15068493150685,56.849315068493155,6003338.34979,3970239.19759,60.19242665202961,39.80757334797039,0.137,count,90.3805
SOL,80076,2026-02-04 18:41:20,LONG,MODERATE,146,68,78,46.57534246575342,53.42465753424658,6157197.61107,4213812.6868,59.36931344417397,40.630686555826045,0.068,count,92.556
SOL,80196,2026-02-04 19:44:06,LONG,MODERATE,145,67,78,46.206896551724135,53.79310344827586,6415280.919050001,5949864.91813,51.881967293586506,48.1180327064135,0.076,count,94.0585
SOL,80314,2026-02-04 20:46:52,LONG,MODERATE,147,62,85,42.17687074829932,57.82312925170068,5878660.21263,6120185.89374,48.99354621699091,51.0064537830091,0.156,count,93.1055
SOL,80435,2026-02-04 21:49:37,LONG,MODERATE,142,56,86,39.436619718309856,60.56338028169014,4906115.54892,6429372.74561,43.28102523194764,56.718974768052355,0.211,count,90.8355
SOL,80558,2026-02-04 22:52:20,LONG,MODERATE,143,60,83,41.95804195804196,58.04195804195804,5759474.7383,6410239.66634,47.32629334427158,52.67370665572842,0.161,count,91.2745
SOL,80679,2026-02-04 23:55:06,LONG,MODERATE,141,61,80,43.262411347517734,56.73758865248227,5360898.03283,6496235.44204,45.212428823474774,54.787571176525226,0.135,count,92.347
SOL,80804,2026-02-05 00:57:55,LONG,MODERATE,142,62,80,43.66197183098591,56.33802816901409,4867079.46608,6623213.28221,42.35818505846446,57.64181494153555,0.127,count,91.7385
SOL,80865,2026-02-05 01:29:16,LONG,MODERATE,138,62,76,44.927536231884055,55.072463768115945,4418907.3683,3951356.28449,52.792929250526974,47.20707074947302,0.101,count,92.4695
SOL,80986,2026-02-05 02:32:03,LONG,MODERATE,136,60,76,44.11764705882353,55.88235294117647,3573849.42141,4059281.41686,46.820230088182136,53.179769911817864,0.118,count,91.957
SOL,81110,2026-02-05 03:34:51,LONG,MODERATE,134,60,74,44.776119402985074,55.223880597014926,2514773.39743,4147342.59523,37.74736735596703,62.25263264403297,0.104,count,90.9185
SOL,81235,2026-02-05 04:37:35,LONG,MODERATE,134,60,74,44.776119402985074,55.223880597014926,1494996.37031,4175758.18653,26.363270625189593,73.63672937481041,0.104,count,90.9305
SOL,81361,2026-02-05 05:40:26,LONG,MODERATE,130,59,71,45.38461538461539,54.61538461538461,1376240.77254,4239302.36344,24.507705474153113,75.49229452584689,0.092,count,91.2505
SOL,81480,2026-02-05 06:43:15,LONG,MODERATE,134,58,76,43.28358208955223,56.71641791044776,1370018.58568,4555614.6948,23.120205399700726,76.87979460029928,0.134,count,90.2755
SOL,81601,2026-02-05 07:46:02,LONG,MODERATE,133,59,74,44.3609022556391,55.639097744360896,1506795.63121,4756678.98963,24.056864957934838,75.94313504206515,0.113,count,91.1635
SOL,81724,2026-02-05 08:48:52,LONG,MODERATE,133,60,73,45.11278195488722,54.88721804511278,1314030.90487,4610242.56318,22.18045659027484,77.81954340972517,0.098,count,91.8755
SOL,81845,2026-02-05 09:51:40,LONG,MODERATE,134,61,73,45.52238805970149,54.47761194029851,1190525.0501,4714304.42376,20.161887068378817,79.8381129316212,0.09,count,92.5015
SOL,81965,2026-02-05 10:54:25,LONG,MODERATE,128,55,73,42.96875,57.03125,1080471.29652,4409012.08554,19.682567945301603,80.31743205469839,0.141,count,90.4765
SOL,82085,2026-02-05 11:57:19,LONG,MODERATE,131,55,76,41.98473282442748,58.01526717557252,1155102.69193,4256806.6418200005,21.34371846783343,78.65628153216657,0.16,count,89.6105
SOL,82146,2026-02-05 12:28:46,LONG,MODERATE,132,55,77,41.66666666666667,58.333333333333336,1293778.75543,4483721.86636,22.393398809001912,77.60660119099809,0.167,count,89.8375
SOL,82268,2026-02-05 13:31:30,LONG,MODERATE,136,56,80,41.17647058823529,58.82352941176471,1386253.06323,4412174.8147,23.907395114913164,76.09260488508683,0.176,count,88.6205
SOL,82392,2026-02-05 14:34:20,LONG,MODERATE,135,57,78,42.22222222222222,57.77777777777777,1420682.74159,4490019.99642,24.03576705784923,75.96423294215077,0.156,count,90.144
SOL,82510,2026-02-05 15:37:22,LONG,MODERATE,132,55,77,41.66666666666667,58.333333333333336,3105324.2891700002,3616655.75072,46.196571110627936,53.80342888937205,0.167,count,84.3605
SOL,82634,2026-02-05 16:40:13,LONG,MODERATE,135,60,75,44.44444444444444,55.55555555555556,4008484.81006,3911326.69601,50.613386530572946,49.38661346942705,0.111,count,85.2215
SOL,82754,2026-02-05 17:43:07,LONG,MODERATE,130,58,72,44.61538461538462,55.38461538461539,4440551.45582,3543255.94898,55.61947114543702,44.38052885456298,0.108,count,83.3635
SOL,82869,2026-02-05 18:45:52,LONG,MODERATE,132,54,78,40.909090909090914,59.09090909090909,5173979.24933,3575020.05634,59.13795473702778,40.86204526297222,0.182,count,81.5205
SOL,82995,2026-02-05 19:48:48,LONG,MODERATE,134,60,74,44.776119402985074,55.223880597014926,5749460.90577,3501850.64019,62.147522296779215,37.8524777032208,0.104,count,81.6995
SOL,83117,2026-02-05 20:51:44,LONG,MODERATE,127,58,69,45.66929133858268,54.330708661417326,4942543.49923,3345017.5750200003,59.63809442788674,40.36190557211326,0.087,count,78.6605
SOL,83235,2026-02-05 21:54:29,LONG,MODERATE,129,57,72,44.18604651162791,55.81395348837209,5024592.85843,3905715.6996999998,56.26449327840635,43.73550672159366,0.116,count,78.8095
SOL,83355,2026-02-05 22:57:15,LONG,MODERATE,132,58,74,43.93939393939394,56.060606060606055,5359908.36002,3576961.36074,59.97523212819296,40.02476787180704,0.121,count,80.0965
SOL,83471,2026-02-05 23:59:57,LONG,MODERATE,122,52,70,42.62295081967213,57.377049180327866,4752856.77768,3326387.84033,58.827984575254476,41.172015424745524,0.148,count,78.2665
SOL,83533,2026-02-06 00:31:29,LONG,MODERATE,115,48,67,41.73913043478261,58.26086956521739,3527828.57595,3053224.29906,53.60583850262165,46.39416149737834,0.165,count,71.8115
SOL,83654,2026-02-06 01:34:17,LONG,MODERATE,123,56,67,45.52845528455284,54.47154471544715,4514074.8098100005,3262594.21541,58.04637943534311,41.95362056465688,0.089,count,77.9605
SOL,83776,2026-02-06 02:37:01,LONG,MODERATE,115,52,63,45.21739130434783,54.78260869565217,3172855.35869,3304110.11331,48.98675733885401,51.013242661145995,0.096,count,77.7515
SOL,83894,2026-02-06 03:39:41,LONG,MODERATE,123,54,69,43.90243902439025,56.09756097560976,3474433.85642,4001636.30584,46.474067003267486,53.52593299673253,0.122,count,76.3855
SOL,84014,2026-02-06 04:42:24,LONG,MODERATE,123,55,68,44.71544715447154,55.28455284552846,3833549.0811099997,4063701.9344099998,48.542829315874,51.457170684126,0.106,count,76.9045
SOL,84134,2026-02-06 05:45:08,LONG,MODERATE,119,54,65,45.378151260504204,54.621848739495796,4156722.64405,4103012.64126,50.325131502007835,49.67486849799216,0.092,count,79.8015
SOL,84252,2026-02-06 06:47:56,LONG,MODERATE,118,54,64,45.76271186440678,54.23728813559322,4203487.61254,3989754.71177,51.30432429745082,48.695675702549174,0.085,count,79.7345
SOL,84371,2026-02-06 07:50:44,LONG,MODERATE,120,56,64,46.666666666666664,53.333333333333336,4354891.98015,3998130.70989,52.135521975089304,47.864478024910696,0.067,count,79.2555
SOL,84491,2026-02-06 08:53:26,LONG,MODERATE,120,56,64,46.666666666666664,53.333333333333336,4322404.31052,3963276.5318,52.16715913607073,47.83284086392927,0.067,count,79.2065
SOL,84614,2026-02-06 09:56:10,LONG,MODERATE,123,58,65,47.15447154471545,52.84552845528455,4562031.19071,4076311.35306,52.811418019075326,47.188581980924674,0.057,count,81.3485
SOL,84734,2026-02-06 10:58:57,LONG,MODERATE,119,56,63,47.05882352941176,52.94117647058824,4561056.33605,4051979.14924,52.95527162101818,47.04472837898183,0.059,count,80.7715
SOL,84794,2026-02-06 11:30:16,LONG,MODERATE,121,57,64,47.107438016528924,52.892561983471076,4605972.65978,4053707.5554,53.18871534893348,46.81128465106653,0.058,count,80.9425
SOL,84915,2026-02-06 12:33:02,LONG,MODERATE,122,57,65,46.72131147540984,53.278688524590166,4487008.31691,4071392.72243,52.42811474111553,47.571885258884464,0.066,count,81.2915
SOL,85038,2026-02-06 13:35:45,LONG,MODERATE,123,58,65,47.15447154471545,52.84552845528455,3978672.56044,3967851.64855,50.068085817178776,49.931914182821224,0.057,count,82.8885
SOL,85160,2026-02-06 14:38:39,LONG,MODERATE,121,59,62,48.760330578512395,51.2396694214876,3587939.55833,3651652.3504600003,49.5599697266593,50.44003027334071,0.025,count,84.2715
SOL,85281,2026-02-06 15:42:05,LONG,MODERATE,132,64,68,48.484848484848484,51.515151515151516,3482453.33262,3908678.61247,47.11664408769522,52.883355912304786,0.03,count,84.3295
SOL,85403,2026-02-06 16:45:00,SHORT,MODERATE,125,63,62,50.4,49.6,3422125.44967,3969048.0203,46.30016415625934,53.69983584374065,0.008,count,86.5975
SOL,85524,2026-02-06 17:48:18,SHORT,MODERATE,129,65,64,50.3875968992248,49.6124031007752,5078436.90677,4151424.51364,55.02181100509319,44.97818899490681,0.008,count,87.3635
SOL,85643,2026-02-06 18:51:46,LONG,MODERATE,126,59,67,46.82539682539682,53.17460317460318,5853294.64628,4177902.95471,58.350905635657355,41.64909436434264,0.063,count,86.2455
SOL,85764,2026-02-06 19:54:39,LONG,MODERATE,130,63,67,48.46153846153846,51.53846153846153,6344199.60586,4221736.42739,60.0438956463053,39.95610435369469,0.031,count,87.1185
SOL,85884,2026-02-06 20:57:24,LONG,MODERATE,125,59,66,47.199999999999996,52.800000000000004,6385436.76881,4241740.33325,60.085916584303746,39.91408341569625,0.056,count,86.8095
SOL,85944,2026-02-06 21:28:47,LONG,MODERATE,125,60,65,48.0,52.0,6600940.785739999,4359956.41284,60.22263201770709,39.7773679822929,0.04,count,87.957
SOL,86065,2026-02-06 22:31:28,LONG,MODERATE,130,64,66,49.23076923076923,50.76923076923077,6838983.42505,4363165.39815,61.050638881767505,38.9493611182325,0.015,count,88.7295
SOL,86186,2026-02-06 23:34:12,LONG,MODERATE,127,61,66,48.031496062992126,51.96850393700787,6012381.8841,5018858.12582,54.50322791176041,45.49677208823958,0.039,count,88.1105
SOL,86304,2026-02-07 00:37:00,LONG,MODERATE,120,53,67,44.166666666666664,55.833333333333336,6064662.95635,4270515.73249,58.6798074705633,41.3201925294367,0.117,count,86.1885
SOL,86428,2026-02-07 01:39:41,LONG,MODERATE,121,56,65,46.28099173553719,53.71900826446281,6093861.80153,4248278.00142,58.92263997235643,41.077360027643586,0.074,count,86.8165
SOL,86551,2026-02-07 02:42:26,LONG,MODERATE,120,55,65,45.83333333333333,54.166666666666664,6098565.34843,4278515.71623,58.76956448956695,41.23043551043304,0.083,count,87.2345
SOL,86671,2026-02-07 03:45:12,LONG,MODERATE,118,54,64,45.76271186440678,54.23728813559322,6216731.72375,4309129.751089999,59.06150046350005,40.93849953649994,0.085,count,88.0915
SOL,86792,2026-02-07 04:47:59,LONG,MODERATE,120,54,66,45.0,55.00000000000001,5934371.91993,4302717.45231,57.96932803988491,42.03067196011509,0.1,count,87.39
SOL,86913,2026-02-07 05:50:41,LONG,MODERATE,119,52,67,43.69747899159664,56.30252100840336,5822759.57987,4818926.18102,54.716514946058915,45.28348505394109,0.126,count,87.942
SOL,87035,2026-02-07 06:53:23,LONG,MODERATE,116,51,65,43.96551724137931,56.03448275862068,5759505.92976,4292286.41107,57.29829799970205,42.701702000297956,0.121,count,87.1205
SOL,87156,2026-02-07 07:56:59,LONG,MODERATE,111,47,64,42.34234234234234,57.65765765765766,5449049.88668,4211290.45243,56.406396621653776,43.59360337834622,0.153,count,85.2615
SOL,87215,2026-02-07 08:28:34,LONG,MODERATE,110,45,65,40.909090909090914,59.09090909090909,5414315.58879,4197896.38945,56.327467611480664,43.67253238851934,0.182,count,85.0785
SOL,87334,2026-02-07 09:31:27,LONG,MODERATE,112,45,67,40.17857142857143,59.82142857142857,5441275.87965,4208769.74436,56.386011959484605,43.61398804051538,0.196,count,85.2705
SOL,87454,2026-02-07 10:34:14,LONG,MODERATE,112,45,67,40.17857142857143,59.82142857142857,5428188.64328,4197894.9710800005,56.39041650523725,43.60958349476275,0.196,count,84.935
SOL,87574,2026-02-07 11:37:07,LONG,MODERATE,117,46,71,39.31623931623932,60.68376068376068,5428806.99197,4257177.26887,56.04806745266379,43.951932547336234,0.214,count,84.7555
SOL,87695,2026-02-07 12:40:00,LONG,MODERATE,113,45,68,39.823008849557525,60.17699115044248,5443558.7821,4344043.12383,55.61687974663047,44.383120253369526,0.204,count,86.1655
SOL,87818,2026-02-07 13:42:51,LONG,MODERATE,111,43,68,38.73873873873874,61.261261261261254,5413053.90682,4369419.14761,55.33420717544113,44.66579282455888,0.225,count,85.7825
SOL,87940,2026-02-07 14:45:41,LONG,MODERATE,114,46,68,40.35087719298245,59.64912280701754,5449510.4476,4399010.23451,55.33328936902295,44.666710630977036,0.193,count,85.9155
SOL,88063,2026-02-07 15:48:38,LONG,MODERATE,114,47,67,41.228070175438596,58.77192982456141,5359901.26253,4486983.32606,54.43245743674851,45.56754256325149,0.175,count,86.276
SOL,88126,2026-02-07 16:20:07,LONG,MODERATE,114,48,66,42.10526315789473,57.89473684210527,5404585.31822,4626804.41682,53.876735536867756,46.123264463132244,0.158,count,86.7665
SOL,88187,2026-02-09 07:42:29,LONG,MODERATE,124,55,69,44.354838709677416,55.64516129032258,5846124.743899999,5885426.76156,49.832494373648245,50.16750562635176,0.113,count,85.5505
SOL,88307,2026-02-09 08:50:37,LONG,MODERATE,125,52,73,41.6,58.4,5386582.485280001,5965767.46825,47.449052463406915,52.550947536593085,0.168,count,84.5265
SOL,88429,2026-02-09 09:56:48,LONG,MODERATE,127,55,72,43.30708661417323,56.69291338582677,5448013.59032,5933558.7577,47.86696797009568,52.13303202990433,0.134,count,84.1855
SOL,88486,2026-02-09 10:30:39,LONG,MODERATE,132,55,77,41.66666666666667,58.333333333333336,5372223.44013,5924162.14491,47.55701192817399,52.442988071826015,0.167,count,83.6865
SOL,88603,2026-02-09 11:36:55,LONG,MODERATE,129,51,78,39.53488372093023,60.46511627906976,5289713.03973,5879745.19843,47.35872525721893,52.64127474278107,0.209,count,83.4025
SOL,88729,2026-02-09 12:45:27,LONG,MODERATE,135,57,78,42.22222222222222,57.77777777777777,5427623.2281599995,6129561.3392,46.96319589365032,53.03680410634969,0.156,count,84.249
SOL,88849,2026-02-09 13:53:37,LONG,MODERATE,134,56,78,41.7910447761194,58.2089552238806,5346557.94907,5814581.8271200005,47.903332959558334,52.09666704044166,0.164,count,83.897
SOL,88907,2026-02-09 14:26:59,LONG,MODERATE,133,54,79,40.6015037593985,59.3984962406015,5388911.3514,5836392.2967,48.0068203082607,51.9931796917393,0.188,count,83.9555
SOL,89032,2026-02-09 15:34:13,LONG,MODERATE,139,64,75,46.043165467625904,53.956834532374096,6045271.34269,5656526.741020001,51.66104644298712,48.338953557012886,0.079,count,84.4905
SOL,89152,2026-02-09 16:40:37,LONG,MODERATE,142,66,76,46.478873239436616,53.52112676056338,6105568.26227,5950422.76276,50.64343735487151,49.35656264512849,0.07,count,85.2565
SOL,89214,2026-02-09 17:13:32,LONG,MODERATE,137,66,71,48.175182481751825,51.82481751824818,6026243.96069,4081877.41201,59.617843301384084,40.382156698615916,0.036,count,85.8005
SOL,89265,2026-02-10 07:44:55,LONG,MODERATE,141,61,80,43.262411347517734,56.73758865248227,6017742.2150799995,4355612.04047,58.011536739530115,41.98846326046988,0.135,count,84.5435
SOL,89392,2026-02-10 08:48:00,LONG,MODERATE,145,64,81,44.13793103448276,55.86206896551724,6076279.32947,4655912.20245,56.617320995416,43.382679004584,0.117,count,84.562
SOL,89509,2026-02-10 09:54:19,LONG,MODERATE,139,60,79,43.16546762589928,56.83453237410072,6049603.502780001,4644800.27928,56.56793614739223,43.43206385260777,0.137,count,84.4715
SOL,89570,2026-02-10 10:29:43,LONG,MODERATE,140,60,80,42.857142857142854,57.14285714285714,6042602.07791,4573809.339,56.91755754948646,43.08244245051354,0.143,count,84.4905
SOL,89695,2026-02-10 11:35:37,LONG,MODERATE,143,62,81,43.35664335664335,56.64335664335665,6096533.605459999,4435198.2095800005,57.88728494542323,42.11271505457676,0.133,count,84.4285
SOL,89818,2026-02-10 12:42:01,LONG,MODERATE,148,63,85,42.567567567567565,57.432432432432435,6116789.800319999,4494120.5632299995,57.64623006647997,42.35376993352002,0.149,count,83.9585
SOL,89954,2026-02-10 13:47:55,LONG,MODERATE,150,71,79,47.333333333333336,52.666666666666664,6590019.36057,4205956.14475,61.04144416891827,38.95855583108173,0.053,count,84.6615
SOL,90072,2026-02-10 14:54:10,LONG,MODERATE,142,62,80,43.66197183098591,56.33802816901409,7090625.98475,3868056.49092,64.703270675944,35.29672932405602,0.127,count,83.6885
SOL,90138,2026-02-10 15:27:12,LONG,MODERATE,143,65,78,45.45454545454545,54.54545454545454,7234983.38394,3844191.61838,65.3025462854859,34.69745371451411,0.091,count,84.367
SOL,90269,2026-02-10 16:35:38,LONG,MODERATE,152,72,80,47.368421052631575,52.63157894736842,7092762.34702,3913936.85196,64.4404123234084,35.55958767659161,0.053,count,84.4675
SOL,90397,2026-02-10 17:42:07,LONG,MODERATE,154,74,80,48.05194805194805,51.94805194805194,7078444.36559,3974223.08879,64.0428601946666,35.95713980533339,0.039,count,85.0205
SOL,90447,2026-02-11 07:30:22,LONG,MODERATE,145,58,87,40.0,60.0,5610491.3244900005,4088587.81636,57.84560825841775,42.15439174158226,0.2,count,80.7215
SOL,90579,2026-02-11 08:38:49,LONG,MODERATE,147,64,83,43.53741496598639,56.4625850340136,5599647.88636,3903959.9466,58.92128531376836,41.078714686231635,0.129,count,80.8675
SOL,90702,2026-02-11 09:45:04,LONG,MODERATE,154,68,86,44.15584415584416,55.84415584415584,6300399.03174,3941075.0326900003,61.518478610634006,38.48152138936599,0.117,count,80.9695
SOL,90826,2026-02-11 10:52:13,LONG,MODERATE,153,67,86,43.790849673202615,56.209150326797385,6353655.096,3935360.23579,61.75182844143592,38.248171558564074,0.124,count,80.4335
SOL,90953,2026-02-11 11:59:16,LONG,MODERATE,149,71,78,47.651006711409394,52.348993288590606,6225966.4529,3897397.43889,61.500964693655135,38.49903530634487,0.047,count,81.2075
SOL,91020,2026-02-11 12:33:21,LONG,MODERATE,159,77,82,48.42767295597484,51.57232704402516,6255517.0003,3899542.40993,61.600003974357065,38.39999602564295,0.031,count,81.2515
SOL,91138,2026-02-11 13:38:31,LONG,MODERATE,155,73,82,47.096774193548384,52.903225806451616,6300740.94811,4177401.64242,60.132231391893086,39.867768608106914,0.058,count,81.448
SOL,91263,2026-02-11 14:43:42,SHORT,MODERATE,147,75,72,51.02040816326531,48.97959183673469,6011806.9725,4072099.7382,59.617836072609556,40.382163927390444,0.02,count,80.9525
SOL,91386,2026-02-11 15:46:59,SHORT,MODERATE,156,83,73,53.205128205128204,46.794871794871796,5670321.55777,3530514.11068,61.62833205698629,38.37166794301371,0.064,count,79.893
SOL,91515,2026-02-11 16:51:17,LONG,MODERATE,156,76,80,48.717948717948715,51.28205128205128,5640974.15853,3489495.40457,61.78186258160815,38.21813741839185,0.026,count,78.8825
SOL,91577,2026-02-11 17:24:21,LONG,MODERATE,153,76,77,49.673202614379086,50.326797385620914,5706278.50481,3505586.3438,61.94487868187769,38.05512131812232,0.007,count,79.4055
SOL,91632,2026-02-12 08:45:37,SHORT,MODERATE,163,87,76,53.37423312883436,46.62576687116564,10795642.74502,4108213.49054,72.43523135483575,27.56476864516425,0.067,count,80.5365
SOL,91758,2026-02-12 09:48:53,SHORT,MODERATE,163,90,73,55.21472392638037,44.785276073619634,10169842.758270001,4074692.13559,71.3946986268652,28.605301373134793,0.104,count,81.4995
SOL,91883,2026-02-12 10:52:14,SHORT,MODERATE,169,92,77,54.437869822485204,45.562130177514796,10143529.35267,4180732.35353,70.81362768092653,29.186372319073485,0.089,count,81.9065
SOL,92007,2026-02-12 11:57:33,SHORT,MODERATE,178,99,79,55.61797752808989,44.38202247191011,10246731.55669,4019331.36756,71.82592430089603,28.174075699103966,0.112,count,81.7965
SOL,92075,2026-02-12 12:32:09,SHORT,MODERATE,174,94,80,54.02298850574713,45.97701149425287,10115482.79529,4042044.56939,71.44950198384194,28.550498016158077,0.08,count,81.4005
SOL,92204,2026-02-12 13:40:22,SHORT,MODERATE,175,94,81,53.714285714285715,46.285714285714285,10482987.37137,4110599.11309,71.8328382302241,28.167161769775902,0.074,count,81.5265
SOL,92340,2026-02-12 14:49:32,SHORT,MODERATE,182,96,86,52.74725274725275,47.25274725274725,10744756.44129,4204360.03481,71.87552828602448,28.12447171397553,0.055,count,81.2895
SOL,92462,2026-02-12 15:58:09,SHORT,MODERATE,177,93,84,52.54237288135594,47.45762711864407,10618545.74989,4290525.07789,71.22204913068435,28.77795086931565,0.051,count,80.1675
SOL,92534,2026-02-12 16:29:50,SHORT,MODERATE,169,87,82,51.4792899408284,48.5207100591716,9986671.03578,4495212.62553,68.95975184816965,31.04024815183036,0.03,count,78.279
SOL,92655,2026-02-12 17:37:05,SHORT,MODERATE,170,90,80,52.94117647058824,47.05882352941176,5193323.44535,5188715.98566,50.02218956940309,49.97781043059691,0.059,count,78.0005
SOL,92714,2026-02-13 08:56:22,SHORT,MODERATE,160,83,77,51.87500000000001,48.125,5022055.610739999,4475911.87291,52.87505584100042,47.12494415899959,0.038,count,79.5765
SOL,92837,2026-02-13 09:59:45,SHORT,MODERATE,163,85,78,52.14723926380368,47.85276073619632,5276912.10418,4489729.8222,54.02995363152301,45.970046368476986,0.043,count,79.8535
SOL,92897,2026-02-13 10:34:50,SHORT,MODERATE,164,88,76,53.65853658536586,46.34146341463415,5295911.17834,4462923.79175,54.267862860387716,45.73213713961228,0.073,count,80.3045
SOL,93026,2026-02-13 11:39:48,SHORT,MODERATE,162,82,80,50.617283950617285,49.382716049382715,5250264.64658,4533277.03481,53.66425388228188,46.33574611771811,0.012,count,79.9225
SOL,93147,2026-02-13 12:43:41,SHORT,MODERATE,163,83,80,50.920245398773,49.079754601226995,5251473.02645,4602422.64342,53.29336946916631,46.70663053083368,0.018,count,79.9105
SOL,93271,2026-02-13 13:49:59,SHORT,MODERATE,167,84,83,50.29940119760479,49.700598802395206,5460565.66788,4977240.14648,52.315264002780424,47.68473599721956,0.006,count,80.2245
SOL,93392,2026-02-13 14:58:16,LONG,MODERATE,171,85,86,49.707602339181285,50.29239766081871,5588530.66318,5266863.75855,51.48159934191842,48.51840065808158,0.006,count,81.1605
SOL,93452,2026-02-13 15:30:02,SHORT,MODERATE,166,84,82,50.602409638554214,49.39759036144578,5614370.16669,5196709.68037,51.93163167892789,48.06836832107211,0.012,count,83.6075
SOL,93572,2026-02-13 16:37:24,SHORT,MODERATE,168,89,79,52.976190476190474,47.023809523809526,5462346.298959999,5693050.8988499995,48.965950759981496,51.03404924001851,0.06,count,84.4905
SOL,93695,2026-02-13 17:42:17,SHORT,MODERATE,175,91,84,52.0,48.0,4741837.79256,5629275.63595,45.721588383410946,54.27841161658906,0.04,count,84.479
SOL,93753,2026-02-13 18:14:00,SHORT,MODERATE,171,90,81,52.63157894736842,47.368421052631575,4993697.44345,5727578.2777,46.57745564363081,53.42254435636921,0.053,count,84.5975
SOL,93818,2026-02-14 07:46:29,SHORT,MODERATE,176,91,85,51.70454545454546,48.29545454545455,4483367.66626,5464741.76587,45.06753465919665,54.932465340803326,0.034,count,84.9585
SOL,93940,2026-02-14 08:51:31,SHORT,MODERATE,167,90,77,53.89221556886228,46.10778443113773,4405434.7226100005,5782305.73931,43.242510339527676,56.757489660472324,0.078,count,85.856
SOL,94063,2026-02-14 09:55:21,SHORT,MODERATE,173,96,77,55.49132947976878,44.50867052023121,4908822.4618999995,5698781.47202,46.276449351611134,53.723550648388866,0.11,count,86.0035
SOL,94131,2026-02-14 10:28:03,SHORT,MODERATE,174,94,80,54.02298850574713,45.97701149425287,4877424.09697,5715517.67436,46.04409428711146,53.955905712888544,0.08,count,85.7495
SOL,94250,2026-02-14 11:32:55,SHORT,MODERATE,171,98,73,57.30994152046783,42.69005847953216,4078270.72718,5653836.74241,41.905319479089265,58.094680520910735,0.146,count,86.7035
SOL,94385,2026-02-16 08:35:13,SHORT,MODERATE,184,96,88,52.17391304347826,47.82608695652174,6718956.87667,5670341.6418,54.231939497247254,45.76806050275275,0.043,count,85.28
SOL,94504,2026-02-16 09:38:52,SHORT,MODERATE,189,101,88,53.43915343915344,46.56084656084656,6736464.76153,5715083.14898,54.10142425620785,45.898575743792144,0.069,count,86.0225
SOL,94632,2026-02-16 10:42:21,SHORT,MODERATE,190,100,90,52.63157894736842,47.368421052631575,6755627.03708,5585827.06196,54.739311776928275,45.260688223071725,0.053,count,85.7225
SOL,94752,2026-02-16 11:45:50,SHORT,MODERATE,192,104,88,54.166666666666664,45.83333333333333,6720806.18786,5091391.71349,56.897168875674595,43.102831124325405,0.083,count,85.2095
SOL,94875,2026-02-16 12:50:57,SHORT,MODERATE,191,106,85,55.497382198952884,44.50261780104712,7075181.63114,5090942.59505,58.15477057113444,41.84522942886556,0.11,count,86.0575
SOL,94999,2026-02-16 13:54:26,SHORT,MODERATE,186,103,83,55.376344086021504,44.623655913978496,6214069.4599399995,4930786.68362,55.757287307210056,44.24271269278995,0.108,count,84.0885
SOL,95125,2026-02-16 14:59:25,SHORT,MODERATE,188,107,81,56.91489361702128,43.08510638297872,6672459.80768,4833655.05335,57.99055448576234,42.00944551423766,0.138,count,84.057
SOL,95191,2026-02-16 15:31:12,SHORT,MODERATE,186,102,84,54.83870967741935,45.16129032258064,6727627.01561,4822578.50204,58.24681652053235,41.75318347946764,0.097,count,83.3365
SOL,95317,2026-02-16 16:34:47,SHORT,MODERATE,178,96,82,53.93258426966292,46.06741573033708,6546596.72903,4689270.39597,58.265166864279735,41.734833135720265,0.079,count,83.3705
SOL,95442,2026-02-16 17:40:53,SHORT,MODERATE,179,98,81,54.7486033519553,45.2513966480447,6726768.48137,4758166.54534,58.5703660118743,41.4296339881257,0.095,count,84.5245
SOL,95502,2026-02-17 07:27:27,SHORT,MODERATE,173,97,76,56.06936416184971,43.93063583815029,4401867.48448,3842344.8577,53.39342682815983,46.60657317184017,0.121,count,85.9925
SOL,95628,2026-02-17 08:36:00,SHORT,MODERATE,178,99,79,55.61797752808989,44.38202247191011,4631836.71482,5145895.13927,47.37127980128146,52.628720198718526,0.112,count,86.3125
SOL,95751,2026-02-17 09:40:34,SHORT,MODERATE,183,101,82,55.19125683060109,44.80874316939891,4671863.01267,5114432.74391,47.73882916351456,52.26117083648545,0.104,count,85.7055
SOL,95874,2026-02-17 10:44:45,SHORT,MODERATE,184,99,85,53.80434782608695,46.19565217391305,4669382.73318,5073925.43181,47.92399721029241,52.07600278970759,0.076,count,85.0235
SOL,95998,2026-02-17 11:49:21,SHORT,MODERATE,191,105,86,54.973821989528794,45.0261780104712,5007779.01891,5242244.92363,48.85626655101306,51.143733448986936,0.099,count,84.8935
SOL,96118,2026-02-17 12:53:28,SHORT,MODERATE,187,106,81,56.68449197860963,43.31550802139038,5108701.09003,5310783.09599,49.03026866612487,50.96973133387513,0.134,count,84.8205
SOL,96245,2026-02-17 13:57:08,SHORT,MODERATE,186,106,80,56.98924731182796,43.01075268817204,5467289.15974,5374075.27347,50.42989923844116,49.57010076155885,0.14,count,85.2405
SOL,96305,2026-02-17 14:28:59,SHORT,MODERATE,189,109,80,57.67195767195767,42.32804232804233,5622638.24394,5315831.64754,51.402420079973766,48.597579920026234,0.153,count,85.0145
SOL,96432,2026-02-17 15:43:29,SHORT,MODERATE,191,109,82,57.06806282722513,42.93193717277487,5637220.02583,5526548.24278,50.4956739533961,49.504326046603886,0.141,count,83.3035
SOL,96556,2026-02-17 16:48:19,SHORT,MODERATE,184,108,76,58.69565217391305,41.30434782608695,6427894.91923,4782135.0176,57.34056871794311,42.6594312820569,0.174,count,84.6225
SOL,96618,2026-02-17 17:20:48,SHORT,MODERATE,184,107,77,58.152173913043484,41.84782608695652,6275489.78966,4781336.44825,56.756700834671115,43.243299165328885,0.163,count,83.7195
SOL,96693,2026-02-18 07:28:23,SHORT,MODERATE,181,99,82,54.69613259668509,45.30386740331492,4846291.87467,5352380.04863,47.518852563519644,52.481147436480356,0.094,count,84.7615
SOL,96820,2026-02-18 08:32:16,SHORT,MODERATE,181,99,82,54.69613259668509,45.30386740331492,4357194.54359,5417241.88087,44.5774503447212,55.422549655278786,0.094,count,85.6655
SOL,96951,2026-02-18 09:36:06,SHORT,MODERATE,181,97,84,53.591160220994475,46.408839779005525,4257036.90337,5418449.54286,43.998169260303506,56.00183073969649,0.072,count,85.626
SOL,97079,2026-02-18 10:40:26,SHORT,MODERATE,184,102,82,55.434782608695656,44.565217391304344,4191909.3028399996,5370481.66565,43.837459863889514,56.162540136110486,0.109,count,84.8215
SOL,97204,2026-02-18 11:47:06,SHORT,MODERATE,181,104,77,57.4585635359116,42.5414364640884,4100415.34749,4665108.07262,46.778898999719324,53.22110100028067,0.149,count,83.1915
SOL,97338,2026-02-18 12:51:49,SHORT,MODERATE,190,107,83,56.315789473684205,43.684210526315795,4374228.16271,4607630.88594,48.70069925409773,51.29930074590228,0.126,count,83.0205
SOL,97467,2026-02-18 13:58:58,SHORT,MODERATE,189,107,82,56.613756613756614,43.386243386243386,4879816.67188,4590571.38939,51.527103644637826,48.472896355362174,0.132,count,82.5565
SOL,97533,2026-02-18 14:30:51,SHORT,MODERATE,189,106,83,56.08465608465608,43.91534391534391,4967877.2515899995,4614512.55743,51.84382341567536,48.15617658432465,0.122,count,82.2125
SOL,97662,2026-02-18 15:36:03,SHORT,MODERATE,196,113,83,57.6530612244898,42.3469387755102,4986868.6896,4922393.78927,50.32532643305938,49.674673566940605,0.153,count,82.9585
SOL,97797,2026-02-18 16:41:52,SHORT,MODERATE,202,116,86,57.42574257425742,42.57425742574257,5026792.853300001,4854697.1069,50.87079856931068,49.12920143068932,0.149,count,82.2275
SOL,97865,2026-02-18 17:15:16,SHORT,MODERATE,206,118,88,57.28155339805825,42.71844660194174,4996372.10388,4868660.65924,50.647293565599924,49.352706434400076,0.146,count,82.4195
SOL,97934,2026-02-19 07:28:31,SHORT,MODERATE,206,120,86,58.252427184466015,41.74757281553398,4593064.49966,3999398.91205,53.45457151904156,46.54542848095844,0.165,count,82.4145
SOL,98074,2026-02-19 08:34:37,SHORT,MODERATE,209,121,88,57.89473684210527,42.10526315789473,4358195.68116,4094046.0806899997,51.56260083367626,48.43739916632375,0.158,count,81.6215
SOL,98221,2026-02-19 09:40:09,SHORT,MODERATE,206,117,89,56.79611650485437,43.203883495145625,4440173.527679999,4069742.3614600003,52.17646784671943,47.82353215328058,0.136,count,81.6825
SOL,98364,2026-02-19 10:45:04,SHORT,MODERATE,208,119,89,57.21153846153846,42.78846153846153,4542020.59686,4193265.67506,51.99624208608418,48.00375791391583,0.144,count,81.6575
SOL,98504,2026-02-19 11:49:01,SHORT,MODERATE,210,121,89,57.61904761904761,42.38095238095238,4562964.08543,4208042.36147,52.023266805860366,47.97673319413964,0.152,count,81.2935
SOL,98648,2026-02-19 12:39:20,SHORT,MODERATE,212,121,91,57.07547169811321,42.924528301886795,4614380.9324,4250461.76657,52.05259798841261,47.947402011587386,0.142,count,80.9015
SOL,98805,2026-02-19 13:44:46,SHORT,MODERATE,196,104,92,53.06122448979592,46.93877551020408,4567613.57725,4373411.54856,51.086016569450166,48.91398343054982,0.061,count,79.8955
SOL,98943,2026-02-19 14:50:14,SHORT,MODERATE,205,111,94,54.146341463414636,45.85365853658537,5403142.55232,3887400.23806,58.15744757039112,41.84255242960889,0.083,count,80.7555
SOL,99085,2026-02-19 15:54:44,SHORT,MODERATE,200,108,92,54.0,46.0,5304226.540159999,4486727.8416,54.174765128530034,45.825234871469966,0.08,count,80.4555
SOL,99160,2026-02-19 16:27:13,SHORT,MODERATE,203,108,95,53.20197044334976,46.79802955665024,5333228.08113,4390176.24892,54.84939122245239,45.15060877754762,0.064,count,80.218
SOL,99229,2026-02-19 17:00:42,SHORT,MODERATE,205,110,95,53.65853658536586,46.34146341463415,5432874.575379999,4442829.08348,55.01253139067098,44.98746860932902,0.073,count,80.7905
SOL,99302,2026-02-20 07:43:33,SHORT,MODERATE,223,121,102,54.26008968609865,45.73991031390135,4384910.67754,4888443.62416,47.285054952943554,52.714945047056446,0.085,count,83.5935
SOL,99449,2026-02-20 08:52:30,SHORT,MODERATE,225,120,105,53.333333333333336,46.666666666666664,4388889.89376,5679634.51942,43.59019965244173,56.409800347558246,0.067,count,83.5415
SOL,99594,2026-02-20 09:58:25,SHORT,MODERATE,223,122,101,54.7085201793722,45.2914798206278,4106348.5053000003,5515793.78788,42.67603180437797,57.32396819562203,0.094,count,84.1715
SOL,99672,2026-02-20 10:31:51,SHORT,MODERATE,225,122,103,54.22222222222223,45.77777777777778,4136497.6123,5774351.21929,41.737066951473025,58.262933048526975,0.084,count,84.6645
SOL,99833,2026-02-20 11:38:55,SHORT,MODERATE,226,118,108,52.21238938053098,47.78761061946903,3794765.81181,5986063.97537,38.79799459125547,61.20200540874454,0.044,count,83.686
SOL,99989,2026-02-20 12:46:25,SHORT,MODERATE,223,114,109,51.12107623318386,48.87892376681614,3576091.0881499997,6010573.79934,37.3027651442847,62.6972348557153,0.022,count,83.5775
SOL,100135,2026-02-20 13:51:51,SHORT,MODERATE,217,111,106,51.1520737327189,48.8479262672811,3474271.28842,5877110.11713,37.152492639836474,62.84750736016353,0.023,count,81.9625
SOL,100282,2026-02-20 14:56:47,SHORT,MODERATE,219,111,108,50.68493150684932,49.31506849315068,3839332.02814,5937239.18713,39.27074169053622,60.72925830946377,0.014,count,82.9765
SOL,100352,2026-02-20 15:29:45,SHORT,MODERATE,212,110,102,51.886792452830186,48.113207547169814,4116667.6206900002,6225579.40337,39.804383042805554,60.19561695719445,0.038,count,83.9035
SOL,100500,2026-02-20 16:38:08,SHORT,MODERATE,220,117,103,53.18181818181819,46.81818181818182,4562473.78059,5955316.33779,43.37863495314483,56.621365046855175,0.064,count,83.911
SOL,100571,2026-02-20 17:12:32,SHORT,MODERATE,221,116,105,52.488687782805435,47.511312217194565,4876503.22305,6045713.54691,44.64755942641723,55.35244057358276,0.05,count,83.6605
SOL,100642,2026-03-02 08:31:58,SHORT,MODERATE,193,99,94,51.29533678756477,48.704663212435236,4354777.06602,4365788.0139,49.93686792209513,50.06313207790487,0.026,count,82.5425
SOL,100769,2026-03-02 09:36:11,SHORT,MODERATE,194,102,92,52.57731958762887,47.42268041237113,5310638.20495,4538624.42557,53.91914505857399,46.080854941426,0.052,count,83.7805
SOL,100899,2026-03-02 10:42:11,SHORT,MODERATE,194,100,94,51.546391752577314,48.45360824742268,5115441.40707,4547960.41302,52.93623821411534,47.06376178588466,0.031,count,83.9055
SOL,101028,2026-03-02 11:47:11,SHORT,MODERATE,199,102,97,51.256281407035175,48.743718592964825,5154133.66744,4552262.09803,53.10038650778658,46.89961349221342,0.025,count,84.1425
SOL,101157,2026-03-02 12:51:19,SHORT,MODERATE,200,102,98,51.0,49.0,5187584.05086,4556796.17165,53.23667521589957,46.76332478410044,0.02,count,83.7405
SOL,101289,2026-03-02 13:55:24,SHORT,MODERATE,195,98,97,50.256410256410255,49.743589743589745,5661797.49505,4233519.87714,57.21693688129731,42.78306311870269,0.005,count,82.9245
SOL,101419,2026-03-02 14:59:33,SHORT,MODERATE,186,102,84,54.83870967741935,45.16129032258064,6268506.47061,4637697.77116,57.476518242727,42.523481757273004,0.097,count,85.4375
SOL,101487,2026-03-02 15:31:35,SHORT,MODERATE,186,105,81,56.451612903225815,43.54838709677419,6459357.4431,4447099.73864,59.22507497590049,40.774925024099495,0.129,count,87.6115
SOL,101619,2026-03-02 16:37:04,SHORT,MODERATE,197,105,92,53.299492385786806,46.7005076142132,4705118.34329,4675349.06063,50.158676968738035,49.841323031261965,0.066,count,88.7565
SOL,101686,2026-03-02 17:09:39,SHORT,MODERATE,207,110,97,53.14009661835749,46.85990338164252,4799366.40073,4717877.22066,50.428113345164626,49.571886654835374,0.063,count,88.5365
SOL,101808,2026-03-04 08:51:29,SHORT,MODERATE,197,115,82,58.37563451776649,41.62436548223351,5641554.69921,5256266.14264,51.76773210975541,48.232267890244586,0.168,count,88.9245
SOL,101948,2026-03-04 09:58:37,SHORT,MODERATE,208,122,86,58.65384615384615,41.34615384615385,5017328.9855,4799188.68667,51.11108799533073,48.88891200466927,0.173,count,90.4405
SOL,102015,2026-03-04 10:30:48,SHORT,MODERATE,214,130,84,60.747663551401864,39.25233644859813,5300404.55184,4785973.46227,52.55012794905344,47.44987205094657,0.215,count,90.253
SOL,102161,2026-03-04 11:36:26,SHORT,MODERATE,214,126,88,58.87850467289719,41.1214953271028,4914496.75704,4813949.44912,50.51676961453687,49.48323038546313,0.178,count,89.5605
SOL,102308,2026-03-04 12:43:31,SHORT,MODERATE,218,126,92,57.798165137614674,42.201834862385326,4828922.21982,4944085.40747,49.41080989577652,50.589190104223505,0.156,count,89.2595
SOL,102446,2026-03-04 13:51:08,SHORT,MODERATE,221,133,88,60.18099547511312,39.81900452488688,4893112.17328,4991002.12979,49.504811693246026,50.49518830675398,0.204,count,89.7785
SOL,102592,2026-03-04 14:57:21,SHORT,MODERATE,224,132,92,58.92857142857143,41.07142857142857,4887351.251689999,4171192.81503,53.95294448746504,46.04705551253496,0.179,count,90.2755
SOL,102666,2026-03-04 15:30:28,SHORT,MODERATE,219,127,92,57.99086757990868,42.00913242009132,4030634.21228,4182253.93153,49.07694031262148,50.92305968737851,0.16,count,92.2815
SOL,102808,2026-03-04 16:38:39,SHORT,MODERATE,225,126,99,56.00000000000001,44.0,4668576.84826,4576313.83107,50.49899463601167,49.50100536398833,0.12,count,91.5305
SOL,102874,2026-03-04 17:12:16,SHORT,MODERATE,232,133,99,57.327586206896555,42.672413793103445,4377351.60609,4490413.95903,49.362509348551605,50.63749065144839,0.147,count,91.8645
SOL,103019,2026-03-05 08:39:57,SHORT,MODERATE,221,127,94,57.466063348416284,42.53393665158371,3327669.31306,4422169.89171,42.93855943503744,57.06144056496255,0.149,count,90.0955
SOL,103147,2026-03-05 09:49:32,SHORT,MODERATE,224,136,88,60.71428571428571,39.285714285714285,3354398.17794,4611536.31757,42.109286485229156,57.890713514770844,0.214,count,91.1035
SOL,103288,2026-03-05 10:55:19,SHORT,MODERATE,227,138,89,60.792951541850215,39.20704845814978,3343834.50951,4722315.06458,41.45515129363618,58.544848706363815,0.216,count,92.7245
SOL,103430,2026-03-05 11:59:34,SHORT,MODERATE,227,136,91,59.91189427312775,40.08810572687225,3565658.87543,4890200.33258,42.16790733758139,57.832092662418624,0.198,count,91.7845
SOL,103498,2026-03-05 12:31:46,SHORT,MODERATE,228,135,93,59.210526315789465,40.78947368421053,3504810.88962,4908955.09634,41.65567351728651,58.34432648271349,0.184,count,91.4135
SOL,103632,2026-03-05 13:40:00,SHORT,MODERATE,233,136,97,58.36909871244635,41.63090128755365,3462548.4595,5085722.7708,40.50583288965765,59.49416711034235,0.167,count,90.7165
SOL,103769,2026-03-05 14:46:41,SHORT,MODERATE,229,135,94,58.951965065502186,41.04803493449782,3940090.51298,4743912.71883,45.37182227831541,54.62817772168459,0.179,count,90.1375
SOL,103905,2026-03-05 15:52:02,SHORT,MODERATE,230,139,91,60.43478260869565,39.565217391304344,3639812.32695,5096174.33634,41.66458200131038,58.33541799868963,0.209,count,89.691
SOL,104049,2026-03-06 10:40:35,SHORT,MODERATE,233,133,100,57.08154506437768,42.91845493562232,4645029.01771,3868588.27366,54.55999322894779,45.44000677105221,0.142,count,87.6475
SOL,104191,2026-03-06 11:45:00,SHORT,MODERATE,232,131,101,56.46551724137932,43.53448275862069,4665611.04582,3818435.3767500003,54.99275715191909,45.00724284808091,0.129,count,87.4635
SOL,104332,2026-03-06 12:49:30,SHORT,MODERATE,227,128,99,56.38766519823789,43.61233480176212,4845992.04832,3717792.4879900003,56.587038449802726,43.412961550197274,0.128,count,86.1055
SOL,104473,2026-03-06 13:53:54,SHORT,MODERATE,235,136,99,57.87234042553191,42.12765957446808,5542810.87385,4645322.12971,54.40457905205201,45.59542094794801,0.157,count,86.4935
SOL,104553,2026-03-06 14:28:32,SHORT,MODERATE,232,130,102,56.03448275862068,43.96551724137931,6226946.12208,3864421.97191,61.70566829078914,38.29433170921085,0.121,count,85.1335
SOL,104696,2026-03-06 15:35:55,SHORT,MODERATE,230,133,97,57.826086956521735,42.173913043478265,6526202.4100399995,3764682.59894,63.41730963221459,36.58269036778542,0.157,count,84.9965
SOL,104839,2026-03-06 16:41:21,SHORT,MODERATE,237,137,100,57.80590717299579,42.19409282700422,6646907.82075,3713041.50969,64.15965569657567,35.84034430342434,0.156,count,84.766
SOL,104915,2026-03-06 17:13:34,SHORT,MODERATE,234,133,101,56.837606837606835,43.162393162393165,6631035.9224499995,3685646.96841,64.27488362877494,35.725116371225056,0.137,count,84.4625
SOL,104986,2026-03-07 07:35:04,SHORT,MODERATE,234,134,100,57.26495726495726,42.73504273504273,7058230.94765,3892394.66016,64.45504759669677,35.544952403303235,0.145,count,84.1395
SOL,105129,2026-03-07 08:41:14,SHORT,MODERATE,238,137,101,57.56302521008403,42.436974789915965,7265007.2213200005,4577840.74916,61.34510245701941,38.654897542980585,0.151,count,84.4125
SOL,105272,2026-03-07 09:45:51,SHORT,MODERATE,241,139,102,57.676348547717836,42.32365145228216,7288003.89444,3880664.15814,65.25401113301463,34.745988866985385,0.154,count,84.4295
SOL,105412,2026-03-07 10:50:24,SHORT,MODERATE,242,140,102,57.85123966942148,42.14876033057851,7281444.07289,3881991.36759,65.22583582547162,34.77416417452837,0.157,count,84.6005
SOL,105556,2026-03-07 11:54:54,SHORT,MODERATE,241,142,99,58.921161825726145,41.078838174273855,7161087.72337,3923734.7903500004,64.60263765618726,35.397362343812745,0.178,count,84.714
SOL,105700,2026-03-07 12:59:26,SHORT,MODERATE,240,142,98,59.166666666666664,40.833333333333336,7164407.4837,3894165.9399699997,64.7860009534788,35.213999046521195,0.183,count,84.2225
SOL,105771,2026-03-07 13:31:43,SHORT,MODERATE,243,144,99,59.25925925925925,40.74074074074074,7254093.4248,3918774.62493,64.92597417701805,35.07402582298195,0.185,count,84.4585
SOL,105929,2026-03-07 14:36:19,SHORT,MODERATE,241,138,103,57.26141078838174,42.738589211618255,8688108.65505,3920412.5602300004,68.90664263245293,31.093357367547082,0.145,count,83.9055
SOL,106088,2026-03-07 15:43:19,SHORT,MODERATE,239,133,106,55.64853556485355,44.35146443514644,8488330.95771,3945301.88563,68.26911381943148,31.73088618056851,0.113,count,83.4975
SOL,106238,2026-03-07 16:48:20,SHORT,MODERATE,244,135,109,55.32786885245902,44.67213114754098,8530836.4048,4063223.08797,67.73698670946715,32.26301329053286,0.107,count,83.4945
SOL,106386,2026-03-07 17:54:22,SHORT,MODERATE,245,136,109,55.51020408163265,44.48979591836735,8615339.02768,4077773.24607,67.87412607621032,32.12587392378969,0.11,count,83.853
SOL,106458,2026-03-09 08:39:37,SHORT,MODERATE,215,117,98,54.418604651162795,45.58139534883721,6797711.73455,3806894.28227,64.10150196780651,35.89849803219349,0.088,count,83.3385
SOL,106599,2026-03-09 09:48:52,SHORT,MODERATE,209,114,95,54.54545454545454,45.45454545454545,6659577.76463,3809605.9651200003,63.61124168358662,36.38875831641339,0.091,count,84.2475
SOL,106741,2026-03-09 10:57:24,SHORT,MODERATE,215,119,96,55.348837209302324,44.651162790697676,6515690.38192,3810263.63322,63.10012975427394,36.899870245726056,0.107,count,83.6575
SOL,106811,2026-03-09 11:30:42,SHORT,MODERATE,218,122,96,55.96330275229357,44.03669724770643,6504145.54251,3809637.45522,63.06265648541881,36.937343514581194,0.119,count,83.1595
SOL,106949,2026-03-09 12:35:48,SHORT,MODERATE,221,124,97,56.10859728506787,43.89140271493213,6562224.62675,3842067.28497,63.072284807368085,36.927715192631915,0.122,count,83.7795
SOL,107086,2026-03-09 13:40:30,SHORT,MODERATE,219,126,93,57.534246575342465,42.465753424657535,5788013.41953,3819596.95657,60.24404813426164,39.75595186573836,0.151,count,84.8555
SOL,107230,2026-03-09 14:47:36,SHORT,MODERATE,219,124,95,56.62100456621004,43.37899543378995,5916383.57239,4375754.38864,57.48449539630841,42.515504603691596,0.132,count,85.466
SOL,107374,2026-03-09 15:56:07,SHORT,MODERATE,222,125,97,56.30630630630631,43.69369369369369,5846766.9486,4288936.10843,57.68486819022144,42.31513180977856,0.126,count,85.0155
SOL,107451,2026-03-09 16:30:25,SHORT,MODERATE,223,124,99,55.60538116591929,44.39461883408072,5969064.47391,4820402.03607,55.32307337335685,44.67692662664315,0.112,count,85.0065
SOL,107601,2026-03-09 17:36:28,SHORT,MODERATE,224,122,102,54.46428571428571,45.535714285714285,5955600.80092,4402666.14447,57.49611235468854,42.503887645311444,0.089,count,84.8505
SOL,107681,2026-03-10 07:45:32,SHORT,MODERATE,229,117,112,51.09170305676856,48.90829694323144,4715086.19908,5026268.89529,48.40277511087832,51.597224889121684,0.022,count,86.5705
SOL,107816,2026-03-10 08:55:33,SHORT,MODERATE,227,122,105,53.74449339207048,46.25550660792951,6840873.64749,4457478.68803,60.54753334239291,39.4524666576071,0.075,count,86.7255
SOL,107886,2026-03-10 09:27:53,SHORT,MODERATE,226,121,105,53.53982300884957,46.46017699115044,6857623.50607,4777013.19255,58.94144942990264,41.058550570097374,0.071,count,87.3275
SOL,108027,2026-03-10 10:34:31,SHORT,MODERATE,230,126,104,54.78260869565217,45.21739130434783,6845753.39342,4798753.49209,58.78955168070368,41.21044831929632,0.096,count,87.1305
SOL,108173,2026-03-10 11:40:08,SHORT,MODERATE,223,122,101,54.7085201793722,45.2914798206278,7208722.260480001,4796490.71599,60.046600377760605,39.953399622239395,0.094,count,86.7285
SOL,108320,2026-03-10 12:47:44,SHORT,MODERATE,226,121,105,53.53982300884957,46.46017699115044,5879264.92088,4785385.01529,55.128531701167326,44.87146829883266,0.071,count,86.5725
SOL,108473,2026-03-10 13:56:48,SHORT,MODERATE,225,116,109,51.55555555555556,48.44444444444444,5895238.88155,5088869.02312,53.67062061584066,46.329379384159346,0.031,count,86.2165
SOL,108546,2026-03-10 14:30:37,SHORT,MODERATE,222,113,109,50.9009009009009,49.0990990990991,6249015.86679,5012556.1635300005,55.48972958629146,44.510270413708554,0.018,count,85.8605
SOL,108693,2026-03-10 15:36:20,SHORT,MODERATE,229,120,109,52.40174672489083,47.59825327510917,3416338.39915,6339713.18643,35.01763361111726,64.98236638888275,0.048,count,87.9065
SOL,108846,2026-03-10 16:45:05,SHORT,MODERATE,224,117,107,52.23214285714286,47.767857142857146,3387770.87332,7065526.16691,32.408634905159644,67.59136509484036,0.045,count,88.5805
SOL,108996,2026-03-10 17:51:54,SHORT,MODERATE,231,119,112,51.515151515151516,48.484848484848484,3368457.38604,7395413.24424,31.294108799153943,68.70589120084607,0.03,count,88.0155
SOL,109069,2026-03-10 18:24:21,SHORT,MODERATE,229,119,110,51.96506550218341,48.03493449781659,3305232.1307,5883280.09227,35.97135260306212,64.02864739693788,0.039,count,86.6655
SOL,109134,2026-03-12 10:45:12,SHORT,MODERATE,224,124,100,55.35714285714286,44.642857142857146,4772915.15442,5547181.42686,46.24874502703554,53.751254972964446,0.107,count,86.8535
SOL,109296,2026-03-12 11:52:58,SHORT,MODERATE,230,126,104,54.78260869565217,45.21739130434783,4584950.21463,5584760.32459,45.084372824063266,54.91562717593672,0.096,count,86.8705
SOL,109462,2026-03-12 12:58:09,SHORT,MODERATE,231,122,109,52.81385281385281,47.18614718614719,4390756.11266,5596288.32844,43.964519618943335,56.03548038105666,0.056,count,87.1635
SOL,109541,2026-03-12 13:30:29,SHORT,MODERATE,230,120,110,52.17391304347826,47.82608695652174,4252126.62617,5597926.79168,43.1685641264078,56.831435873592206,0.043,count,86.8735
SOL,109696,2026-03-12 14:35:11,SHORT,MODERATE,232,121,111,52.1551724137931,47.8448275862069,3795856.82245,5497483.10987,40.84491528442776,59.15508471557225,0.043,count,85.9045
SOL,109841,2026-03-12 15:39:53,SHORT,MODERATE,216,121,95,56.018518518518526,43.98148148148148,4080391.43761,5103457.01388,44.430082433993036,55.569917566006964,0.12,count,86.841
SOL,110004,2026-03-12 16:44:36,SHORT,MODERATE,214,115,99,53.73831775700935,46.26168224299065,3937003.03951,5177695.11993,43.194003472649136,56.80599652735088,0.075,count,86.7975
SOL,110156,2026-03-13 08:41:29,SHORT,MODERATE,227,128,99,56.38766519823789,43.61233480176212,4223247.45704,5810715.74449,42.08952506818074,57.910474931819266,0.128,count,89.2375
SOL,110306,2026-03-13 09:46:47,SHORT,MODERATE,229,130,99,56.76855895196506,43.23144104803494,4178891.89008,5973666.79362,41.16097252202284,58.83902747797717,0.135,count,89.2705
SOL,110455,2026-03-13 10:51:41,SHORT,MODERATE,230,137,93,59.56521739130435,40.43478260869565,4254608.46872,5765652.54607,42.46005630432339,57.53994369567661,0.191,count,90.1755
SOL,110611,2026-03-13 11:59:29,SHORT,MODERATE,232,139,93,59.91379310344828,40.08620689655172,4341573.49574,6276816.09445,40.887306487144194,59.1126935128558,0.198,count,90.3025
SOL,110688,2026-03-13 12:32:52,SHORT,MODERATE,236,141,95,59.7457627118644,40.25423728813559,4346772.31204,6219689.58477,41.13744368256592,58.86255631743409,0.195,count,90.4765
SOL,110840,2026-03-13 13:37:49,SHORT,MODERATE,241,141,100,58.50622406639005,41.49377593360996,4302061.07619,6803529.69725,38.73779579992052,61.262204200079495,0.17,count,91.2625
SOL,111001,2026-03-13 14:42:45,SHORT,MODERATE,241,139,102,57.676348547717836,42.32365145228216,4434945.41896,6905210.05139,39.10832995681249,60.891670043187496,0.154,count,92.1995
SOL,111165,2026-03-13 15:47:41,SHORT,MODERATE,238,130,108,54.621848739495796,45.378151260504204,3892269.63195,6561982.31379,37.23145043903461,62.76854956096539,0.092,count,90.0645
SOL,111319,2026-03-13 16:53:08,SHORT,MODERATE,237,128,109,54.008438818565395,45.9915611814346,4071422.71656,6371639.24905,38.986867357175356,61.01313264282465,0.08,count,89.7665
SOL,111396,2026-03-13 17:26:35,SHORT,MODERATE,237,130,107,54.85232067510548,45.14767932489451,4089048.71796,6281848.59723,39.42810919524649,60.571890804753515,0.097,count,89.4925
SOL,111473,2026-03-13 18:01:25,SHORT,MODERATE,240,129,111,53.75,46.25,4055224.33127,6335234.19847,39.02834816830239,60.97165183169761,0.075,count,89.4925
SOL,111539,2026-03-14 07:53:00,SHORT,MODERATE,237,135,102,56.9620253164557,43.037974683544306,4885834.7544,5374343.93322,47.61939244094531,52.380607559054695,0.139,count,87.2105
SOL,111697,2026-03-14 08:58:44,SHORT,MODERATE,242,135,107,55.78512396694215,44.214876033057855,5165451.52478,5394566.25346,48.915178300399674,51.08482169960033,0.116,count,87.0455
SOL,111778,2026-03-14 09:31:14,SHORT,MODERATE,243,135,108,55.55555555555556,44.44444444444444,5183164.09243,5402741.34836,48.96287919272395,51.03712080727604,0.111,count,87.1105
SOL,111942,2026-03-14 10:36:14,SHORT,MODERATE,245,132,113,53.87755102040816,46.12244897959184,5301287.39819,5367167.3328100005,49.691239564298996,50.308760435701004,0.078,count,86.5065
SOL,112105,2026-03-14 11:42:15,SHORT,MODERATE,250,133,117,53.2,46.800000000000004,5414123.03695,5635725.39636,48.99726063779312,51.00273936220688,0.064,count,86.7685
SOL,112253,2026-03-14 12:47:18,SHORT,MODERATE,249,134,115,53.81526104417671,46.1847389558233,5458036.59098,5641504.87409,49.17353215136242,50.82646784863758,0.076,count,86.9595
SOL,112403,2026-03-14 13:52:48,SHORT,MODERATE,249,136,113,54.61847389558233,45.38152610441767,5554462.4031299995,5650292.3592799995,49.57236923885432,50.42763076114567,0.092,count,87.0365
SOL,112558,2026-03-14 14:57:48,SHORT,MODERATE,249,136,113,54.61847389558233,45.38152610441767,5617344.28146,5575263.56771,50.18798440147763,49.81201559852238,0.092,count,86.6945
SOL,112635,2026-03-14 15:30:17,SHORT,MODERATE,248,135,113,54.43548387096774,45.564516129032256,5659690.03329,5619354.87461,50.178805736697385,49.821194263302615,0.089,count,86.7675
SOL,112790,2026-03-14 16:35:20,SHORT,MODERATE,246,135,111,54.87804878048781,45.1219512195122,5697214.09782,5594228.40783,50.45603424867314,49.543965751326866,0.098,count,86.9565
SOL,112946,2026-03-14 17:40:23,SHORT,MODERATE,249,135,114,54.21686746987952,45.78313253012048,5697865.95862,5654089.14502,50.19281618540741,49.80718381459259,0.084,count,86.8615
SOL,113102,2026-03-14 18:45:26,SHORT,MODERATE,252,135,117,53.57142857142857,46.42857142857143,5732381.555579999,5685034.96041,50.20734373272487,49.79265626727512,0.071,count,86.9285
SOL,113152,2026-03-16 08:40:01,SHORT,MODERATE,240,151,89,62.916666666666664,37.083333333333336,8812656.2496,7268659.7262,54.800591337560576,45.199408662439424,0.258,count,92.817
SOL,113295,2026-03-16 09:47:09,SHORT,MODERATE,242,159,83,65.70247933884298,34.29752066115703,8641627.34492,7391502.20203,53.898568708090465,46.10143129190953,0.314,count,93.1955
SOL,113369,2026-03-16 10:19:50,SHORT,MODERATE,243,160,83,65.84362139917695,34.15637860082305,8633225.37202,7424996.23818,53.762026590393255,46.237973409606745,0.317,count,93.4635
SOL,113441,2026-03-19 08:51:41,SHORT,MODERATE,242,155,87,64.0495867768595,35.9504132231405,10331540.81959,5497773.88536,65.26840240505936,34.73159759494064,0.281,count,89.3155
SOL,113592,2026-03-19 09:56:53,SHORT,MODERATE,243,158,85,65.02057613168725,34.97942386831276,10487440.10911,5084856.59904,67.3467780999911,32.653221900008894,0.3,count,90.2945
SOL,113669,2026-03-19 10:29:25,SHORT,MODERATE,245,158,87,64.48979591836735,35.51020408163265,9939339.09346,5603925.21357,63.94627857524482,36.05372142475518,0.29,count,90.1845
SOL,113820,2026-03-19 11:34:31,SHORT,MODERATE,257,164,93,63.81322957198443,36.18677042801556,9938627.92038,5666544.50954,63.688036546937084,36.311963453062916,0.276,count,89.7395
SOL,113972,2026-03-19 12:39:37,SHORT,MODERATE,257,162,95,63.035019455252915,36.964980544747085,10014596.6211,5669755.29108,63.85087938076015,36.14912061923985,0.261,count,88.9155
SOL,114121,2026-03-19 13:44:40,SHORT,MODERATE,244,152,92,62.295081967213115,37.704918032786885,9747576.47365,5829924.10182,62.5747142580728,37.4252857419272,0.246,count,88.4685
SOL,114275,2026-03-19 14:49:45,SHORT,MODERATE,242,149,93,61.57024793388429,38.429752066115704,9374931.14992,6104939.2908499995,60.56207760776111,39.43792239223888,0.231,count,87.778
SOL,114426,2026-03-19 15:54:50,SHORT,MODERATE,236,148,88,62.71186440677966,37.28813559322034,9238721.724750001,6211356.83857,59.79724754723016,40.20275245276984,0.254,count,87.5965
SOL,114501,2026-03-19 16:27:22,SHORT,MODERATE,239,149,90,62.34309623430963,37.65690376569037,9064329.27452,6080785.05626,59.849857033421095,40.150142966578905,0.247,count,87.4225
SOL,114574,2026-03-20 08:40:32,SHORT,MODERATE,222,143,79,64.41441441441441,35.585585585585584,8389003.93868,8209967.0806599995,50.539301074179235,49.460698925820765,0.288,count,89.6605
SOL,114736,2026-03-20 09:45:38,SHORT,MODERATE,224,137,87,61.16071428571429,38.839285714285715,8637015.80004,8222436.84502,51.22951487141392,48.77048512858608,0.223,count,88.9835
SOL,114884,2026-03-20 10:50:50,SHORT,MODERATE,224,137,87,61.16071428571429,38.839285714285715,8913595.09929,8250827.29069,51.93064407744621,48.06935592255379,0.223,count,89.2735
SOL,115033,2026-03-20 11:55:54,SHORT,MODERATE,219,133,86,60.73059360730594,39.26940639269406,8944727.977540001,8297814.51486,51.87592248348856,48.124077516511434,0.215,count,88.9585
SOL,115113,2026-03-20 12:28:27,SHORT,MODERATE,224,134,90,59.82142857142857,40.17857142857143,8993301.61109,8307053.38767,51.98333566990154,48.01666433009847,0.196,count,89.1375
SOL,115262,2026-03-20 13:33:34,SHORT,MODERATE,226,136,90,60.17699115044248,39.823008849557525,8945365.08628,8290097.10245,51.90092953892025,48.09907046107974,0.204,count,88.9255
SOL,115416,2026-03-20 14:38:41,SHORT,MODERATE,223,134,89,60.0896860986547,39.91031390134529,9239811.603249999,8004711.88712,53.581136112052405,46.418863887947595,0.202,count,89.2555
SOL,115574,2026-03-20 15:43:40,SHORT,MODERATE,226,131,95,57.9646017699115,42.0353982300885,9295719.9308,7928204.97075,53.9698122462405,46.03018775375949,0.159,count,89.0265
SOL,115723,2026-03-20 16:48:42,SHORT,MODERATE,226,132,94,58.4070796460177,41.5929203539823,9670247.993069999,7470954.07745,56.4152266176315,43.58477338236851,0.168,count,88.8425
SOL,115875,2026-03-20 17:53:47,SHORT,MODERATE,231,135,96,58.44155844155844,41.55844155844156,9539503.797360001,6714998.56198,58.688378065776384,41.311621934223616,0.169,count,88.4705
SOL,116017,2026-03-23 08:43:18,SHORT,MODERATE,229,134,95,58.515283842794766,41.48471615720524,7835269.051510001,6182009.04603,55.89722196412063,44.10277803587937,0.17,count,86.0935
SOL,116162,2026-03-23 09:48:13,SHORT,MODERATE,231,135,96,58.44155844155844,41.55844155844156,7923898.57878,6131242.16176,56.377226845723946,43.622773154276054,0.169,count,85.5535
SOL,116312,2026-03-23 10:53:08,SHORT,MODERATE,227,132,95,58.14977973568281,41.85022026431718,8131198.66977,6275813.33627,56.43917466273418,43.56082533726581,0.163,count,85.9265
SOL,116460,2026-03-23 11:58:04,SHORT,MODERATE,209,121,88,57.89473684210527,42.10526315789473,8356244.2161,7057483.27871,54.21300083911341,45.78699916088659,0.158,count,88.7625
SOL,116531,2026-03-23 12:30:31,SHORT,MODERATE,206,118,88,57.28155339805825,42.71844660194174,8675230.62205,6974953.04259,55.43213298928116,44.56786701071884,0.146,count,89.4025
SOL,116678,2026-03-23 13:35:26,SHORT,MODERATE,219,127,92,57.99086757990868,42.00913242009132,8820565.96104,7609499.3371,53.68551981371949,46.31448018628051,0.16,count,90.1825
SOL,116818,2026-03-23 14:40:22,SHORT,MODERATE,213,127,86,59.624413145539904,40.375586854460096,8699954.55417,8080227.53113,51.84660398763759,48.15339601236241,0.192,count,91.4465
SOL,116968,2026-03-23 15:45:17,SHORT,MODERATE,202,119,83,58.91089108910891,41.089108910891085,7584711.01928,8280405.45481,47.80747138961706,52.19252861038294,0.178,count,90.4115
SOL,117112,2026-03-23 16:50:12,SHORT,MODERATE,209,123,86,58.85167464114832,41.14832535885167,6917748.42452,8312891.33617,45.419946458024576,54.580053541975424,0.177,count,90.3115
SOL,117257,2026-03-23 17:55:07,SHORT,MODERATE,211,125,86,59.241706161137444,40.758293838862556,6908560.01912,8404846.39034,45.11445614642717,54.88554385357283,0.185,count,91.226
SOL,117332,2026-03-23 18:27:35,SHORT,MODERATE,217,128,89,58.986175115207374,41.013824884792626,7031155.94287,8504571.74925,45.257976209484724,54.74202379051527,0.18,count,91.0515
SOL,117488,2026-03-23 19:32:31,SHORT,MODERATE,215,123,92,57.20930232558139,42.7906976744186,7126086.14389,8739063.24185,44.91660286725763,55.08339713274236,0.144,count,91.621
SOL,117642,2026-03-23 20:37:27,SHORT,MODERATE,226,125,101,55.309734513274336,44.690265486725664,7004276.1514,9165724.39304,43.31648680004774,56.68351319995226,0.106,count,91.8685
SOL,117782,2026-03-23 21:42:22,SHORT,MODERATE,223,127,96,56.95067264573991,43.04932735426009,7034792.80772,9152837.9764,43.45782839710616,56.542171602893845,0.139,count,91.7665
SOL,117939,2026-03-23 22:47:17,SHORT,MODERATE,222,124,98,55.85585585585585,44.14414414414414,7060971.05097,9456883.82354,42.74750628706842,57.252493712931575,0.117,count,91.3585
SOL,118089,2026-03-23 23:52:13,SHORT,MODERATE,224,124,100,55.35714285714286,44.642857142857146,6899456.1595,8918801.12593,43.61704348970859,56.382956510291415,0.107,count,91.3115
SOL,118241,2026-03-24 00:57:08,SHORT,MODERATE,222,120,102,54.054054054054056,45.94594594594595,6877265.31196,8635391.71635,44.333251869162424,55.666748130837576,0.081,count,91.0325
SOL,118311,2026-03-24 01:29:35,SHORT,MODERATE,225,122,103,54.22222222222223,45.77777777777778,6856551.187480001,8691936.70757,44.09786490982731,55.90213509017269,0.084,count,90.9615
SOL,118462,2026-03-24 02:34:31,SHORT,MODERATE,230,125,105,54.347826086956516,45.65217391304348,6762201.92058,8298434.02855,44.89984316346634,55.100156836533664,0.087,count,90.3325
SOL,118610,2026-03-24 03:39:26,SHORT,MODERATE,228,123,105,53.94736842105263,46.05263157894737,6731595.03201,8264733.10863,44.888288445538876,55.11171155446112,0.079,count,90.0565
SOL,118763,2026-03-24 04:44:22,SHORT,MODERATE,227,122,105,53.74449339207048,46.25550660792951,6702281.13153,6960937.96609,49.053455731361815,50.94654426863819,0.075,count,90.1555
SOL,118919,2026-03-24 05:49:17,SHORT,MODERATE,224,117,107,52.23214285714286,47.767857142857146,6693954.73654,6947676.61855,49.070045673403534,50.92995432659647,0.045,count,90.1125
SOL,119069,2026-03-24 06:54:13,SHORT,MODERATE,225,118,107,52.44444444444445,47.55555555555556,6711829.392739999,6482139.83808,50.87043387263426,49.129566127365734,0.049,count,90.3535
SOL,119214,2026-03-24 07:59:08,SHORT,MODERATE,220,120,100,54.54545454545454,45.45454545454545,6533084.41146,6528749.28342,50.016594638016635,49.983405361983365,0.091,count,91.8055
SOL,119290,2026-03-24 08:31:35,SHORT,MODERATE,220,119,101,54.090909090909086,45.909090909090914,6296286.99142,6479420.94299,49.283272784137665,50.716727215862335,0.082,count,91.4255
SOL,119422,2026-03-24 09:36:31,SHORT,MODERATE,220,134,86,60.909090909090914,39.09090909090909,6064582.52511,6469813.8291,48.3835228576688,51.6164771423312,0.218,count,91.6535
SOL,119568,2026-03-24 10:41:26,SHORT,MODERATE,224,139,85,62.05357142857143,37.94642857142857,6325191.97299,6539228.67579,49.1681059386833,50.831894061316696,0.241,count,91.8825
SOL,119720,2026-03-24 11:46:21,SHORT,MODERATE,227,139,88,61.23348017621145,38.76651982378855,6405133.27908,6523073.55383,49.54386452709833,50.456135472901664,0.225,count,91.9485
SOL,119868,2026-03-24 12:51:16,SHORT,MODERATE,230,139,91,60.43478260869565,39.565217391304344,6873637.860970001,6549201.76731,51.20852257288562,48.79147742711438,0.209,count,91.5975
SOL,120024,2026-03-24 13:56:11,SHORT,MODERATE,228,135,93,59.210526315789465,40.78947368421053,7653019.0472099995,6491094.74648,54.107448220786935,45.892551779213065,0.184,count,89.7215
SOL,120091,2026-03-24 14:28:39,SHORT,MODERATE,226,140,86,61.94690265486725,38.05309734513274,7584001.05841,6379036.49212,54.314836803702015,45.68516319629799,0.239,count,89.519
SOL,120236,2026-03-24 15:33:34,SHORT,MODERATE,227,142,85,62.55506607929515,37.44493392070485,9566979.8382,5864666.64296,61.99584632709164,38.004153672908345,0.251,count,89.5555
SOL,120385,2026-03-24 16:38:30,SHORT,MODERATE,226,139,87,61.504424778761056,38.49557522123894,10777583.12749,7716728.35868,58.27512495152604,41.724875048473955,0.23,count,89.25
SOL,120526,2026-03-24 17:43:25,SHORT,MODERATE,222,137,85,61.711711711711715,38.288288288288285,11102235.54825,7655780.68457,59.186618725838144,40.813381274161856,0.234,count,88.978
SOL,120669,2026-03-24 18:48:21,SHORT,MODERATE,221,138,83,62.44343891402715,37.55656108597285,10293409.24078,7644119.28708,57.38476861398494,42.61523138601506,0.249,count,89.0295
SOL,120812,2026-03-24 19:53:16,SHORT,MODERATE,222,140,82,63.06306306306306,36.93693693693694,10446284.46002,7631812.24312,57.78420500541729,42.21579499458272,0.261,count,88.5035
SOL,120954,2026-03-24 20:58:12,SHORT,MODERATE,218,141,77,64.6788990825688,35.321100917431195,10551411.96188,7649374.52059,57.972285824255685,42.02771417574432,0.294,count,89.9685
SOL,121023,2026-03-24 21:30:39,SHORT,MODERATE,221,145,76,65.61085972850678,34.38914027149321,10380620.0398,7656182.91333,57.552439125574686,42.447560874425314,0.312,count,90.0565
SOL,121167,2026-03-24 22:35:35,SHORT,MODERATE,219,145,74,66.21004566210046,33.789954337899545,9508978.493209999,7707903.17328,55.230550325020566,44.76944967497943,0.324,count,90.1635
SOL,121313,2026-03-24 23:40:30,SHORT,MODERATE,219,147,72,67.12328767123287,32.87671232876712,8490294.46484,7795076.89377,52.13448485687261,47.86551514312738,0.342,count,91.0365
SOL,121450,2026-03-25 00:45:25,SHORT,MODERATE,222,153,69,68.91891891891892,31.08108108108108,7120388.51276,7770427.58038,47.81731550657098,52.18268449342902,0.378,count,91.4245
SOL,121595,2026-03-25 01:50:20,SHORT,MODERATE,222,151,71,68.01801801801803,31.98198198198198,6970096.49542,7737836.4068,47.39004822606949,52.609951773930504,0.36,count,91.0765
SOL,121735,2026-03-25 02:55:16,SHORT,MODERATE,218,149,69,68.34862385321101,31.65137614678899,6886560.34858,7745658.41928,47.064361583401734,52.93563841659827,0.367,count,91.1255
SOL,121809,2026-03-25 03:27:43,SHORT,MODERATE,215,143,72,66.51162790697674,33.48837209302326,6810836.739920001,7751873.33584,46.76901967070546,53.23098032929454,0.33,count,90.8935
SOL,121952,2026-03-25 04:32:38,SHORT,MODERATE,219,146,73,66.66666666666666,33.33333333333333,6790397.06824,7887549.44147,46.26258219259692,53.73741780740308,0.333,count,91.6715
SOL,122093,2026-03-25 05:37:33,SHORT,MODERATE,212,143,69,67.45283018867924,32.54716981132076,6700767.58611,8086752.30032,45.313667454534176,54.68633254546583,0.349,count,92.5755
SOL,122238,2026-03-25 06:42:29,SHORT,MODERATE,217,145,72,66.82027649769586,33.17972350230415,6404851.39945,8299475.119940001,43.557597765556835,56.44240223444316,0.336,count,92.6255
SOL,122378,2026-03-25 07:47:33,SHORT,MODERATE,218,148,70,67.88990825688074,32.11009174311927,6163234.01405,8259216.9593400005,42.73361043432502,57.26638956567497,0.358,count,91.8725
SOL,122522,2026-03-25 08:52:28,SHORT,MODERATE,221,152,69,68.77828054298642,31.221719457013574,5382946.24428,8042125.55973,40.096219393568845,59.903780606431155,0.376,count,92.4385
SOL,122670,2026-03-25 09:57:24,SHORT,MODERATE,218,149,69,68.34862385321101,31.65137614678899,4554879.65934,7968963.19162,36.36966475502247,63.63033524497753,0.367,count,92.4495
SOL,122745,2026-03-25 10:29:52,SHORT,MODERATE,221,150,71,67.87330316742081,32.126696832579185,3435499.38892,8076530.3202599995,29.842690435210056,70.15730956478994,0.357,count,92.5165
SOL,122894,2026-03-25 11:34:47,SHORT,MODERATE,223,149,74,66.81614349775785,33.18385650224215,3194599.75122,8786211.49447,26.66430248927619,73.33569751072382,0.336,count,93.2655
SOL,123047,2026-03-25 12:39:44,SHORT,MODERATE,223,146,77,65.47085201793722,34.52914798206278,3166133.09878,8903037.23693,26.233229051479324,73.76677094852067,0.309,count,92.6915
SOL,123196,2026-03-25 13:44:39,SHORT,MODERATE,222,145,77,65.31531531531532,34.68468468468468,3252376.49279,9233486.02612,26.048472725566484,73.95152727443352,0.306,count,92.9875
SOL,123345,2026-03-25 14:49:35,SHORT,MODERATE,230,149,81,64.78260869565217,35.21739130434783,3225072.3656,9430741.24639,25.48293191158091,74.5170680884191,0.296,count,92.1785
SOL,123492,2026-03-25 15:54:30,SHORT,MODERATE,233,151,82,64.8068669527897,35.1931330472103,5308868.806679999,9213247.17357,36.55712992445476,63.44287007554523,0.296,count,91.7845
SOL,123639,2026-03-25 16:59:25,SHORT,MODERATE,233,151,82,64.8068669527897,35.1931330472103,5704278.00083,9559851.43529,37.370477135314275,62.629522864685725,0.296,count,92.1505
SOL,123714,2026-03-25 17:31:53,SHORT,MODERATE,235,150,85,63.829787234042556,36.17021276595745,5810175.50529,9648878.28573,37.5842893351278,62.4157106648722,0.277,count,92.0275
SOL,123860,2026-03-25 18:36:52,SHORT,MODERATE,226,144,82,63.716814159292035,36.283185840707965,5868879.98025,9685595.20951,37.73113466479196,62.26886533520805,0.274,count,91.9075
SOL,124002,2026-03-25 19:41:48,SHORT,MODERATE,227,145,82,63.87665198237885,36.12334801762114,6562739.41506,8790260.20368,42.74564956706874,57.254350432931254,0.278,count,91.8465
SOL,124150,2026-03-25 20:46:43,SHORT,MODERATE,225,143,82,63.55555555555556,36.44444444444444,6516474.30945,9571263.10653,40.50584703711763,59.49415296288236,0.271,count,91.3595
SOL,124295,2026-03-25 21:51:37,SHORT,MODERATE,223,141,82,63.22869955156951,36.771300448430495,6532400.89154,9343752.7104,41.14599200364103,58.85400799635897,0.265,count,91.1305
SOL,124438,2026-03-25 22:56:33,SHORT,MODERATE,225,144,81,64.0,36.0,6531944.46199,9359413.05635,41.10375375075145,58.89624624924855,0.28,count,91.7045
SOL,124511,2026-03-25 23:29:01,SHORT,MODERATE,225,142,83,63.11111111111111,36.888888888888886,6559552.11996,9360460.86072,41.203183238106995,58.796816761893,0.262,count,91.7085
SOL,124655,2026-03-26 00:33:56,SHORT,MODERATE,225,144,81,64.0,36.0,6637698.5154099995,9572480.85834,40.9477178652247,59.05228213477529,0.28,count,91.7995
SOL,124798,2026-03-26 01:38:52,SHORT,MODERATE,227,145,82,63.87665198237885,36.12334801762114,6619227.16211,9721911.93774,40.506522352354004,59.493477647645996,0.278,count,91.8765
SOL,124939,2026-03-26 02:43:47,SHORT,MODERATE,224,145,79,64.73214285714286,35.267857142857146,6559773.51036,9228958.687859999,41.5471833203906,58.4528166796094,0.295,count,90.8425
SOL,125082,2026-03-26 03:48:43,SHORT,MODERATE,224,146,78,65.17857142857143,34.82142857142857,6739184.9699800005,8449280.330769999,44.37041423564514,55.62958576435486,0.304,count,90.9145
SOL,125222,2026-03-26 04:53:39,SHORT,MODERATE,224,146,78,65.17857142857143,34.82142857142857,6787693.74867,8433996.96239,44.59224587803573,55.40775412196428,0.304,count,90.8005
SOL,125365,2026-03-26 05:58:34,SHORT,MODERATE,216,136,80,62.96296296296296,37.03703703703704,7542879.26796,8012040.45061,48.49192026979767,51.508079730202326,0.259,count,89.1795
SOL,125436,2026-03-26 06:31:02,SHORT,MODERATE,216,139,77,64.35185185185185,35.648148148148145,7724793.35285,8104946.92032,48.79924256207057,51.20075743792943,0.287,count,88.9825
SOL,125578,2026-03-26 07:35:58,SHORT,MODERATE,215,138,77,64.18604651162791,35.81395348837209,7781094.92981,8171159.2302,48.77740068432512,51.22259931567489,0.284,count,88.964
SOL,125723,2026-03-26 08:40:54,SHORT,MODERATE,213,131,82,61.502347417840376,38.497652582159624,7780376.05172,7187198.58959,51.981541687097554,48.018458312902446,0.23,count,88.6815
SOL,125864,2026-03-26 09:45:49,SHORT,MODERATE,211,129,82,61.137440758293835,38.862559241706165,7799811.90716,7102357.40564,52.34011064724964,47.65988935275037,0.223,count,88.0475
SOL,126008,2026-03-26 10:50:45,SHORT,MODERATE,216,133,83,61.57407407407407,38.425925925925924,7805464.46204,7111352.39576,52.32660919852029,47.67339080147971,0.231,count,87.8885
SOL,126150,2026-03-26 11:40:53,SHORT,MODERATE,213,136,77,63.84976525821596,36.15023474178404,8269775.93912,7096984.9956,53.81599918324418,46.18400081675583,0.277,count,87.6705
SOL,126296,2026-03-26 12:46:01,SHORT,MODERATE,216,142,74,65.74074074074075,34.25925925925926,8713486.92383,6996875.53672,55.463309301171606,44.536690698828394,0.315,count,87.5335
SOL,126444,2026-03-26 13:51:10,SHORT,MODERATE,219,146,73,66.66666666666666,33.33333333333333,9340648.23684,6168428.24521,60.226979005814705,39.77302099418529,0.333,count,87.9665
SOL,126592,2026-03-26 14:56:14,SHORT,MODERATE,220,146,74,66.36363636363637,33.63636363636363,9517919.72778,6153741.63573,60.73331669826396,39.266683301736045,0.327,count,87.3725
SOL,126666,2026-03-26 15:28:50,SHORT,MODERATE,217,144,73,66.3594470046083,33.6405529953917,9572630.6799,6419753.16804,59.857434457046644,40.14256554295335,0.327,count,87.4855
SOL,126810,2026-03-26 16:33:51,SHORT,MODERATE,222,148,74,66.66666666666666,33.33333333333333,9548483.15596,6399522.43779,59.872584692985285,40.127415307014715,0.333,count,87.4195
SOL,126883,2026-03-26 17:06:24,SHORT,MODERATE,222,146,76,65.76576576576578,34.234234234234236,9690465.7186,6430800.930989999,60.109828397674015,39.890171602325985,0.315,count,87.3175
SOL,127033,2026-03-27 08:55:34,SHORT,MODERATE,220,135,85,61.36363636363637,38.63636363636363,8322497.08898,8910548.41984,48.29382644362242,51.70617355637758,0.227,count,85.0235
SOL,127109,2026-03-27 09:28:05,SHORT,MODERATE,221,134,87,60.633484162895925,39.366515837104075,8181854.02487,9236918.72309,46.97147234915398,53.02852765084602,0.213,count,85.1805
SOL,127258,2026-03-27 10:33:24,SHORT,MODERATE,223,135,88,60.53811659192825,39.46188340807175,8113272.37111,9107164.3381,47.11420800827183,52.88579199172816,0.211,count,84.9695
SOL,127403,2026-03-27 11:38:32,SHORT,MODERATE,219,135,84,61.64383561643836,38.35616438356164,6187760.0374799995,8729264.94876,41.48119375805707,58.51880624194293,0.233,count,83.3975
SOL,127553,2026-03-27 12:43:39,SHORT,MODERATE,218,131,87,60.09174311926605,39.908256880733944,6157827.45058,8740309.33841,41.3328695916576,58.667130408342416,0.202,count,83.1655
SOL,127700,2026-03-27 13:48:45,SHORT,MODERATE,224,134,90,59.82142857142857,40.17857142857143,7101294.37469,8637387.97557,45.12000570729282,54.87999429270718,0.196,count,83.1405
SOL,127844,2026-03-27 14:53:53,SHORT,MODERATE,224,140,84,62.5,37.5,7480411.34033,8616875.87477,46.470012247237705,53.52998775276229,0.25,count,82.9435
SOL,127983,2026-03-27 15:58:58,SHORT,MODERATE,224,145,79,64.73214285714286,35.267857142857146,7693702.37694,8460084.14426,47.627857201423915,52.372142798576085,0.295,count,83.2905
SOL,128060,2026-03-27 16:31:30,SHORT,MODERATE,220,140,80,63.63636363636363,36.36363636363637,7948383.876440001,8404717.58024,48.60474875359624,51.39525124640376,0.273,count,82.8335
SOL,128204,2026-03-27 17:36:39,SHORT,MODERATE,220,142,78,64.54545454545455,35.45454545454545,8372309.18802,8376568.3440000005,49.987285249498484,50.01271475050151,0.291,count,82.7265
SOL,128351,2026-03-27 18:41:46,SHORT,MODERATE,222,143,79,64.41441441441441,35.585585585585584,8094289.70807,8314699.23626,49.32838784602217,50.67161215397784,0.288,count,82.2055
SOL,128424,2026-03-27 19:14:20,SHORT,MODERATE,222,142,80,63.96396396396396,36.03603603603604,8026900.57806,8337095.05672,49.052204346716174,50.94779565328382,0.279,count,82.0905
SOL,128500,2026-03-28 07:57:15,SHORT,MODERATE,226,143,83,63.27433628318584,36.72566371681416,8199796.53955,8525355.03842,49.02673976569869,50.97326023430131,0.265,count,83.5305
SOL,128573,2026-03-28 08:29:49,SHORT,MODERATE,228,147,81,64.47368421052632,35.526315789473685,7775255.14785,8532984.6668,47.676850697678255,52.32314930232176,0.289,count,83.4815
SOL,128729,2026-03-28 09:34:55,SHORT,MODERATE,227,142,85,62.55506607929515,37.44493392070485,6745437.14493,8613879.87217,43.917559208004484,56.08244079199552,0.251,count,82.9845
SOL,128877,2026-03-28 10:40:04,SHORT,MODERATE,226,141,85,62.38938053097345,37.610619469026545,6489122.88809,8591512.39379,43.02950616335737,56.97049383664263,0.248,count,82.7525
SOL,129026,2026-03-28 11:45:08,SHORT,MODERATE,226,140,86,61.94690265486725,38.05309734513274,6379444.66123,8616809.93262,42.54025310990803,57.45974689009198,0.239,count,82.9465
SOL,129181,2026-03-30 07:54:32,SHORT,MODERATE,211,128,83,60.66350710900474,39.33649289099526,5526917.2981,9491623.1371,36.80062867591433,63.199371324085675,0.213,count,83.8895
SOL,129326,2026-03-30 08:59:37,SHORT,MODERATE,212,128,84,60.37735849056604,39.62264150943396,5452057.95545,9510136.483649999,36.4388925544397,63.5611074455603,0.208,count,84.4925
SOL,129397,2026-03-30 09:32:09,SHORT,MODERATE,211,128,83,60.66350710900474,39.33649289099526,5400338.41151,9402514.71481,36.48174014445908,63.51825985554092,0.213,count,84.1785
SOL,129542,2026-03-30 10:37:21,SHORT,MODERATE,213,129,84,60.56338028169014,39.436619718309856,5116013.18217,9426184.25972,35.18046844442437,64.81953155557562,0.211,count,83.9445
SOL,129689,2026-03-30 11:42:30,SHORT,MODERATE,213,131,82,61.502347417840376,38.497652582159624,5027291.90229,9304866.34913,35.07700525000766,64.92299474999234,0.23,count,84.0885
SOL,129836,2026-03-30 12:47:38,SHORT,MODERATE,216,132,84,61.111111111111114,38.88888888888889,5029123.5599,9377091.87979,34.90940129941732,65.09059870058267,0.222,count,84.5445
SOL,129981,2026-03-30 13:52:44,SHORT,MODERATE,215,131,84,60.93023255813953,39.06976744186046,4862765.13143,9460585.97106,33.949912256110565,66.05008774388943,0.219,count,84.2535
SOL,130131,2026-03-30 14:57:50,SHORT,MODERATE,218,130,88,59.63302752293578,40.36697247706422,5063471.70864,9487643.0132,34.797826870543155,65.20217312945685,0.193,count,84.5025
SOL,130201,2026-03-30 15:30:22,SHORT,MODERATE,219,132,87,60.273972602739725,39.726027397260275,5141578.93289,9450333.09174,35.2358136768603,64.76418632313971,0.205,count,84.0665
SOL,130348,2026-03-30 16:35:29,SHORT,MODERATE,219,132,87,60.273972602739725,39.726027397260275,5165393.00616,9956269.87316,34.15889540312435,65.84110459687565,0.205,count,84.0585
SOL,130497,2026-03-30 17:40:33,SHORT,MODERATE,218,130,88,59.63302752293578,40.36697247706422,5644110.76322,9353294.96142,37.63391393717517,62.36608606282482,0.193,count,83.3355
SOL,130642,2026-03-31 07:45:53,SHORT,MODERATE,220,130,90,59.09090909090909,40.909090909090914,6869267.1449,9642319.387149999,41.60270808360137,58.39729191639863,0.182,count,83.0065
SOL,130793,2026-03-31 08:51:02,SHORT,MODERATE,221,127,94,57.466063348416284,42.53393665158371,7083647.82281,9729828.30934,42.13077514211921,57.86922485788077,0.149,count,82.4865
SOL,130942,2026-03-31 09:56:08,SHORT,MODERATE,221,123,98,55.65610859728507,44.34389140271493,7727571.60125,9636892.73796,44.502217000732244,55.497782999267756,0.113,count,80.5865
SOL,131013,2026-03-31 10:28:40,SHORT,MODERATE,222,125,97,56.30630630630631,43.69369369369369,8020046.56381,9612455.83711,45.484449010433956,54.515550989566044,0.126,count,80.7035
SOL,131153,2026-03-31 11:33:49,SHORT,MODERATE,222,131,91,59.009009009009006,40.99099099099099,8192766.27175,11189432.91679,42.26953913771606,57.73046086228394,0.18,count,80.6075
SOL,131301,2026-03-31 12:37:16,SHORT,MODERATE,223,130,93,58.29596412556054,41.70403587443946,8340305.530850001,10898232.06815,43.35207646595509,56.64792353404492,0.166,count,80.9665
SOL,131442,2026-03-31 13:42:12,SHORT,MODERATE,221,135,86,61.085972850678736,38.91402714932127,8489662.33731,10911747.56023,43.7579659527035,56.24203404729651,0.222,count,81.3065
SOL,131588,2026-03-31 14:47:08,SHORT,MODERATE,215,132,83,61.395348837209305,38.604651162790695,7978084.82955,11141032.25095,41.72831201335663,58.27168798664337,0.228,count,81.4205
SOL,131742,2026-03-31 15:52:04,SHORT,MODERATE,214,126,88,58.87850467289719,41.1214953271028,6542872.14992,13046356.0812,33.400356934561664,66.59964306543834,0.178,count,81.2035
SOL,131891,2026-04-01 07:37:42,SHORT,MODERATE,212,128,84,60.37735849056604,39.62264150943396,4184416.70784,9356611.93476,30.901763952229217,69.09823604777078,0.208,count,84.1725
SOL,132037,2026-04-01 08:42:51,SHORT,MODERATE,213,129,84,60.56338028169014,39.436619718309856,4104083.1521900003,9251100.31474,30.730264113199933,69.26973588680008,0.211,count,83.7655
SOL,132193,2026-04-01 09:47:57,SHORT,MODERATE,215,128,87,59.53488372093023,40.46511627906977,4065699.77582,8997615.71535,31.123031351176994,68.87696864882301,0.191,count,83.1725
SOL,132335,2026-04-01 10:53:01,SHORT,MODERATE,214,130,84,60.747663551401864,39.25233644859813,4077512.86389,8932442.21759,31.341483028595867,68.65851697140414,0.215,count,83.4205
SOL,132484,2026-04-01 11:58:08,SHORT,MODERATE,220,137,83,62.272727272727266,37.72727272727273,4183793.6271,8859247.32998,32.076826568799206,67.9231734312008,0.245,count,83.3235
SOL,132561,2026-04-01 12:30:39,SHORT,MODERATE,222,137,85,61.711711711711715,38.288288288288285,4133594.69907,8861382.13696,31.809173276932324,68.19082672306769,0.234,count,83.4815
SOL,132723,2026-04-01 13:35:50,SHORT,MODERATE,218,129,89,59.174311926605505,40.825688073394495,4079555.84512,8521757.85132,32.374051971045816,67.62594802895418,0.183,count,83.0795
SOL,132873,2026-04-01 14:40:57,SHORT,MODERATE,223,131,92,58.744394618834086,41.25560538116592,5012465.10834,7849323.61468,38.97175747700397,61.02824252299604,0.175,count,83.0345
SOL,133020,2026-04-01 15:46:14,SHORT,MODERATE,218,130,88,59.63302752293578,40.36697247706422,5075278.4984,7562858.99147,40.158437131009606,59.84156286899038,0.193,count,83.6285
SOL,133168,2026-04-02 07:56:06,SHORT,MODERATE,234,142,92,60.68376068376068,39.31623931623932,4211148.27011,2942161.71316,58.86992567019937,41.13007432980063,0.214,count,79.5435
SOL,133245,2026-04-02 08:28:41,SHORT,MODERATE,234,140,94,59.82905982905983,40.17094017094017,4126584.99013,2997548.22692,57.92402899280369,42.075971007196316,0.197,count,79.2135
SOL,133392,2026-04-02 09:33:48,SHORT,MODERATE,242,143,99,59.09090909090909,40.909090909090914,4133372.92185,3067070.00789,57.404425841331566,42.595574158668434,0.182,count,79.2225
SOL,133545,2026-04-02 10:38:54,SHORT,MODERATE,240,142,98,59.166666666666664,40.833333333333336,4109741.68602,3009264.83886,57.72914621804305,42.270853781956966,0.183,count,78.9395
SOL,133692,2026-04-02 11:44:07,SHORT,MODERATE,242,140,102,57.85123966942148,42.14876033057851,4123327.95044,2972123.47235,58.11227087252283,41.88772912747717,0.157,count,78.5295
SOL,133850,2026-04-02 12:49:14,SHORT,MODERATE,240,134,106,55.833333333333336,44.166666666666664,3149020.15841,2743837.3735700003,53.43791431102068,46.56208568897932,0.117,count,78.0255
SOL,134002,2026-04-02 13:54:19,SHORT,MODERATE,233,128,105,54.93562231759657,45.06437768240343,3584926.98713,3279106.62734,52.227701501528955,47.77229849847105,0.099,count,77.4695
SOL,134142,2026-04-02 14:59:26,SHORT,MODERATE,230,132,98,57.391304347826086,42.608695652173914,3616308.3379100002,2847374.64,55.94810807196047,44.051891928039524,0.148,count,79.1385
SOL,134216,2026-04-02 15:31:58,SHORT,MODERATE,232,133,99,57.327586206896555,42.672413793103445,3667087.98528,3389664.93016,51.96565657352835,48.034343426471644,0.147,count,78.5825
SOL,134363,2026-04-03 07:44:54,SHORT,MODERATE,224,129,95,57.58928571428571,42.410714285714285,3179461.18967,6458257.9809,32.98976794612244,67.01023205387754,0.152,count,79.8105
SOL,134512,2026-04-03 08:50:00,SHORT,MODERATE,234,137,97,58.54700854700855,41.452991452991455,3033791.72495,6750785.850649999,31.005852848624027,68.99414715137597,0.171,count,79.7535
SOL,134663,2026-04-03 09:55:12,SHORT,MODERATE,230,136,94,59.130434782608695,40.869565217391305,2977645.82017,6562791.86162,31.210788430110338,68.78921156988966,0.183,count,79.8635
SOL,134738,2026-04-03 10:27:42,SHORT,MODERATE,232,136,96,58.620689655172406,41.37931034482759,2984336.90027,6733500.91255,30.709885858899526,69.29011414110047,0.172,count,79.9525
SOL,134888,2026-04-03 11:32:51,SHORT,MODERATE,232,135,97,58.189655172413794,41.810344827586206,3032971.77435,6753767.54155,30.99062595263461,69.0093740473654,0.164,count,80.0395
SOL,135036,2026-04-03 12:37:55,SHORT,MODERATE,233,134,99,57.5107296137339,42.48927038626609,2970744.78274,6909045.04192,30.068906681850745,69.93109331814927,0.15,count,79.7745
SOL,135190,2026-04-03 13:43:04,SHORT,MODERATE,230,129,101,56.086956521739125,43.913043478260875,2925218.53671,6877985.5119,29.839412932803004,70.160587067197,0.122,count,79.3815
SOL,135346,2026-04-03 14:48:16,SHORT,MODERATE,233,127,106,54.506437768240346,45.493562231759654,3087980.98224,7313726.9669699995,29.687249414405347,70.31275058559466,0.09,count,79.8865
SOL,135495,2026-04-03 15:53:28,SHORT,MODERATE,235,128,107,54.46808510638298,45.53191489361702,3123259.1075399998,7880977.84142,28.382332387300835,71.61766761269915,0.089,count,80.5065
SOL,135564,2026-04-03 16:26:02,SHORT,MODERATE,238,131,107,55.04201680672269,44.957983193277315,3158274.32726,7981496.26184,28.351340828780593,71.64865917121942,0.101,count,80.4965
SOL,135714,2026-04-08 08:38:06,SHORT,MODERATE,218,118,100,54.12844036697248,45.87155963302752,3420467.8918,5298396.64574,39.23065758245023,60.769342417549765,0.083,count,84.5425
SOL,135860,2026-04-08 09:43:08,SHORT,MODERATE,218,119,99,54.58715596330275,45.412844036697244,3405656.33877,5652954.9849,37.595788328737285,62.40421167126271,0.092,count,84.6105
SOL,136001,2026-04-08 10:48:07,SHORT,MODERATE,215,118,97,54.88372093023256,45.11627906976744,3402602.74245,5630395.69634,37.66858552569162,62.331414474308374,0.098,count,84.6235
SOL,136142,2026-04-08 11:53:11,SHORT,MODERATE,219,118,101,53.88127853881278,46.118721461187214,3473582.90019,5624340.678549999,38.17995249275404,61.82004750724597,0.078,count,84.4525
SOL,136286,2026-04-08 12:58:14,SHORT,MODERATE,223,119,104,53.36322869955157,46.63677130044843,3500838.77288,5222670.05723,40.13108533571411,59.86891466428589,0.067,count,84.6205
SOL,136357,2026-04-08 13:30:46,SHORT,MODERATE,221,119,102,53.84615384615385,46.15384615384615,3483836.01514,5321151.98125,39.56661856402705,60.43338143597295,0.077,count,84.616
SOL,136506,2026-04-08 14:35:51,SHORT,MODERATE,212,111,101,52.358490566037744,47.64150943396226,3844568.00104,4504236.10948,46.04932574948801,53.95067425051199,0.047,count,82.6745
SOL,136642,2026-04-08 15:40:52,SHORT,MODERATE,215,117,98,54.418604651162795,45.58139534883721,4092084.53465,4259128.6348,48.99988123425544,51.00011876574455,0.088,count,83.1905
SOL,136785,2026-04-08 16:45:56,SHORT,MODERATE,219,119,100,54.337899543378995,45.662100456621005,4082685.20812,4241515.85373,49.04597063171669,50.9540293682833,0.087,count,83.2975
SOL,136925,2026-04-08 17:51:02,SHORT,MODERATE,218,118,100,54.12844036697248,45.87155963302752,3722111.30054,4417258.26228,45.72972478780557,54.27027521219442,0.083,count,83.8965
SOL,137069,2026-04-09 07:50:24,SHORT,MODERATE,221,118,103,53.39366515837104,46.60633484162896,4241017.49713,4376243.64289,49.21537630366111,50.78462369633889,0.068,count,82.2815
SOL,137218,2026-04-09 08:55:30,SHORT,MODERATE,220,117,103,53.18181818181819,46.81818181818182,4260031.85975,4260237.43387,49.998793617238405,50.001206382761595,0.064,count,82.4545
SOL,137290,2026-04-09 09:28:04,SHORT,MODERATE,219,116,103,52.96803652968036,47.03196347031963,4250912.63916,4280818.58651,49.8247369346328,50.175263065367204,0.059,count,82.4535
SOL,137433,2026-04-09 10:33:10,SHORT,MODERATE,218,117,101,53.669724770642205,46.330275229357795,4274212.20294,4396167.10916,49.29671527720935,50.70328472279064,0.073,count,82.4925
SOL,137588,2026-04-09 11:38:15,SHORT,MODERATE,218,116,102,53.21100917431193,46.788990825688074,4247003.22405,4385578.65006,49.19736975547488,50.80263024452512,0.064,count,82.1365
SOL,137744,2026-04-09 12:43:26,SHORT,MODERATE,221,117,104,52.94117647058824,47.05882352941176,4247510.4819600005,4363149.4679,49.32851264239114,50.67148735760887,0.059,count,82.2645
SOL,137898,2026-04-09 13:48:31,SHORT,MODERATE,224,117,107,52.23214285714286,47.767857142857146,4239403.17512,4274940.59252,49.79130853551471,50.20869146448529,0.045,count,81.7505
SOL,138049,2026-04-09 14:53:37,SHORT,MODERATE,222,122,100,54.95495495495496,45.04504504504504,4561715.72574,4135778.41062,52.44862088115335,47.55137911884664,0.099,count,82.0825
SOL,138202,2026-04-09 15:58:44,SHORT,MODERATE,214,119,95,55.60747663551402,44.39252336448598,4551330.43471,4466820.99654,50.46855189122882,49.531448108771194,0.112,count,83.6665
SOL,138265,2026-04-09 16:31:16,SHORT,MODERATE,217,124,93,57.14285714285714,42.857142857142854,3802136.11351,5712059.9128,39.96276829903226,60.03723170096773,0.143,count,83.5705
SOL,138423,2026-04-09 17:36:22,SHORT,MODERATE,215,120,95,55.81395348837209,44.18604651162791,3310780.87247,7023250.46505,32.0376507902533,67.96234920974669,0.116,count,84.1485
SOL,138575,2026-04-09 18:41:29,SHORT,MODERATE,210,118,92,56.19047619047619,43.80952380952381,3239519.21816,7244663.07761,30.899111888459174,69.10088811154083,0.124,count,83.7455
SOL,138729,2026-04-09 19:46:45,SHORT,MODERATE,211,118,93,55.92417061611374,44.07582938388626,3239092.87396,7203003.81304,31.019564088048934,68.98043591195105,0.118,count,84.0545
SOL,138879,2026-04-09 20:51:53,SHORT,MODERATE,210,117,93,55.714285714285715,44.285714285714285,3229381.9439000003,7678620.2310500005,29.605622478845934,70.39437752115407,0.114,count,84.0835
SOL,139031,2026-04-09 21:57:02,SHORT,MODERATE,209,115,94,55.02392344497608,44.97607655502392,3314405.41095,7885021.57142,29.594419573139735,70.40558042686025,0.1,count,84.2895
SOL,139107,2026-04-09 22:29:35,SHORT,MODERATE,200,111,89,55.50000000000001,44.5,3119946.90755,8129830.66163,27.733409735117228,72.26659026488277,0.11,count,84.8635
SOL,139259,2026-04-09 23:34:44,SHORT,MODERATE,202,112,90,55.44554455445545,44.554455445544555,3366759.01406,8077816.09737,29.41794676761332,70.58205323238667,0.109,count,83.2375
SOL,139409,2026-04-10 00:39:49,SHORT,MODERATE,203,112,91,55.172413793103445,44.827586206896555,3491977.06006,8015517.14026,30.345242841511883,69.65475715848811,0.103,count,82.9705
SOL,139560,2026-04-10 01:44:57,SHORT,MODERATE,205,114,91,55.60975609756098,44.390243902439025,3545074.4462,7984986.05014,30.746364664134397,69.25363533586561,0.112,count,83.4135
SOL,139710,2026-04-10 02:50:02,SHORT,MODERATE,206,115,91,55.8252427184466,44.1747572815534,3536554.83833,7890243.7544,30.949655843063866,69.05034415693613,0.117,count,83.1615
SOL,139862,2026-04-10 03:55:06,SHORT,MODERATE,204,114,90,55.88235294117647,44.11764705882353,3528976.52196,7619692.82827,31.653791238209035,68.34620876179096,0.118,count,82.9085
SOL,139939,2026-04-10 04:27:42,SHORT,MODERATE,206,116,90,56.310679611650485,43.689320388349515,3552569.57541,7685943.44646,31.610672768690534,68.38932723130947,0.126,count,83.0975
SOL,140089,2026-04-10 05:32:46,SHORT,MODERATE,203,114,89,56.15763546798029,43.84236453201971,3612096.76578,7661890.20713,32.03921358486064,67.96078641513935,0.123,count,83.4945
SOL,140239,2026-04-10 06:37:53,SHORT,MODERATE,202,114,88,56.43564356435643,43.56435643564357,3161822.44476,7649902.07279,29.244385940722132,70.75561405927787,0.129,count,83.1535
SOL,140395,2026-04-10 07:43:01,SHORT,MODERATE,203,110,93,54.187192118226605,45.812807881773395,3105611.70171,8007905.61367,27.944453709647288,72.05554629035271,0.084,count,83.089
SOL,140547,2026-04-10 08:48:06,SHORT,MODERATE,206,112,94,54.36893203883495,45.63106796116505,3020273.69146,6992161.15731,30.165226911124744,69.83477308887525,0.087,count,82.8035
SOL,140689,2026-04-10 09:53:11,SHORT,MODERATE,207,116,91,56.038647342995176,43.96135265700483,3102955.22254,6952135.81823,30.859543786909178,69.14045621309083,0.121,count,83.3535
SOL,140841,2026-04-10 10:58:17,SHORT,MODERATE,210,117,93,55.714285714285715,44.285714285714285,3221316.68334,6907013.7356,31.805011784727427,68.19498821527257,0.114,count,83.2395
SOL,140913,2026-04-10 11:30:55,SHORT,MODERATE,215,122,93,56.74418604651162,43.25581395348837,3255359.5782399997,7002184.10886,31.7362487311068,68.26375126889319,0.135,count,83.5885
SOL,141062,2026-04-10 12:36:01,SHORT,MODERATE,214,123,91,57.476635514018696,42.523364485981304,3274417.19764,6993051.54066,31.891182540694547,68.10881745930546,0.15,count,83.8115
SOL,141213,2026-04-10 13:41:11,SHORT,MODERATE,214,123,91,57.476635514018696,42.523364485981304,3308400.4028,7157875.79221,31.610100298875583,68.38989970112442,0.15,count,83.6525
SOL,141365,2026-04-10 14:46:18,SHORT,MODERATE,216,125,91,57.870370370370374,42.129629629629626,3157503.6859,7329050.56284,30.110020994545337,69.88997900545468,0.157,count,84.8295
SOL,141514,2026-04-10 15:51:23,SHORT,MODERATE,220,126,94,57.27272727272727,42.72727272727273,3060968.7608499997,6801751.427879999,31.035745740285,68.96425425971499,0.145,count,84.4285
SOL,141663,2026-04-10 16:56:31,SHORT,MODERATE,219,130,89,59.3607305936073,40.63926940639269,3124096.4832099997,6365731.3091400005,32.92047602516472,67.07952397483528,0.187,count,84.7585
SOL,141741,2026-04-10 17:29:04,SHORT,MODERATE,218,127,91,58.256880733944946,41.74311926605505,3180824.14436,6432059.928160001,33.08917615529043,66.91082384470957,0.165,count,84.6705
SOL,141889,2026-04-10 18:34:10,SHORT,MODERATE,216,126,90,58.333333333333336,41.66666666666667,3134361.50989,6143781.49713,33.78220736109035,66.21779263890964,0.167,count,84.8645
SOL,142038,2026-04-10 19:39:19,SHORT,MODERATE,220,129,91,58.63636363636363,41.36363636363637,3282013.37064,6845486.04759,32.406947017268784,67.59305298273122,0.173,count,85.1155
SOL,142190,2026-04-10 20:44:31,SHORT,MODERATE,219,131,88,59.817351598173516,40.182648401826484,3216425.86944,7357422.19786,30.418688153718715,69.5813118462813,0.196,count,85.0735
SOL,142342,2026-04-10 21:49:39,SHORT,MODERATE,220,128,92,58.18181818181818,41.81818181818181,3299365.25646,7481071.16081,30.60511772208494,69.39488227791504,0.164,count,85.0365
SOL,142491,2026-04-10 22:54:40,SHORT,MODERATE,219,126,93,57.534246575342465,42.465753424657535,3291873.05398,7581870.49612,30.273594726718805,69.72640527328119,0.151,count,84.7685
SOL,142640,2026-04-10 23:59:46,SHORT,MODERATE,223,128,95,57.399103139013455,42.600896860986545,3280476.86614,7671695.864469999,29.95274953043302,70.04725046956698,0.148,count,84.7795
SOL,142712,2026-04-11 00:32:21,SHORT,MODERATE,223,129,94,57.847533632286996,42.152466367713004,3266755.27487,7706817.12439,29.769296232923136,70.23070376707686,0.157,count,84.5865
SOL,142864,2026-04-11 01:37:26,SHORT,MODERATE,217,125,92,57.6036866359447,42.3963133640553,3253790.98386,7487114.80428,30.293450552864954,69.70654944713506,0.152,count,84.4505
SOL,143015,2026-04-11 02:42:32,SHORT,MODERATE,214,125,89,58.41121495327103,41.58878504672897,3278403.51868,7391338.67029,30.726173703326193,69.27382629667382,0.168,count,84.7505
SOL,143163,2026-04-11 03:47:40,SHORT,MODERATE,214,126,88,58.87850467289719,41.1214953271028,3292522.13338,7383754.1969,30.83961141059796,69.16038858940203,0.178,count,84.6185
SOL,143312,2026-04-11 04:52:49,SHORT,MODERATE,216,128,88,59.25925925925925,40.74074074074074,3263808.98608,6154452.41925,34.65404967665199,65.345950323348,0.185,count,84.3125
SOL,143462,2026-04-11 05:57:53,SHORT,MODERATE,219,126,93,57.534246575342465,42.465753424657535,3216016.82898,6190091.56138,34.19072687144437,65.80927312855563,0.151,count,84.0875
SOL,143539,2026-04-11 06:30:26,SHORT,MODERATE,215,123,92,57.20930232558139,42.7906976744186,3129360.42718,6121006.63195,33.829581109339436,66.17041889066057,0.144,count,83.9335
SOL,143690,2026-04-11 07:35:29,SHORT,MODERATE,215,123,92,57.20930232558139,42.7906976744186,3137045.06074,6041380.8225300005,34.17846481124892,65.82153518875108,0.144,count,84.2585
SOL,143843,2026-04-11 08:40:38,SHORT,MODERATE,214,123,91,57.476635514018696,42.523364485981304,3139317.09359,5955099.69602,34.51916891665381,65.48083108334619,0.15,count,84.3185
SOL,143920,2026-04-11 09:13:10,SHORT,MODERATE,215,123,92,57.20930232558139,42.7906976744186,3125247.89384,5944355.1090400005,34.4584861415389,65.54151385846112,0.144,count,84.1565
SOL,144070,2026-04-13 08:53:19,SHORT,MODERATE,225,125,100,55.55555555555556,44.44444444444444,3317804.07755,4140627.12055,44.483940247316276,55.51605975268371,0.111,count,81.7465
SOL,144216,2026-04-13 09:58:36,SHORT,MODERATE,224,126,98,56.25,43.75,3346570.78602,4136928.42117,44.719331069143166,55.280668930856834,0.125,count,81.8235
SOL,144289,2026-04-13 10:31:18,SHORT,MODERATE,224,126,98,56.25,43.75,3363592.46828,4130968.7809099997,44.880445384892035,55.119554615107965,0.125,count,81.7605
SOL,144433,2026-04-13 11:36:29,SHORT,MODERATE,225,127,98,56.44444444444444,43.55555555555555,3368781.86091,4104525.50937,45.07752316339938,54.92247683660063,0.129,count,81.8185
SOL,144576,2026-04-13 12:41:34,SHORT,MODERATE,224,127,97,56.69642857142857,43.30357142857143,3423559.48511,4266202.10521,44.52100946041856,55.47899053958144,0.134,count,82.0305
SOL,144716,2026-04-13 13:46:38,SHORT,MODERATE,222,127,95,57.20720720720721,42.792792792792795,3307390.34055,5007940.59128,39.77460870366256,60.22539129633745,0.144,count,82.5335
SOL,144861,2026-04-13 14:51:41,SHORT,MODERATE,222,126,96,56.75675675675676,43.24324324324324,3154203.3546,6285685.18903,33.41356563715409,66.5864343628459,0.135,count,83.1935
SOL,145011,2026-04-13 15:56:42,SHORT,MODERATE,214,118,96,55.140186915887845,44.85981308411215,1521296.39156,6646397.821140001,18.625775548679655,81.37422445132036,0.103,count,82.5605
SOL,145083,2026-04-13 16:29:15,SHORT,MODERATE,218,120,98,55.04587155963303,44.95412844036697,1536954.3893,6572774.30099,18.951982834397867,81.04801716560213,0.101,count,83.3455
SOL,145155,2026-04-13 17:01:48,SHORT,MODERATE,218,120,98,55.04587155963303,44.95412844036697,1595000.29395,7242045.72028,18.049021034649186,81.95097896535081,0.101,count,83.2355
SOL,145289,2026-04-14 07:47:10,SHORT,MODERATE,203,116,87,57.14285714285714,42.857142857142854,3193456.50751,7093217.97201,31.044595742462082,68.95540425753791,0.143,count,85.8185
SOL,145422,2026-04-14 08:52:20,SHORT,MODERATE,211,137,74,64.92890995260665,35.07109004739337,3262501.77154,7199423.87289,31.184524555256978,68.81547544474303,0.299,count,86.1365
SOL,145564,2026-04-14 09:57:25,SHORT,MODERATE,209,136,73,65.07177033492823,34.92822966507177,3283489.43572,7283628.30081,31.07270608303284,68.92729391696714,0.301,count,86.0905
SOL,145637,2026-04-14 10:29:57,SHORT,MODERATE,215,141,74,65.58139534883722,34.418604651162795,3298634.67002,7306772.65695,31.10332840900351,68.89667159099648,0.312,count,86.1965
SOL,145782,2026-04-14 11:35:07,SHORT,MODERATE,211,138,73,65.40284360189574,34.59715639810427,3273908.31851,7288638.93265,30.995443056128845,69.00455694387117,0.308,count,85.7335
SOL,145930,2026-04-14 12:40:15,SHORT,MODERATE,212,138,74,65.09433962264151,34.90566037735849,3277399.81077,7292085.83478,31.008129635427075,68.99187036457293,0.302,count,85.8735
SOL,146077,2026-04-14 13:45:21,SHORT,MODERATE,209,136,73,65.07177033492823,34.92822966507177,4197421.33925,7003125.90611,37.47514516300841,62.52485483699159,0.301,count,86.9925
SOL,146221,2026-04-14 14:50:29,SHORT,MODERATE,201,133,68,66.16915422885572,33.83084577114428,4421320.79482,6853364.0006800005,39.21458448740542,60.78541551259459,0.323,count,86.0935
SOL,146366,2026-04-14 15:55:32,SHORT,MODERATE,200,132,68,66.0,34.0,4005451.73535,6287235.82094,38.91550883522365,61.084491164776345,0.32,count,86.0935
SOL,146439,2026-04-14 16:28:08,SHORT,MODERATE,200,132,68,66.0,34.0,3988779.52888,6261444.3767,38.91407217659504,61.08592782340496,0.32,count,85.6745
SOL,146583,2026-04-14 17:33:16,SHORT,MODERATE,211,138,73,65.40284360189574,34.59715639810427,3892226.32639,6196595.49256,38.57959230758905,61.42040769241094,0.308,count,85.0405
SOL,146720,2026-04-14 18:38:20,SHORT,MODERATE,209,140,69,66.98564593301435,33.014354066985646,3897925.27634,6194060.4897,38.62396724197431,61.37603275802569,0.34,count,84.6155
SOL,146864,2026-04-14 19:43:31,SHORT,MODERATE,196,129,67,65.81632653061224,34.183673469387756,2987496.48793,5585229.28884,34.848851645591985,65.15114835440802,0.316,count,83.9465
SOL,147012,2026-04-14 20:48:43,SHORT,MODERATE,202,130,72,64.35643564356435,35.64356435643564,2987193.669,5432395.63933,35.47909000792464,64.52090999207536,0.287,count,83.6515
SOL,147151,2026-04-14 21:53:47,SHORT,MODERATE,201,130,71,64.6766169154229,35.32338308457712,2988056.30163,5954915.575,33.412341477204734,66.58765852279527,0.294,count,83.7105
SOL,147294,2026-04-14 22:58:51,SHORT,MODERATE,202,130,72,64.35643564356435,35.64356435643564,3011266.71411,5470571.20017,35.502526039082156,64.49747396091784,0.287,count,83.4885
SOL,147360,2026-04-14 23:31:28,SHORT,MODERATE,197,128,69,64.9746192893401,35.025380710659896,3003033.97876,5422211.03816,35.643283640168995,64.356716359831,0.299,count,83.7255
SOL,147508,2026-04-15 00:36:34,SHORT,MODERATE,199,128,71,64.321608040201,35.678391959798994,3022714.38078,5775018.37118,34.357879080909626,65.64212091909036,0.286,count,83.6975
SOL,147651,2026-04-15 01:41:40,SHORT,MODERATE,200,130,70,65.0,35.0,3036065.57221,5229786.83715,36.7302175486711,63.269782451328894,0.3,count,83.8225
SOL,147799,2026-04-15 02:46:48,SHORT,MODERATE,199,129,70,64.82412060301507,35.175879396984925,3048444.26491,5355271.46005,36.274956991414776,63.72504300858524,0.296,count,83.1925
SOL,147940,2026-04-15 03:51:58,SHORT,MODERATE,198,132,66,66.66666666666666,33.33333333333333,3159508.74611,5399836.57602,36.912972046368544,63.087027953631456,0.333,count,83.3535
SOL,148088,2026-04-15 04:57:07,SHORT,MODERATE,201,135,66,67.16417910447761,32.83582089552239,3237893.81152,5415160.97677,37.41908367322226,62.580916326777746,0.343,count,83.5265
SOL,148161,2026-04-15 05:29:42,SHORT,MODERATE,201,136,65,67.66169154228857,32.33830845771145,3655659.30071,5398487.86883,40.37552330724626,59.624476692753746,0.353,count,83.287
SOL,148309,2026-04-15 06:34:47,SHORT,MODERATE,203,136,67,66.99507389162561,33.004926108374384,3486081.9155200003,5396180.776000001,39.24767862189217,60.75232137810781,0.34,count,83.0045
SOL,148453,2026-04-15 07:39:55,SHORT,MODERATE,203,137,66,67.48768472906403,32.51231527093596,3415042.45822,4095417.63164,45.47048273155339,54.52951726844661,0.35,count,82.7615
SOL,148615,2026-04-15 08:59:48,SHORT,MODERATE,199,121,78,60.80402010050251,39.19597989949749,3454688.90068,4114107.6084499997,45.64383381839792,54.356166181602084,0.216,count,83.0865
SOL,148689,2026-04-15 09:32:25,SHORT,MODERATE,201,122,79,60.69651741293532,39.30348258706468,3464533.6262000003,4100370.87502,45.797453565227045,54.20254643477295,0.214,count,83.0095
SOL,148842,2026-04-15 10:37:31,SHORT,MODERATE,201,120,81,59.70149253731343,40.298507462686565,3169841.96244,4222711.38445,42.878851375127816,57.121148624872184,0.194,count,82.9245
SOL,148989,2026-04-15 11:42:40,SHORT,MODERATE,201,120,81,59.70149253731343,40.298507462686565,3236696.20471,4532209.22513,41.662190818773546,58.337809181226454,0.194,count,83.3195
SOL,149132,2026-04-15 12:47:47,SHORT,MODERATE,207,126,81,60.86956521739131,39.130434782608695,3288862.5001000003,4546000.60655,41.97728097263768,58.022719027362314,0.217,count,83.6905
SOL,149282,2026-04-15 13:52:54,SHORT,MODERATE,210,127,83,60.476190476190474,39.523809523809526,3545742.55602,4548788.56218,43.80417474765944,56.19582525234056,0.21,count,83.2925
SOL,149429,2026-04-15 14:58:00,SHORT,MODERATE,210,130,80,61.904761904761905,38.095238095238095,3887972.65425,4747594.59135,45.022782449305836,54.97721755069417,0.238,count,84.2505
SOL,149504,2026-04-15 15:30:34,SHORT,MODERATE,213,131,82,61.502347417840376,38.497652582159624,4104189.50184,5500830.80198,42.729628590245966,57.27037140975405,0.23,count,83.8145
SOL,149655,2026-04-15 16:35:37,SHORT,MODERATE,214,131,83,61.21495327102804,38.78504672897196,4433985.99252,4804504.566740001,47.994701775991864,52.00529822400814,0.224,count,84.5355
SOL,149734,2026-04-15 17:08:19,SHORT,MODERATE,211,129,82,61.137440758293835,38.862559241706165,4640877.233,4837648.54179,48.962015225440695,51.037984774559305,0.223,count,84.8415
SOL,149885,2026-04-16 07:35:43,SHORT,MODERATE,211,128,83,60.66350710900474,39.33649289099526,3466575.43412,5957826.77558,36.78297420872012,63.21702579127989,0.213,count,85.3995
SOL,150028,2026-04-16 08:41:01,SHORT,MODERATE,213,130,83,61.03286384976526,38.967136150234744,3671281.62627,5955889.01047,38.13458558903437,61.86541441096565,0.221,count,85.0455
SOL,150180,2026-04-16 09:46:07,SHORT,MODERATE,212,134,78,63.20754716981132,36.79245283018868,3460152.80411,5982536.5339,36.643721722176345,63.356278277823655,0.264,count,85.2525
SOL,150324,2026-04-16 10:51:22,SHORT,MODERATE,210,136,74,64.76190476190476,35.23809523809524,3774184.61014,5972915.24445,38.72110336863638,61.27889663136362,0.295,count,84.9555
SOL,150472,2026-04-16 11:56:29,SHORT,MODERATE,209,136,73,65.07177033492823,34.92822966507177,3908767.27557,5990577.81711,39.48510976206204,60.51489023793797,0.301,count,84.9895
SOL,150552,2026-04-16 12:29:02,SHORT,MODERATE,213,136,77,63.84976525821596,36.15023474178404,4025222.7399,6055697.2477,39.929121001369026,60.07087899863096,0.277,count,85.2195
SOL,150703,2026-04-16 13:34:11,SHORT,MODERATE,210,133,77,63.33333333333333,36.666666666666664,4047384.41542,6291530.99541,39.147088979762515,60.85291102023748,0.267,count,85.8925
SOL,150864,2026-04-16 14:39:18,SHORT,MODERATE,209,127,82,60.76555023923444,39.23444976076555,4585463.69087,5901529.61955,43.725246647328646,56.27475335267136,0.215,count,84.6985
SOL,151010,2026-04-16 15:44:24,SHORT,MODERATE,204,132,72,64.70588235294117,35.294117647058826,4816971.9396,5957297.97481,44.70810530890416,55.291894691095855,0.294,count,86.6745
SOL,151159,2026-04-16 16:49:30,SHORT,MODERATE,207,136,71,65.70048309178745,34.29951690821256,4860944.828410001,5869573.23591,45.30018773812149,54.6998122618785,0.314,count,86.1075
SOL,151238,2026-04-17 07:33:19,SHORT,MODERATE,204,132,72,64.70588235294117,35.294117647058826,3416502.83806,6412293.86475,34.76013332418647,65.23986667581352,0.294,count,88.0805
SOL,151388,2026-04-17 08:38:19,SHORT,MODERATE,206,135,71,65.53398058252428,34.46601941747573,3432220.69034,6441016.8784300005,34.76286948869178,65.23713051130822,0.311,count,88.5205
SOL,151538,2026-04-17 09:43:16,SHORT,MODERATE,205,142,63,69.26829268292683,30.73170731707317,3510663.38006,6431904.41832,35.3094235940942,64.6905764059058,0.385,count,88.4195
SOL,151699,2026-04-17 10:48:11,SHORT,MODERATE,204,137,67,67.15686274509804,32.84313725490196,3472689.88709,6339548.6047,35.39141338641162,64.60858661358837,0.343,count,87.5195
SOL,151849,2026-04-17 11:53:07,SHORT,MODERATE,207,142,65,68.59903381642512,31.40096618357488,3564012.97065,6134981.34239,36.746211572248214,63.2537884277518,0.372,count,88.2725
SOL,152004,2026-04-17 12:58:03,SHORT,MODERATE,204,142,62,69.6078431372549,30.392156862745097,3910518.30839,6226078.67325,38.5782162936236,61.42178370637641,0.392,count,88.7555
SOL,152081,2026-04-17 13:30:31,SHORT,STRONG,206,146,60,70.87378640776699,29.126213592233007,4781556.69275,5247816.97566,47.67552641707527,52.32447358292474,0.417,count,89.2365
SOL,152239,2026-04-17 14:35:27,SHORT,MODERATE,210,146,64,69.52380952380952,30.476190476190478,5846018.94586,5254447.4013600005,52.66462473735689,47.33537526264312,0.39,count,90.0565
SOL,152394,2026-04-17 15:40:23,SHORT,MODERATE,206,141,65,68.44660194174757,31.55339805825243,4441839.99488,5913943.77311,42.8923594234349,57.10764057656511,0.369,count,89.8095
SOL,152548,2026-04-17 16:45:18,SHORT,MODERATE,209,143,66,68.42105263157895,31.57894736842105,4918503.09646,5876995.58874,45.56068450272688,54.439315497273135,0.368,count,90.1425
SOL,152628,2026-04-17 17:17:45,SHORT,MODERATE,205,138,67,67.31707317073172,32.6829268292683,4589354.72538,6175168.4739,42.634073431946945,57.36592656805305,0.346,count,89.8165
SOL,152774,2026-04-18 07:57:08,SHORT,MODERATE,205,142,63,69.26829268292683,30.73170731707317,6048981.28166,5808448.7917,51.01426906366668,48.98573093633332,0.385,count,88.3505
SOL,152852,2026-04-18 08:29:48,SHORT,MODERATE,203,138,65,67.98029556650246,32.01970443349754,6038802.7019,5169911.86166,53.87596113413754,46.12403886586246,0.36,count,87.6195
SOL,152939,2026-04-21 09:27:42,SHORT,MODERATE,223,142,81,63.67713004484305,36.32286995515695,4626763.8293699995,4948712.93972,48.31888730914545,51.68111269085453,0.274,count,85.5745
SOL,153017,2026-04-21 10:00:23,SHORT,MODERATE,219,140,79,63.926940639269404,36.07305936073059,4639687.04917,4835234.48007,48.968078889642875,51.031921110357125,0.279,count,85.8425
SOL,153097,2026-04-22 06:59:34,SHORT,MODERATE,198,121,77,61.111111111111114,38.88888888888889,3934485.42258,4075716.0957,49.118432458923174,50.88156754107683,0.222,count,87.7785
SOL,153165,2026-04-22 07:32:03,SHORT,MODERATE,199,123,76,61.80904522613066,38.19095477386934,3941047.28817,3936757.28785,50.02722840023893,49.97277159976106,0.236,count,87.7915
SOL,153239,2026-04-22 08:06:39,SHORT,MODERATE,196,120,76,61.224489795918366,38.775510204081634,3948358.9869899997,4001311.78046,49.66694977050612,50.33305022949388,0.224,count,87.972
SOL,153308,2026-04-22 15:29:58,SHORT,MODERATE,197,125,72,63.45177664974619,36.54822335025381,1848672.76342,5106652.17303,26.57924367748609,73.42075632251391,0.269,count,88.0925
SOL,153458,2026-04-22 16:34:55,SHORT,MODERATE,200,128,72,64.0,36.0,1856370.7531,5620862.22626,24.826974874586462,75.17302512541353,0.28,count,87.9295
SOL,153609,2026-04-22 17:39:52,SHORT,MODERATE,198,127,71,64.14141414141415,35.858585858585855,1906120.11484,5224987.11723,26.72965155071292,73.27034844928708,0.283,count,87.8755
SOL,153756,2026-04-23 07:35:09,SHORT,MODERATE,192,129,63,67.1875,32.8125,1609089.95714,3568040.5633799997,31.080729967348407,68.9192700326516,0.344,count,86.0985
SOL,153898,2026-04-23 08:40:32,SHORT,MODERATE,194,129,65,66.49484536082474,33.50515463917525,1628059.79568,3610902.19891,31.07599935562067,68.92400064437933,0.33,count,85.6005
SOL,154041,2026-04-23 09:45:44,SHORT,MODERATE,193,131,62,67.87564766839378,32.12435233160622,1670408.04584,2950522.0061999997,36.14874120638476,63.85125879361524,0.358,count,85.5715
SOL,154187,2026-04-23 10:51:27,SHORT,MODERATE,195,133,62,68.2051282051282,31.794871794871792,1686114.64169,2961143.13721,36.2819262866262,63.718073713373805,0.364,count,85.3555
SOL,154315,2026-04-23 12:41:43,SHORT,MODERATE,201,139,62,69.15422885572139,30.845771144278604,3299695.33694,3021123.80021,52.203603130270906,47.796396869729094,0.383,count,85.9445
SOL,154462,2026-04-23 13:47:01,SHORT,MODERATE,200,138,62,69.0,31.0,3159917.94661,2705293.21621,53.875604115346256,46.124395884653744,0.38,count,85.9325
SOL,154610,2026-04-23 14:52:11,SHORT,MODERATE,198,138,60,69.6969696969697,30.303030303030305,3172846.93698,2742802.28786,53.634805181773025,46.365194818226975,0.394,count,86.0675
SOL,154762,2026-04-23 15:57:19,SHORT,MODERATE,202,138,64,68.31683168316832,31.683168316831683,3271048.84397,3121179.3835899998,51.172278703487464,48.827721296512536,0.366,count,86.2255
SOL,154835,2026-04-23 16:29:55,SHORT,MODERATE,201,138,63,68.65671641791045,31.343283582089555,3270486.69471,3119432.14034,51.181975532626765,48.81802446737324,0.373,count,86.0675
SOL,154918,2026-04-28 07:54:29,SHORT,MODERATE,210,134,76,63.8095238095238,36.19047619047619,2827316.87382,2455106.20396,53.523105442137606,46.476894557862394,0.276,count,83.9525
SOL,154990,2026-04-28 08:27:11,SHORT,MODERATE,215,137,78,63.72093023255814,36.27906976744186,4402848.20906,3502826.60854,55.692250321985966,44.30774967801403,0.274,count,84.0305
SOL,155137,2026-04-28 09:32:51,SHORT,MODERATE,212,135,77,63.67924528301887,36.32075471698113,4384114.9719,3481573.09883,55.737208652022204,44.262791347977796,0.274,count,83.7905
SOL,155288,2026-04-28 10:38:17,SHORT,MODERATE,212,135,77,63.67924528301887,36.32075471698113,4377062.35909,3023939.7855,59.14148210711646,40.85851789288355,0.274,count,83.7155
SOL,155362,2026-04-28 13:55:16,SHORT,MODERATE,213,136,77,63.84976525821596,36.15023474178404,5079217.38274,1890110.76879,72.87958426272326,27.120415737276733,0.277,count,83.4725
SOL,155427,2026-04-28 18:39:45,SHORT,MODERATE,70,42,28,60.0,40.0,379805.32050000003,29760.54582,92.73363620669804,7.266363793301962,0.2,count,83.6695
SOL,155492,2026-04-29 07:39:49,SHORT,MODERATE,205,131,74,63.90243902439025,36.09756097560975,2889519.61583,1108786.98031,72.26858537110604,27.73141462889396,0.278,count,84.7475
SOL,155631,2026-04-29 08:45:33,SHORT,MODERATE,219,140,79,63.926940639269404,36.07305936073059,4545343.9118,2274717.90177,66.6466673770617,33.35333262293829,0.279,count,84.4245
SOL,155779,2026-04-29 09:51:24,SHORT,MODERATE,215,137,78,63.72093023255814,36.27906976744186,4475784.92308,2290106.2099200003,66.15218653533721,33.8478134646628,0.274,count,85.3455
SOL,155928,2026-04-29 10:57:16,SHORT,MODERATE,209,131,78,62.67942583732058,37.32057416267943,3530543.90603,2541251.8259,58.14661859363589,41.85338140636411,0.254,count,85.2265
SOL,156004,2026-04-29 11:29:57,SHORT,MODERATE,209,129,80,61.72248803827751,38.27751196172249,3469491.75227,2543438.75787,57.700513026371546,42.29948697362845,0.234,count,84.8765
SOL,156151,2026-04-29 14:41:10,SHORT,MODERATE,213,132,81,61.97183098591549,38.028169014084504,4072484.76054,2350471.18145,63.405148615704775,36.594851384295225,0.239,count,83.8275
SOL,156299,2026-04-29 15:46:32,SHORT,MODERATE,211,132,79,62.55924170616114,37.44075829383886,4734225.28786,1658803.9275200001,74.05292746779037,25.94707253220962,0.251,count,83.2065
SOL,156377,2026-04-29 16:19:17,SHORT,MODERATE,210,128,82,60.952380952380956,39.04761904761905,5031859.5964,1740079.18902,74.30456411144183,25.695435888558155,0.219,count,83.2625
SOL,156518,2026-05-04 13:50:38,SHORT,MODERATE,197,124,73,62.944162436548226,37.055837563451774,4129268.70906,2050681.37406,66.81718547110503,33.18281452889497,0.259,count,83.9795
SOL,156657,2026-05-04 14:55:59,SHORT,MODERATE,194,121,73,62.371134020618555,37.628865979381445,4937688.02673,2161795.8917,69.54995720057823,30.450042799421755,0.247,count,85.1795
SOL,156727,2026-05-04 15:28:43,SHORT,MODERATE,189,115,74,60.84656084656085,39.15343915343915,5555158.57693,1712062.3785,76.44130556921125,23.558694430788744,0.217,count,84.5065
SOL,156776,2026-05-06 13:32:24,SHORT,STRONG,206,154,52,74.75728155339806,25.24271844660194,4633827.96055,3047544.05457,60.325524547291565,39.67447545270844,0.495,count,88.7155
SOL,156918,2026-05-06 14:38:19,SHORT,STRONG,204,154,50,75.49019607843137,24.509803921568626,4519734.21075,2973784.91418,60.31524221661635,39.68475778338364,0.51,count,88.3755
SOL,157057,2026-05-06 15:44:05,SHORT,STRONG,204,154,50,75.49019607843137,24.509803921568626,4568891.01003,3029638.26625,60.12862284142946,39.87137715857055,0.51,count,88.5825
SOL,157198,2026-05-06 16:49:32,SHORT,STRONG,208,157,51,75.48076923076923,24.519230769230766,4617115.14692,3661167.62217,55.77382744353322,44.22617255646678,0.51,count,89.2475
SOL,157267,2026-05-06 17:22:06,SHORT,STRONG,210,159,51,75.71428571428571,24.285714285714285,5597464.49087,4342763.77068,56.31122690131439,43.6887730986856,0.514,count,89.0645
SOL,157426,2026-05-07 14:46:23,SHORT,STRONG,214,156,58,72.89719626168224,27.102803738317753,9018347.54052,2981423.4108,75.1543306710197,24.845669328980293,0.458,count,87.9745
SOL,157583,2026-05-07 15:52:28,SHORT,STRONG,215,156,59,72.55813953488372,27.44186046511628,9092482.42165,2997797.51708,75.20489573217527,24.795104267824737,0.451,count,88.4065
SOL,157738,2026-05-07 16:58:06,SHORT,STRONG,214,154,60,71.96261682242991,28.037383177570092,9099014.83704,3517718.62134,72.11862616465484,27.881373835345162,0.439,count,88.2675
SOL,157816,2026-05-07 17:30:43,SHORT,STRONG,213,153,60,71.83098591549296,28.169014084507044,4649882.17834,2391502.25207,66.03647655222896,33.963523447771045,0.437,count,88.102
SOL,157892,2026-05-07 18:03:20,SHORT,STRONG,215,155,60,72.09302325581395,27.906976744186046,2236291.08323,2450714.52611,47.71257535458557,52.287424645414426,0.442,count,88.8665
SOL,158042,2026-05-08 09:37:38,SHORT,STRONG,210,158,52,75.23809523809524,24.761904761904763,4905950.85555,2218293.7737600002,68.8627512223026,31.13724877769739,0.505,count,88.4655
SOL,158118,2026-05-08 10:10:57,SHORT,STRONG,210,159,51,75.71428571428571,24.285714285714285,5109984.57849,2037755.5072899999,71.49091205283202,28.50908794716797,0.514,count,88.3305
SOL,158198,2026-05-08 14:50:50,SHORT,STRONG,209,160,49,76.55502392344498,23.444976076555022,6484406.40477,2236560.50779,74.35421404283863,25.645785957161348,0.531,count,89.1365
SOL,158281,2026-05-08 15:23:25,SHORT,STRONG,207,158,49,76.32850241545893,23.67149758454106,6577653.49347,2225160.10055,74.72217176038336,25.27782823961664,0.527,count,88.7055
SOL,158379,2026-05-11 07:39:39,SHORT,STRONG,222,156,66,70.27027027027027,29.72972972972973,3183533.84816,6360971.5594,33.35462354747466,66.64537645252534,0.405,count,95.3535
SOL,158532,2026-05-11 08:45:01,SHORT,STRONG,224,159,65,70.98214285714286,29.017857142857146,3187729.39181,6271780.654060001,33.69867335995647,66.30132664004353,0.42,count,94.9225
SOL,158611,2026-05-11 09:17:37,SHORT,STRONG,228,161,67,70.6140350877193,29.385964912280706,3203870.52649,6324515.709949999,33.62448212098329,66.37551787901671,0.412,count,95.2325
SOL,158687,2026-05-11 15:36:11,SHORT,STRONG,161,114,47,70.80745341614907,29.19254658385093,1315731.62581,255549.88562000002,83.73621252709657,16.26378747290343,0.416,count,96.0725
SOL,158762,2026-05-11 16:08:45,SHORT,STRONG,229,162,67,70.74235807860262,29.257641921397383,7335493.60228,6592321.74505,52.6679412337717,47.3320587662283,0.415,count,97.141
SOL,158919,2026-05-12 08:53:32,SHORT,STRONG,228,161,67,70.6140350877193,29.385964912280706,7252017.65239,6581442.50459,52.423743373640484,47.57625662635951,0.412,count,95.5755
SOL,159076,2026-05-12 09:58:50,SHORT,STRONG,227,160,67,70.48458149779736,29.515418502202646,7225850.0757,6508905.53301,52.609964687814845,47.390035312185155,0.41,count,95.7185
SOL,159153,2026-05-12 10:31:24,SHORT,STRONG,225,158,67,70.22222222222221,29.777777777777775,7168244.34535,6556432.53339,52.22887510345586,47.77112489654412,0.404,count,95.3085
SOL,159306,2026-05-12 13:40:12,SHORT,MODERATE,221,152,69,68.77828054298642,31.221719457013574,7282122.85925,6641452.74594,52.30066662284359,47.6993333771564,0.376,count,95.0925
SOL,159458,2026-05-12 14:45:21,SHORT,MODERATE,227,152,75,66.96035242290749,33.03964757709251,7285584.67403,6690001.57047,52.130798283307755,47.86920171669225,0.339,count,94.8805
SOL,159611,2026-05-12 15:50:28,SHORT,MODERATE,209,139,70,66.50717703349282,33.49282296650718,7215987.36738,6110631.20284,54.14717416393253,45.85282583606746,0.33,count,93.9185
SOL,159683,2026-05-12 16:23:01,SHORT,MODERATE,211,142,69,67.29857819905213,32.70142180094787,7236257.92222,6056115.4425,54.439171423111986,45.56082857688801,0.346,count,94.1595
SOL,159747,2026-05-13 18:28:38,SHORT,STRONG,207,148,59,71.49758454106279,28.502415458937197,10200527.68408,3847266.13864,72.61302246323064,27.386977536769365,0.43,count,91.2535
SOL,159817,2026-05-13 19:01:18,SHORT,STRONG,206,148,58,71.84466019417476,28.155339805825243,10145352.48822,3944858.54963,72.00284268962987,27.997157310370124,0.437,count,90.8485
SOL,159969,2026-05-18 07:56:55,SHORT,MODERATE,183,112,71,61.20218579234973,38.79781420765027,5354501.19398,2016724.5325399998,72.6405809920556,27.359419007944393,0.224,count,84.6985
SOL,160037,2026-05-18 08:29:30,SHORT,MODERATE,182,111,71,60.98901098901099,39.010989010989015,5330219.76247,2018245.12072,72.53514641763013,27.46485358236986,0.22,count,84.8195
SOL,160168,2026-05-18 09:35:37,SHORT,MODERATE,181,109,72,60.22099447513812,39.77900552486188,2672991.49642,2035349.8773100001,56.771403860685375,43.22859613931463,0.204,count,84.6275
SOL,160300,2026-05-18 10:40:43,SHORT,MODERATE,184,112,72,60.86956521739131,39.130434782608695,5165095.93593,2200710.06331,70.12261708308543,29.87738291691457,0.217,count,84.3635
SOL,160331,2026-05-18 12:43:21,SHORT,MODERATE,29,17,12,58.620689655172406,41.37931034482759,334640.36462,138931.83452,70.66300877198913,29.336991228010874,0.167,count,85.6725
SOL,160442,2026-05-18 13:48:30,SHORT,MODERATE,188,116,72,61.702127659574465,38.297872340425535,4828916.90909,3537330.30002,57.719032062927766,42.280967937072234,0.234,count,84.8175
SOL,160583,2026-05-18 14:53:36,SHORT,MODERATE,186,113,73,60.752688172043015,39.247311827956985,4821523.89484,3208524.31934,60.04352360333065,39.956476396669345,0.215,count,83.9325
SOL,160722,2026-05-18 15:58:47,SHORT,MODERATE,188,114,74,60.63829787234043,39.361702127659576,5114743.59706,3424412.56426,59.89752969067792,40.10247030932208,0.213,count,84.2485
SOL,160794,2026-05-18 16:31:22,SHORT,MODERATE,193,115,78,59.58549222797927,40.41450777202073,4813406.08342,3566721.60014,57.43833823514244,42.561661764857554,0.192,count,84.0435
SOL,160862,2026-05-18 17:03:57,SHORT,MODERATE,195,115,80,58.97435897435898,41.02564102564102,4823363.33937,3660193.15693,56.855439596278416,43.144560403721584,0.179,count,84.4215
SOL,160991,2026-05-19 08:57:13,SHORT,MODERATE,188,116,72,61.702127659574465,38.297872340425535,4741383.67279,6766904.00593,41.19973192499613,58.800268075003856,0.234,count,85.2855
SOL,161059,2026-05-19 09:29:54,SHORT,MODERATE,185,113,72,61.08108108108108,38.91891891891892,4702625.976749999,6710210.96409,41.20470660473557,58.79529339526444,0.222,count,84.7075
SOL,161199,2026-05-19 10:34:57,SHORT,MODERATE,187,113,74,60.42780748663101,39.57219251336899,4689167.31619,6626110.293819999,41.44102758947561,58.558972410524404,0.209,count,84.7425
SOL,161268,2026-05-19 11:07:31,SHORT,MODERATE,187,113,74,60.42780748663101,39.57219251336899,4718273.40106,6570598.60042,41.79579147005496,58.20420852994504,0.209,count,84.6915
SOL,161338,2026-05-19 13:43:27,SHORT,MODERATE,187,115,72,61.49732620320856,38.50267379679144,4705040.57076,6310885.83221,42.711256399565954,57.288743600434046,0.23,count,84.718
SOL,161473,2026-05-19 14:48:35,SHORT,MODERATE,187,116,71,62.03208556149733,37.967914438502675,4739101.3187299995,6333759.20793,42.79925053981958,57.20074946018041,0.241,count,83.7335
SOL,161612,2026-05-19 15:53:43,SHORT,MODERATE,189,117,72,61.904761904761905,38.095238095238095,4806289.34083,6524453.65451,42.41813041569017,57.58186958430982,0.238,count,84.3575
SOL,161692,2026-05-20 07:34:04,SHORT,MODERATE,192,115,77,59.895833333333336,40.10416666666667,5433030.63152,6771807.4857,44.515384631398355,55.48461536860165,0.198,count,84.9095
SOL,161834,2026-05-20 08:39:12,SHORT,MODERATE,191,113,78,59.16230366492147,40.83769633507853,5432573.5727,6749880.23628,44.59342639736102,55.406573602638986,0.183,count,85.0455
SOL,161974,2026-05-20 09:44:16,SHORT,MODERATE,191,114,77,59.68586387434554,40.31413612565445,5501746.4027,6654506.67241,45.258570784157655,54.74142921584235,0.194,count,84.9345
SOL,162114,2026-05-20 10:49:22,SHORT,MODERATE,192,114,78,59.375,40.625,5520609.96542,6656294.58266,45.33672694585148,54.66327305414851,0.188,count,84.9805
SOL,162212,2026-05-20 14:47:23,SHORT,MODERATE,17,10,7,58.82352941176471,41.17647058823529,4418922.60569,5353815.10845,45.2168341660939,54.7831658339061,0.1,count,84.6045
SOL,162322,2026-05-20 15:52:25,SHORT,MODERATE,189,117,72,61.904761904761905,38.095238095238095,6330145.867930001,6143794.23681,50.74696378832695,49.25303621167305,0.238,count,86.0085
SOL,162391,2026-05-20 16:24:57,SHORT,MODERATE,189,118,71,62.43386243386243,37.56613756613756,6242774.4914,6311824.97485,49.724999257699835,50.27500074230017,0.249,count,85.8365
SOL,162534,2026-05-21 07:51:19,SHORT,MODERATE,189,121,68,64.02116402116403,35.978835978835974,6013176.08318,6573406.6444,47.77449299247678,52.22550700752322,0.28,count,86.6175
SOL,162681,2026-05-21 08:56:25,SHORT,MODERATE,186,122,64,65.59139784946237,34.40860215053764,6030778.28088,6524704.3351300005,48.03302641023064,51.96697358976936,0.312,count,86.7595
SOL,162754,2026-05-21 09:29:09,SHORT,MODERATE,185,120,65,64.86486486486487,35.13513513513514,6040642.22912,6543884.92452,48.00054984483688,51.99945015516312,0.297,count,86.9035
SOL,162903,2026-05-21 10:34:20,SHORT,MODERATE,185,118,67,63.78378378378379,36.21621621621622,6051015.66887,6688815.6452399995,47.49682723167769,52.5031727683223,0.276,count,86.0225
SOL,162981,2026-05-21 13:51:21,SHORT,MODERATE,190,118,72,62.10526315789474,37.89473684210527,5884464.12528,6828191.50719,46.288236662764696,53.7117633372353,0.242,count,85.5465
SOL,163121,2026-05-21 14:56:24,SHORT,MODERATE,184,115,69,62.5,37.5,5890370.1599200005,6728790.85682,46.677985581657175,53.322014418342825,0.25,count,85.9835
SOL,163191,2026-05-21 15:28:58,SHORT,MODERATE,186,119,67,63.97849462365591,36.02150537634409,6124710.71015,6757370.0899600005,47.544420852395994,52.455579147604006,0.28,count,86.7635
SOL,163333,2026-05-21 16:34:04,SHORT,MODERATE,190,120,70,63.1578947368421,36.84210526315789,6301345.561,6604951.69419,48.82380621185557,51.17619378814443,0.263,count,86.4995
SOL,163474,2026-05-22 07:39:43,SHORT,MODERATE,198,124,74,62.62626262626263,37.37373737373738,5893965.44398,6268740.53639,48.45932684299502,51.54067315700498,0.253,count,87.0115
SOL,163615,2026-05-22 08:44:46,SHORT,MODERATE,196,122,74,62.244897959183675,37.755102040816325,5888667.23659,6226906.89943,48.60411211617944,51.395887883820556,0.245,count,87.1035
SOL,163754,2026-05-22 09:49:50,SHORT,MODERATE,196,121,75,61.73469387755102,38.265306122448976,5875559.0562700005,6305367.94022,48.235729989705,51.764270010294986,0.235,count,87.2045
SOL,163825,2026-05-22 13:45:49,SHORT,MODERATE,189,117,72,61.904761904761905,38.095238095238095,5855771.5247599995,6022801.49843,49.29692744514044,50.70307255485956,0.238,count,87.2895
SOL,163963,2026-05-22 14:50:57,SHORT,MODERATE,191,118,73,61.78010471204188,38.21989528795812,5845679.51882,6050287.82283,49.14000981116673,50.85999018883327,0.236,count,86.5315
SOL,164100,2026-05-22 15:56:04,SHORT,MODERATE,195,120,75,61.53846153846154,38.46153846153847,5842766.4168,6085813.9628099995,48.98123859556058,51.01876140443943,0.231,count,86.7785
SOL,164170,2026-05-22 16:28:36,SHORT,MODERATE,198,121,77,61.111111111111114,38.88888888888889,5851082.56468,6056075.3708,49.13920346387118,50.86079653612883,0.222,count,86.6785
SOL,164244,2026-05-23 07:47:30,SHORT,MODERATE,183,104,79,56.830601092896174,43.169398907103826,4614010.94235,5718345.278659999,44.65594142958202,55.34405857041798,0.137,count,82.8255
SOL,164373,2026-05-23 08:52:36,SHORT,MODERATE,179,105,74,58.659217877094974,41.340782122905026,4948674.286710001,5045840.38176,49.5139028843665,50.4860971156335,0.173,count,82.0375
SOL,164513,2026-05-23 09:57:44,SHORT,MODERATE,179,106,73,59.217877094972074,40.78212290502793,4907643.04403,4964400.0378,49.712536739864596,50.287463260135404,0.184,count,81.9755
SOL,164581,2026-05-23 10:30:17,SHORT,MODERATE,181,108,73,59.66850828729282,40.331491712707184,4936297.76217,4957728.84354,49.891696868100034,50.108303131899966,0.193,count,82.2215
SOL,164643,2026-05-25 07:29:47,SHORT,MODERATE,174,108,66,62.06896551724138,37.93103448275862,4902275.2413,5272020.19345,48.182945666747855,51.817054333252145,0.241,count,85.6035
SOL,164781,2026-05-25 08:34:56,SHORT,MODERATE,175,108,67,61.71428571428571,38.285714285714285,5087468.18119,5336018.69214,48.80773816876024,51.19226183123975,0.234,count,85.8675
SOL,164916,2026-05-25 09:40:03,SHORT,MODERATE,177,112,65,63.2768361581921,36.72316384180791,4657865.29442,5251119.877309999,47.00648162950866,52.99351837049133,0.266,count,85.9835
SOL,165052,2026-05-25 10:45:17,SHORT,MODERATE,177,112,65,63.2768361581921,36.72316384180791,4656939.17994,5275560.299509999,46.885873888793526,53.11412611120648,0.266,count,85.9395
SOL,165119,2026-05-25 11:17:53,SHORT,MODERATE,175,112,63,64.0,36.0,4657612.02597,5233839.599570001,47.0872446461136,52.91275535388641,0.28,count,85.9295
SOL,165188,2026-05-25 13:53:44,SHORT,MODERATE,178,112,66,62.92134831460674,37.07865168539326,4711202.5922,5220122.86096,47.43780288361173,52.562197116388276,0.258,count,85.8715
SOL,165325,2026-05-25 15:39:58,SHORT,MODERATE,174,108,66,62.06896551724138,37.93103448275862,4739164.47155,5183439.14476,47.76129990479648,52.23870009520352,0.241,count,86.2515
SOL,165470,2026-05-26 07:34:22,SHORT,MODERATE,182,108,74,59.34065934065934,40.65934065934066,4909421.14954,4407482.95691,52.693696247675845,47.30630375232416,0.187,count,84.1325
SOL,165604,2026-05-26 08:39:37,SHORT,MODERATE,178,105,73,58.98876404494382,41.01123595505618,4921034.94612,4379320.94246,52.91232943206602,47.08767056793398,0.18,count,84.4995
SOL,165738,2026-05-26 09:44:38,SHORT,MODERATE,177,107,70,60.451977401129945,39.548022598870055,4934182.57446,4321456.44303,53.310015279723835,46.689984720276165,0.209,count,84.4675
SOL,165874,2026-05-26 10:49:53,SHORT,MODERATE,174,106,68,60.91954022988506,39.08045977011494,5041966.89464,3764304.55406,57.25427525158,42.74572474842,0.218,count,85.6265
SOL,165905,2026-05-26 13:32:12,SHORT,MODERATE,39,23,16,58.97435897435898,41.02564102564102,652094.41218,174132.34960000002,78.92438763120501,21.075612368794992,0.179,count,84.7955
SOL,166029,2026-05-26 14:37:17,SHORT,MODERATE,172,105,67,61.04651162790697,38.95348837209303,4529543.19922,3210848.34421,58.51826969999535,41.48173030000465,0.221,count,85.4905
SOL,166095,2026-05-26 15:09:50,SHORT,MODERATE,176,108,68,61.36363636363637,38.63636363636363,4513367.16038,3379661.8815,57.181686985215805,42.818313014784195,0.227,count,85.0625
SOL,166167,2026-05-27 06:59:56,SHORT,MODERATE,181,111,70,61.32596685082873,38.67403314917127,5317881.3455,2556825.17366,67.53116871798369,32.46883128201631,0.227,count,83.9965
SOL,166236,2026-05-27 07:32:30,SHORT,MODERATE,182,112,70,61.53846153846154,38.46153846153847,5330498.39134,2593261.40838,67.27233694701805,32.72766305298197,0.231,count,84.0095
SOL,166373,2026-05-27 08:37:39,SHORT,MODERATE,179,111,68,62.01117318435754,37.988826815642454,5345607.99331,2584741.05908,67.40696983191393,32.59303016808606,0.24,count,84.2715
SOL,166508,2026-05-27 09:42:45,SHORT,MODERATE,178,111,67,62.35955056179775,37.640449438202246,5353668.70686,2603694.6519,67.27942995045365,32.720570049546346,0.247,count,83.7865
SOL,166647,2026-05-27 10:47:54,SHORT,MODERATE,178,111,67,62.35955056179775,37.640449438202246,5357912.04134,2688946.1600099998,66.58390029093736,33.41609970906263,0.247,count,83.8175
SOL,166714,2026-05-27 12:42:41,SHORT,MODERATE,177,111,66,62.71186440677966,37.28813559322034,5403408.73361,2811552.87728,65.77521587498447,34.22478412501552,0.254,count,84.3065
SOL,166858,2026-05-27 13:47:43,SHORT,MODERATE,182,110,72,60.43956043956044,39.56043956043956,5338348.9366,2844906.01178,65.23503141811325,34.764968581886755,0.209,count,83.1595
SOL,166999,2026-05-27 14:52:51,SHORT,MODERATE,179,109,70,60.893854748603346,39.10614525139665,5448973.19041,3278776.67471,62.4327378146633,37.56726218533669,0.218,count,83.7075
SOL,167068,2026-05-27 15:25:24,SHORT,MODERATE,177,107,70,60.451977401129945,39.548022598870055,5385820.72871,3674151.92861,59.44632431488112,40.553675685118876,0.209,count,84.4155
SOL,167144,2026-05-28 06:55:18,SHORT,MODERATE,158,90,68,56.9620253164557,43.037974683544306,2188229.91165,2668758.0101199998,45.05322942727348,54.94677057272652,0.139,count,80.9245
SOL,167274,2026-05-28 07:52:45,SHORT,MODERATE,164,97,67,59.14634146341463,40.853658536585364,5540301.01831,4109748.25878,57.412152614216424,42.58784738578357,0.183,count,81.0395
SOL,167408,2026-06-04 14:33:12,SHORT,MODERATE,162,92,70,56.79012345679012,43.20987654320987,3829785.7024,8564004.09523,30.90084441429166,69.09915558570833,0.136,count,69.8275
SOL,167540,2026-06-05 07:42:47,SHORT,MODERATE,155,83,72,53.5483870967742,46.45161290322581,3241994.1548,5536084.01472,36.9328467141832,63.0671532858168,0.071,count,66.0795
SOL,167669,2026-06-05 08:47:50,SHORT,MODERATE,162,84,78,51.85185185185185,48.148148148148145,3221324.52538,5644999.8575100005,36.33213027482309,63.66786972517689,0.037,count,65.3035
SOL,167794,2026-06-05 09:52:52,SHORT,MODERATE,163,86,77,52.760736196319016,47.239263803680984,3303607.81335,5888952.39788,35.9378425317702,64.0621574682298,0.055,count,66.4495
SOL,167854,2026-06-05 10:25:27,SHORT,MODERATE,164,88,76,53.65853658536586,46.34146341463415,3312297.39377,6147187.07726,35.01562272144984,64.98437727855016,0.073,count,66.4345
SOL,167978,2026-06-08 14:45:55,SHORT,MODERATE,158,91,67,57.59493670886076,42.405063291139236,3570769.9034200003,2101402.15672,62.95242572969245,37.047574270307535,0.152,count,66.877
SOL,168045,2026-06-09 08:36:37,SHORT,MODERATE,156,88,68,56.41025641025641,43.58974358974359,4089483.3370999997,1895711.5551399998,68.32665286141557,31.67334713858444,0.128,count,66.6355
SOL,168168,2026-06-09 09:41:44,SHORT,MODERATE,158,90,68,56.9620253164557,43.037974683544306,4074886.0753200003,1898377.5378,68.2187550934417,31.781244906558292,0.139,count,66.1485
SOL,168297,2026-06-09 10:46:46,SHORT,MODERATE,160,91,69,56.875,43.125,4116692.9514900004,1911321.25582,68.29268827033958,31.707311729660415,0.138,count,66.1695
SOL,168419,2026-06-12 07:53:19,SHORT,MODERATE,150,83,67,55.333333333333336,44.666666666666664,3341888.9071500003,2084631.8126100001,61.58437569363602,38.41562430636397,0.107,count,66.1795
SOL,168542,2026-06-12 08:58:29,SHORT,MODERATE,152,85,67,55.92105263157895,44.07894736842105,3395709.49832,2153539.91766,61.19223058422065,38.80776941577933,0.118,count,66.9165
SOL,168605,2026-06-15 07:50:44,SHORT,MODERATE,164,93,71,56.70731707317073,43.292682926829265,5197922.505700001,4501198.07169,53.591688692035454,46.408311307964546,0.134,count,71.2395
SOL,168741,2026-06-15 08:55:53,SHORT,MODERATE,163,91,72,55.828220858895705,44.171779141104295,4958069.00969,4390756.07246,53.034140291667164,46.96585970833282,0.117,count,71.3125
SOL,168806,2026-06-15 09:28:28,SHORT,MODERATE,163,91,72,55.828220858895705,44.171779141104295,5037704.82286,4491288.92469,52.86712276577204,47.13287723422796,0.117,count,71.2435
SOL,168869,2026-06-15 10:01:05,SHORT,MODERATE,163,91,72,55.828220858895705,44.171779141104295,5037179.83389,4400029.89533,53.375732641541404,46.6242673584586,0.117,count,71.2495
SOL,168916,2026-06-15 18:47:12,SHORT,MODERATE,170,104,66,61.1764705882353,38.82352941176471,5935008.87367,3361625.66638,63.840402116506986,36.159597883493014,0.224,count,75.4365
SOL,168980,2026-06-15 19:19:44,SHORT,MODERATE,168,103,65,61.30952380952381,38.69047619047619,5822580.095939999,3446492.43838,62.817289155750004,37.18271084424999,0.226,count,74.7315
SOL,169046,2026-06-17 07:37:16,SHORT,MODERATE,169,109,60,64.49704142011834,35.50295857988166,4966614.78072,3339472.0881000003,59.79488126188571,40.20511873811429,0.29,count,73.2005
SOL,169182,2026-06-17 08:42:25,SHORT,MODERATE,170,108,62,63.52941176470588,36.470588235294116,4887784.950010001,3631716.4735,57.37172525755918,42.62827474244082,0.271,count,72.5255
SOL,169247,2026-06-17 09:57:15,SHORT,MODERATE,147,96,51,65.3061224489796,34.69387755102041,1897991.90567,1542824.05727,55.16109917277481,44.83890082722519,0.306,count,72.3835
SOL,169310,2026-06-17 10:29:52,SHORT,MODERATE,168,108,60,64.28571428571429,35.714285714285715,4860776.78321,3501542.7113200002,58.12713549619283,41.87286450380718,0.286,count,72.4105
SOL,169377,2026-06-17 11:02:29,SHORT,MODERATE,169,108,61,63.905325443786985,36.09467455621302,4818634.41501,3581189.60879,57.36589720638094,42.63410279361905,0.278,count,71.9855
SOL,169512,2026-06-17 14:52:17,SHORT,MODERATE,165,105,60,63.63636363636363,36.36363636363637,4847493.0541900005,3493676.07765,58.1152711037365,41.8847288962635,0.273,count,72.3835
SOL,169645,2026-06-17 15:57:21,SHORT,MODERATE,166,105,61,63.25301204819277,36.74698795180723,4772328.59663,3493570.98907,57.73513877287022,42.26486122712978,0.265,count,73.7285
SOL,169707,2026-06-17 16:29:53,SHORT,MODERATE,166,106,60,63.85542168674698,36.144578313253014,4853321.58256,3466755.98981,58.332648227671704,41.667351772328296,0.277,count,74.5405
SOL,169837,2026-06-17 17:35:00,SHORT,MODERATE,165,106,59,64.24242424242425,35.75757575757576,4873856.1047,3494338.67992,58.24262257443762,41.757377425562375,0.285,count,73.8205
SOL,169907,2026-06-18 07:52:37,SHORT,MODERATE,162,103,59,63.580246913580254,36.41975308641975,5216292.53397,2897204.02353,64.29154800279214,35.70845199720786,0.272,count,71.7625
SOL,170041,2026-06-18 08:57:46,SHORT,MODERATE,160,97,63,60.62499999999999,39.375,4848939.3653,2921207.8576,62.40472961708263,37.59527038291737,0.212,count,71.9025
SOL,170108,2026-06-18 09:30:21,SHORT,MODERATE,159,96,63,60.37735849056604,39.62264150943396,4682739.35611,2891307.49654,61.82612079395321,38.1738792060468,0.208,count,71.8055
SOL,170240,2026-06-18 10:35:35,SHORT,MODERATE,160,96,64,60.0,40.0,4755323.62456,3014396.1366,61.20328365421048,38.79671634578952,0.2,count,71.2535
SOL,170305,2026-06-19 06:44:45,SHORT,MODERATE,162,98,64,60.49382716049383,39.50617283950617,5707279.49584,3208929.87688,64.01015563073217,35.989844369267836,0.21,count,68.6345
SOL,170370,2026-06-19 07:17:16,SHORT,MODERATE,161,97,64,60.24844720496895,39.75155279503105,5722385.19666,3208443.96239,64.074511948997,35.925488051003015,0.205,count,68.5035
SOL,170438,2026-06-19 08:30:57,SHORT,MODERATE,164,97,67,59.14634146341463,40.853658536585364,5734635.721460001,3213219.98747,64.08949705946652,35.910502940533476,0.183,count,68.6075
SOL,170569,2026-06-19 09:36:05,SHORT,MODERATE,169,96,73,56.80473372781065,43.19526627218935,5741939.75378,3212293.7099200003,64.12541930090975,35.874580699090245,0.136,count,68.4025
SOL,170694,2026-06-19 10:41:10,SHORT,MODERATE,170,96,74,56.470588235294116,43.529411764705884,5723326.12911,3177016.52755,64.30455938488296,35.695440615117036,0.129,count,68.0395
SOL,170813,2026-06-19 17:59:13,SHORT,MODERATE,174,105,69,60.3448275862069,39.6551724137931,5164938.67112,4066719.77326,55.94811270627418,44.05188729372582,0.207,count,69.3405
SOL,170931,2026-06-22 07:37:26,SHORT,MODERATE,177,111,66,62.71186440677966,37.28813559322034,5480213.02678,3709937.47371,59.63137411610187,40.368625883898126,0.254,count,74.2805
SOL,170972,2026-06-22 08:20:43,SHORT,MODERATE,32,18,14,56.25,43.75,3151194.21831,2609607.95005,54.700615057001514,45.299384942998486,0.125,count,74.2805
SOL,171005,2026-06-22 16:31:30,SHORT,MODERATE,88,53,35,60.22727272727273,39.77272727272727,581621.5136899999,1030000.23889,36.089207207516175,63.91079279248382,0.205,count,72.6475
SOL,171128,2026-06-22 17:36:38,SHORT,MODERATE,188,117,71,62.23404255319149,37.765957446808514,5334397.1102,3824329.28621,58.24387452267332,41.756125477326684,0.245,count,72.7215
SOL,171189,2026-06-25 14:32:03,SHORT,MODERATE,148,95,53,64.1891891891892,35.810810810810814,6580429.55753,1851164.99883,78.04490020889756,21.95509979110245,0.284,count,65.5515
SOL,171316,2026-06-25 15:37:31,SHORT,MODERATE,153,96,57,62.745098039215684,37.254901960784316,6090256.93578,1984682.17379,75.42170724931093,24.57829275068907,0.255,count,65.9905
SOL,171444,2026-06-25 16:42:46,SHORT,MODERATE,154,99,55,64.28571428571429,35.714285714285715,6126083.62438,1875709.2455199999,76.55888778906319,23.44111221093681,0.286,count,66.1115
SOL,171571,2026-06-25 17:47:54,SHORT,MODERATE,150,96,54,64.0,36.0,5684370.97265,1803624.76982,75.91311704959578,24.086882950404217,0.28,count,66.8295
SOL,171635,2026-06-25 18:20:30,SHORT,MODERATE,149,94,55,63.08724832214765,36.91275167785235,5685354.6485,1796768.83571,75.9858435977188,24.014156402281188,0.262,count,66.572
SOL,171702,2026-06-26 07:09:27,SHORT,MODERATE,154,95,59,61.68831168831169,38.311688311688314,5262580.6332,2560967.1283299997,67.26591047449337,32.734089525506626,0.234,count,70.3355
SOL,171830,2026-06-26 08:56:32,SHORT,MODERATE,159,96,63,60.37735849056604,39.62264150943396,5064122.53434,2824582.633,64.19459755329628,35.80540244670373,0.208,count,69.8665
SOL,171896,2026-06-26 09:29:10,SHORT,MODERATE,159,95,64,59.74842767295597,40.25157232704403,5057171.50476,2630406.22955,65.78367958725958,34.21632041274042,0.195,count,69.7715
SOL,172025,2026-06-26 10:35:50,SHORT,MODERATE,158,92,66,58.22784810126582,41.77215189873418,4963463.82117,2661875.58234,65.09171013273561,34.908289867264386,0.165,count,69.1175
SOL,172048,2026-06-26 11:14:28,SHORT,MODERATE,63,40,23,63.49206349206349,36.507936507936506,4030219.31493,2559488.19201,61.15930503266714,38.84069496733286,0.27,count,69.1175
SOL,172104,2026-06-26 18:39:54,SHORT,MODERATE,163,98,65,60.122699386503065,39.87730061349693,5947725.66437,2627610.9125,69.35850985036114,30.641490149638873,0.202,count,72.4885
SOL,172159,2026-06-29 07:29:15,SHORT,MODERATE,169,113,56,66.86390532544378,33.13609467455622,6064089.44775,2972549.37224,67.10558614266617,32.894413857333845,0.337,count,72.4745
SOL,172284,2026-06-29 08:34:41,SHORT,STRONG,173,122,51,70.52023121387283,29.47976878612717,6089769.353300001,2974839.40165,67.18182238118662,32.81817761881339,0.41,count,72.5075
SOL,172416,2026-06-29 09:35:29,SHORT,STRONG,175,125,50,71.42857142857143,28.57142857142857,6028893.61736,2974815.56159,66.96011052261775,33.03988947738224,0.429,count,72.8215
SOL,172547,2026-06-29 10:40:59,SHORT,STRONG,174,124,50,71.26436781609196,28.735632183908045,5877277.38105,2998933.07446,66.21381287102786,33.78618712897215,0.425,count,73.2825
SOL,172628,2026-06-29 13:57:29,SHORT,MODERATE,180,121,59,67.22222222222223,32.77777777777778,5877243.67271,4099796.91846,58.907685290080394,41.092314709919606,0.344,count,73.0895
SOL,172693,2026-06-29 14:32:03,SHORT,MODERATE,181,123,58,67.95580110497238,32.04419889502763,6082707.99143,3590689.86648,62.88077964720671,37.119220352793306,0.359,count,73.1215
SOL,172758,2026-06-30 06:42:12,SHORT,MODERATE,180,121,59,67.22222222222223,32.77777777777778,6089320.58971,4558947.44319,57.18601908682051,42.8139809131795,0.344,count,74.1375
SOL,172891,2026-06-30 07:47:34,SHORT,MODERATE,185,124,61,67.02702702702703,32.972972972972975,6062497.29896,4558486.26645,57.080375481458255,42.91962451854175,0.341,count,74.0955
SOL,173031,2026-06-30 08:52:51,SHORT,MODERATE,184,121,63,65.76086956521739,34.23913043478261,5035861.42122,4654092.29303,51.9699223517888,48.0300776482112,0.315,count,73.4575
SOL,173159,2026-06-30 09:58:08,SHORT,MODERATE,186,124,62,66.66666666666666,33.33333333333333,5060052.19113,4887091.695,50.86939777945291,49.13060222054709,0.333,count,73.7745
SOL,173229,2026-06-30 10:30:50,SHORT,MODERATE,185,123,62,66.48648648648648,33.513513513513516,5003238.38474,4904455.99629,50.49851350198657,49.50148649801342,0.33,count,73.6155
SOL,173294,2026-07-07 06:36:45,SHORT,MODERATE,183,128,55,69.94535519125684,30.05464480874317,7267629.44989,3994290.41201,64.53277539717706,35.46722460282294,0.399,count,81.2625
SOL,173436,2026-07-07 07:41:54,SHORT,STRONG,187,133,54,71.12299465240642,28.87700534759358,7291657.02713,3891245.97548,65.20361506693017,34.79638493306984,0.422,count,81.4265
SOL,173580,2026-07-07 08:47:00,SHORT,STRONG,187,133,54,71.12299465240642,28.87700534759358,7290717.84739,3861684.0903,65.37352122102702,34.62647877897299,0.422,count,81.4065
SOL,173717,2026-07-07 09:54:31,SHORT,STRONG,186,133,53,71.50537634408603,28.49462365591398,7282283.7164199995,3838667.33552,65.48256243920467,34.51743756079532,0.43,count,81.266
SOL,173855,2026-07-09 07:41:17,SHORT,STRONG,177,124,53,70.05649717514125,29.943502824858758,4974609.03416,4133107.73034,54.61971603629572,45.38028396370428,0.401,count,78.1585
SOL,174002,2026-07-09 08:46:27,SHORT,STRONG,175,124,51,70.85714285714285,29.142857142857142,4975371.9518,4140819.91765,54.57730621569482,45.422693784305196,0.417,count,78.185
SOL,174148,2026-07-09 09:51:47,SHORT,STRONG,175,123,52,70.28571428571428,29.714285714285715,4942954.64725,4145338.48855,54.38815158568161,45.611848414318395,0.406,count,78.0255
SOL,174294,2026-07-09 10:56:54,SHORT,STRONG,176,124,52,70.45454545454545,29.545454545454547,4919833.6051,4099649.29708,54.54673686349448,45.45326313650551,0.409,count,77.5785
SOL,174367,2026-07-09 12:51:42,SHORT,STRONG,176,125,51,71.02272727272727,28.97727272727273,4933635.26864,4014869.84175,55.13362520083513,44.86637479916487,0.42,count,77.6395
SOL,174511,2026-07-09 13:56:57,SHORT,STRONG,175,123,52,70.28571428571428,29.714285714285715,4962418.50471,4062095.08928,54.988210201320896,45.01178979867911,0.406,count,78.1735
SOL,174584,2026-07-09 14:29:32,SHORT,STRONG,173,122,51,70.52023121387283,29.47976878612717,4912096.30015,4033175.04305,54.91277024127466,45.087229758725336,0.41,count,77.8565
SOL,174729,2026-07-09 15:34:43,SHORT,STRONG,177,125,52,70.62146892655367,29.37853107344633,4937557.59335,4039817.5977,55.00001379325775,44.999986206742236,0.412,count,77.7655
SOL,174870,2026-07-10 07:34:51,SHORT,STRONG,170,122,48,71.76470588235294,28.235294117647058,4993718.35092,3992419.99295,55.57134955891843,44.42865044108159,0.435,count,78.8905
SOL,175012,2026-07-10 08:40:09,SHORT,STRONG,171,122,49,71.34502923976608,28.654970760233915,5005545.96644,4098584.13749,54.98104606698496,45.01895393301503,0.427,count,79.3045
SOL,175152,2026-07-10 09:45:24,SHORT,STRONG,169,124,45,73.37278106508876,26.627218934911244,5023270.30712,4072882.4516,55.2241199149218,44.7758800850782,0.467,count,79.3045
SOL,175293,2026-07-10 10:50:32,SHORT,STRONG,169,124,45,73.37278106508876,26.627218934911244,5116181.175340001,4093682.1440500002,55.551108609490875,44.448891390509125,0.467,count,79.5095
SOL,175367,2026-07-10 12:48:45,SHORT,STRONG,104,77,27,74.03846153846155,25.961538461538463,873700.42029,1606495.45685,35.22707332686539,64.7729266731346,0.481,count,78.9845
SOL,175496,2026-07-10 13:53:52,SHORT,STRONG,174,127,47,72.98850574712644,27.011494252873565,5162065.09347,4084742.93396,55.82537323319679,44.17462676680321,0.46,count,79.1165
SOL,175570,2026-07-10 14:26:22,SHORT,STRONG,176,126,50,71.5909090909091,28.40909090909091,5055332.02575,3940579.08409,56.195886820405825,43.804113179594175,0.432,count,77.7185
SOL,175658,2026-07-13 07:50:48,SHORT,MODERATE,172,109,63,63.372093023255815,36.627906976744185,5415532.68158,3374432.9329,61.61039666251725,38.38960333748275,0.267,count,76.3765
SOL,175796,2026-07-13 08:56:01,SHORT,MODERATE,172,111,61,64.53488372093024,35.46511627906977,5367709.547,3391849.33664,61.27830885440054,38.72169114559944,0.291,count,76.6545
SOL,175934,2026-07-13 10:42:42,SHORT,MODERATE,168,109,59,64.88095238095238,35.11904761904761,5332462.63879,3361830.13312,61.33290859514662,38.66709140485337,0.298,count,76.182
SOL,175999,2026-07-14 06:42:22,SHORT,MODERATE,162,106,56,65.4320987654321,34.5679012345679,5993718.0452499995,2634996.43803,69.46246809839548,30.537531901604524,0.309,count,75.2275
SOL,176132,2026-07-14 07:47:43,SHORT,MODERATE,162,106,56,65.4320987654321,34.5679012345679,5972810.526079999,2703273.071,68.84224269220034,31.157757307799645,0.309,count,74.9235
SOL,176268,2026-07-14 08:52:57,SHORT,MODERATE,162,106,56,65.4320987654321,34.5679012345679,5951703.87711,2730872.19881,68.54767323739644,31.452326762603555,0.309,count,75.1375
SOL,176403,2026-07-14 09:58:09,SHORT,MODERATE,163,107,56,65.6441717791411,34.355828220858896,5940154.12147,2732517.91652,68.49277933547576,31.507220664524233,0.313,count,75.0405
SOL,176523,2026-07-14 16:36:31,SHORT,MODERATE,162,107,55,66.0493827160494,33.95061728395062,6288127.070768,4084735.040583,60.62094534050458,39.37905465949541,0.321,count,77.6255
SOL,176588,2026-07-15 06:43:12,SHORT,MODERATE,164,112,52,68.29268292682927,31.70731707317073,6511757.140536,5112489.027827,56.01874776412298,43.98125223587701,0.366,count,78.2985
SOL,176725,2026-07-15 07:48:40,SHORT,MODERATE,166,114,52,68.67469879518072,31.32530120481928,6431004.455027,5083822.01413,55.84977309256676,44.15022690743326,0.373,count,77.5005
SOL,176864,2026-07-15 08:54:01,SHORT,STRONG,168,122,46,72.61904761904762,27.380952380952383,6499458.28534,5051034.779568,56.26996396444975,43.73003603555024,0.452,count,77.5555
SOL,177008,2026-07-15 09:59:12,SHORT,STRONG,170,124,46,72.94117647058823,27.058823529411764,6542163.393565,5037436.221321,56.49731952005326,43.50268047994674,0.459,count,77.4185
SOL,177085,2026-07-15 12:38:54,SHORT,STRONG,117,83,34,70.94017094017094,29.059829059829063,873197.429092,1082341.5943160001,44.652518750060125,55.34748124993987,0.419,count,77.5915
SOL,177213,2026-07-15 13:44:04,SHORT,STRONG,165,119,46,72.12121212121212,27.878787878787882,6209024.24611,5068161.66746,55.05827689369377,44.94172310630623,0.442,count,78.5805
SOL,177306,2026-07-17 07:29:56,SHORT,MODERATE,152,98,54,64.47368421052632,35.526315789473685,5381012.267623,2308616.578894,69.97752915032196,30.02247084967804,0.289,count,74.5435
SOL,177437,2026-07-17 08:35:03,SHORT,MODERATE,152,99,53,65.13157894736842,34.868421052631575,5317832.1728570005,2369418.22444,69.17729874815659,30.82270125184341,0.303,count,74.3195
SOL,177571,2026-07-17 09:40:15,SHORT,MODERATE,149,99,50,66.44295302013423,33.557046979865774,5375268.48264,2567495.787048,67.67503478799763,32.32496521200237,0.329,count,74.7225
SOL,177635,2026-07-17 10:12:51,SHORT,MODERATE,150,100,50,66.66666666666666,33.33333333333333,5376482.58356,2594349.22084,67.45196380372892,32.548036196271084,0.333,count,74.6735
SOL,177709,2026-07-17 12:49:10,SHORT,MODERATE,144,95,49,65.97222222222221,34.02777777777778,4459938.4287250005,1949309.431665,69.58598771453372,30.414012285466292,0.319,count,74.3935
SOL,177776,2026-07-17 13:22:16,SHORT,MODERATE,145,92,53,63.44827586206897,36.55172413793103,5192499.799186,2327869.29858,69.04581054044918,30.95418945955082,0.269,count,73.7915
SOL,177828,2026-07-20 07:41:49,SHORT,MODERATE,147,102,45,69.38775510204081,30.612244897959183,4185010.4624409997,1433955.0483879999,74.48008809407267,25.519911905927323,0.388,count,75.9315
SOL,177972,2026-07-20 08:47:12,SHORT,MODERATE,150,101,49,67.33333333333333,32.666666666666664,4216025.721325,1994347.4268,67.8868341848006,32.113165815199395,0.347,count,75.9795
SOL,178113,2026-07-20 09:52:40,SHORT,MODERATE,149,99,50,66.44295302013423,33.557046979865774,4256010.580436001,2031432.692408,67.69063983158418,32.30936016841582,0.329,count,76.5925
SOL,178182,2026-07-20 10:25:17,SHORT,MODERATE,150,99,51,66.0,34.0,4254005.985936,1810633.806083,70.14441305375178,29.855586946248224,0.32,count,76.6285
SOL,178251,2026-07-21 08:31:24,SHORT,MODERATE,155,101,54,65.16129032258064,34.83870967741935,4680234.539552,2152425.3091659998,68.49798823850632,31.502011761493666,0.303,count,78.3845
SOL,178393,2026-07-21 09:37:01,SHORT,MODERATE,156,101,55,64.74358974358975,35.256410256410255,4678536.862806,2168524.179922,68.32912447560102,31.67087552439899,0.295,count,78.4035
SOL,178510,2026-07-22 07:52:16,SHORT,STRONG,151,106,45,70.19867549668875,29.80132450331126,6136047.5932060005,1758170.39597,77.72837792950891,22.27162207049109,0.404,count,77.0535
SOL,178650,2026-07-22 08:57:33,SHORT,STRONG,151,107,44,70.86092715231787,29.13907284768212,6201814.877065,1767576.412338,77.82043385561494,22.179566144385063,0.417,count,77.3725
SOL,178724,2026-07-22 09:30:08,SHORT,STRONG,152,108,44,71.05263157894737,28.947368421052634,6224966.58029,1752750.120154,78.02942638892591,21.970573611074087,0.421,count,77.3765
SOL,178886,2026-07-24 08:35:43,SHORT,MODERATE,142,88,54,61.97183098591549,38.028169014084504,6496544.512018001,2276808.65234,74.04859225786554,25.951407742134446,0.239,count,75.7945
SOL,179030,2026-07-24 09:41:05,SHORT,MODERATE,144,90,54,62.5,37.5,6712472.170928,2088614.278228,76.26867671060891,23.731323289391078,0.25,count,75.5225
SOL,179173,2026-07-24 10:46:35,SHORT,MODERATE,146,92,54,63.013698630136986,36.986301369863014,6801038.973618,2088160.415292,76.50901589745924,23.49098410254078,0.26,count,75.523
SOL,179321,2026-07-27 07:49:18,SHORT,MODERATE,155,92,63,59.354838709677416,40.64516129032258,5626578.89412,2474091.40676,69.4581890773751,30.54181092262491,0.187,count,76.5295
SOL,179459,2026-07-27 08:54:36,SHORT,MODERATE,154,92,62,59.74025974025974,40.25974025974026,5607181.6741740005,2337320.49229,70.5793963760688,29.42060362393119,0.195,count,76.2525
SOL,179597,2026-07-27 09:59:48,SHORT,MODERATE,153,93,60,60.78431372549019,39.21568627450981,5620488.555665,2377910.642614,70.27016802155049,29.729831978449518,0.216,count,76.4585
SOL,179668,2026-07-27 10:32:22,SHORT,MODERATE,154,94,60,61.038961038961034,38.961038961038966,5629304.715051999,2389015.1875940003,70.20553910794156,29.79446089205843,0.221,count,76.5705
SOL,179739,2026-07-27 11:04:56,SHORT,MODERATE,154,94,60,61.038961038961034,38.961038961038966,5627121.768285,2423137.742984,69.89988037538396,30.10011962461605,0.221,count,76.4905
SOL,179809,2026-07-28 06:46:12,SHORT,MODERATE,153,94,59,61.43790849673203,38.56209150326798,6430176.0489799995,1715241.0570190002,78.94225630562558,21.057743694374427,0.229,count,73.4165
SOL,179946,2026-07-28 07:51:37,SHORT,MODERATE,155,94,61,60.64516129032258,39.35483870967742,6390659.339385,1697586.709962,79.0116831312389,20.988316868761103,0.213,count,73.1875
SOL,180080,2026-07-28 08:56:50,SHORT,MODERATE,154,94,60,61.038961038961034,38.961038961038966,6338436.351911,1730467.802555,78.55386841350426,21.446131586495742,0.221,count,73.2895
SOL,180147,2026-07-28 09:32:36,SHORT,MODERATE,101,60,41,59.4059405940594,40.5940594059406,365136.091395,548428.625021,39.96827863793417,60.03172136206584,0.188,count,73.4165
SOL,180273,2026-07-28 10:37:43,SHORT,MODERATE,154,94,60,61.038961038961034,38.961038961038966,6300131.2165399995,2020292.52488,75.7188745709818,24.281125429018214,0.221,count,73.2655
SOL,180420,2026-07-28 13:46:21,SHORT,MODERATE,158,93,65,58.86075949367089,41.139240506329116,6414619.132365,2203888.419283,74.42842155586926,25.571578444130736,0.177,count,72.5475
SOL,180493,2026-07-29 07:46:06,SHORT,MODERATE,155,86,69,55.483870967741936,44.516129032258064,6168764.544575,2141703.6949610002,74.2288444738635,25.771155526136496,0.11,count,73.9805
SOL,180622,2026-07-29 08:51:11,SHORT,MODERATE,155,88,67,56.774193548387096,43.225806451612904,6137089.053590001,2143299.7298810002,74.11595293497119,25.88404706502881,0.135,count,74.0155
SOL,180691,2026-07-29 09:23:41,SHORT,MODERATE,155,88,67,56.774193548387096,43.225806451612904,6107005.139216,2133721.172537,74.1076078513387,25.8923921486613,0.135,count,74.0095
SOL,180828,2026-08-06 07:43:42,SHORT,MODERATE,142,83,59,58.45070422535211,41.54929577464789,3801396.422438,5838447.325256,39.4342120259714,60.565787974028595,0.169,count,73.8925
SOL,180967,2026-08-06 08:49:05,SHORT,MODERATE,144,84,60,58.333333333333336,41.66666666666667,3799683.098509,5796410.606816,39.59614417271171,60.4038558272883,0.167,count,73.8935
SOL,181111,2026-08-06 09:54:38,SHORT,MODERATE,141,82,59,58.156028368794324,41.843971631205676,3759691.691209,5707418.326338,39.71319319454961,60.286806805450375,0.163,count,73.2615
SOL,181244,2026-08-06 10:59:53,SHORT,MODERATE,141,83,58,58.86524822695035,41.13475177304964,3757812.728304,5609138.646858,40.117777682378644,59.882222317621356,0.177,count,73.2585
SOL,181318,2026-08-06 12:54:52,SHORT,MODERATE,143,83,60,58.04195804195804,41.95804195804196,4171584.399191,5448159.024099,43.364819783980245,56.63518021601976,0.161,count,73.2305
SOL,181387,2026-08-06 13:27:30,SHORT,MODERATE,146,83,63,56.849315068493155,43.15068493150685,4382334.86082,5357210.212069999,44.995272654142944,55.00472734585706,0.137,count,72.9075
SOL,181526,2026-08-06 14:32:44,SHORT,MODERATE,145,82,63,56.55172413793104,43.44827586206896,4379153.363544,5390700.647243,44.823119759097025,55.17688024090299,0.131,count,73.1355
SOL,181659,2026-08-06 15:38:17,SHORT,MODERATE,143,81,62,56.64335664335665,43.35664335664335,4394597.8274799995,5336303.753792,45.16126065787985,54.83873934212016,0.133,count,73.4255
SOL,181727,2026-08-06 16:10:54,SHORT,MODERATE,144,82,62,56.94444444444444,43.05555555555556,4471936.81615,5260551.87256,45.94854367863372,54.05145632136629,0.139,count,73.3295
SOL,181760,2026-08-26 08:37:24,SHORT,STRONG,151,120,31,79.47019867549669,20.52980132450331,4435561.0788050005,8562305.634613,34.125300532787186,65.87469946721282,0.589,count,97.1505
SOL,181902,2026-08-26 09:42:54,SHORT,STRONG,152,119,33,78.28947368421053,21.710526315789476,4464845.604685,8848370.97341,33.536941117830736,66.46305888216926,0.566,count,96.0185
SOL,182041,2026-08-26 10:48:19,SHORT,STRONG,150,119,31,79.33333333333333,20.666666666666668,4526357.5109170005,9867155.084422,31.447205683362895,68.5527943166371,0.587,count,97.7695
SOL,182200,2026-08-28 09:59:35,SHORT,STRONG,170,121,49,71.17647058823529,28.823529411764703,5458920.273954,12358679.067455,30.63779900621738,69.36220099378264,0.424,count,105.895
SOL,182271,2026-08-28 10:32:26,SHORT,STRONG,165,118,47,71.51515151515152,28.484848484848484,7698860.058035,10920682.543913001,41.348277036781425,58.651722963218575,0.43,count,105.715
SOL,182337,2026-08-28 11:05:05,SHORT,STRONG,168,123,45,73.21428571428571,26.785714285714285,7872897.250262,11022852.18437,41.664911346848235,58.335088653151765,0.464,count,106.575
SOL,182477,2026-08-28 13:33:48,SHORT,STRONG,174,127,47,72.98850574712644,27.011494252873565,6457353.09323,10759944.624095,37.50503243451643,62.49496756548355,0.46,count,105.005
SOL,182613,2026-08-28 14:39:12,SHORT,STRONG,170,127,43,74.70588235294117,25.294117647058822,6151583.595316,12845752.760236,32.38129535732618,67.6187046426738,0.494,count,106.305
SOL,182748,2026-08-28 15:44:13,SHORT,STRONG,168,127,41,75.59523809523809,24.404761904761905,6320047.360576,12075712.244805,34.356001035843626,65.64399896415637,0.512,count,105.69
SOL,182889,2026-08-28 16:49:18,SHORT,STRONG,163,124,39,76.07361963190185,23.92638036809816,7093129.746073,9931069.041692,41.66498426446189,58.33501573553811,0.521,count,105.475
SOL,182957,2026-09-02 13:49:42,SHORT,STRONG,154,113,41,73.37662337662337,26.623376623376622,3702667.33739,1109381.43556,76.94575662249783,23.05424337750217,0.468,count,99.0195
SOL,183100,2026-09-02 14:55:18,SHORT,STRONG,158,115,43,72.78481012658227,27.21518987341772,3644909.714634,1339196.4820070001,73.13065915590761,26.86934084409239,0.456,count,99.1565
SOL,183171,2026-09-02 15:27:57,SHORT,STRONG,158,115,43,72.78481012658227,27.21518987341772,3730156.513881,1234321.45529,75.13693357176656,24.86306642823343,0.456,count,98.9725
SOL,183220,2026-09-07 07:32:13,SHORT,STRONG,39,32,7,82.05128205128204,17.94871794871795,301822.551554,67984.4335,81.61623867378471,18.383761326215286,0.641,count,104.995
SOL,183341,2026-09-07 08:37:25,SHORT,STRONG,158,120,38,75.9493670886076,24.050632911392405,3221213.0741850003,11736274.711739,21.535789433947443,78.46421056605254,0.519,count,104.565
SOL,183415,2026-09-07 09:09:56,SHORT,STRONG,158,120,38,75.9493670886076,24.050632911392405,3221587.125734,11737711.231679002,21.535683350667043,78.46431664933297,0.519,count,104.825
SOL,183563,2026-09-07 10:57:25,SHORT,STRONG,160,122,38,76.25,23.75,3245990.06521,11800501.675562,21.57306913221657,78.42693086778343,0.525,count,105.005
SOL,183637,2026-09-07 11:30:13,SHORT,STRONG,160,122,38,76.25,23.75,3257412.4516209997,11754151.927861,21.699353706754728,78.30064629324526,0.525,count,104.845
SOL,183786,2026-09-07 14:39:13,SHORT,STRONG,161,123,38,76.3975155279503,23.60248447204969,3230116.104465,11757702.886496,21.551608719140855,78.44839128085914,0.528,count,104.205
SOL,183933,2026-09-07 15:44:52,SHORT,STRONG,158,121,37,76.58227848101265,23.417721518987342,3186776.528808,10932457.414,22.570463395652336,77.42953660434767,0.532,count,103.375
SOL,184010,2026-09-08 07:32:36,SHORT,STRONG,149,111,38,74.49664429530202,25.503355704697988,3020920.701577,9181940.363127,24.755839516314914,75.24416048368508,0.49,count,102.885
SOL,184158,2026-09-08 08:37:47,SHORT,STRONG,147,111,36,75.51020408163265,24.489795918367346,3029540.241566,9050630.2817,25.07862149570826,74.92137850429174,0.51,count,102.975
SOL,184306,2026-09-08 09:43:02,SHORT,STRONG,148,113,35,76.35135135135135,23.64864864864865,3063977.356603,9020667.879744,25.354301236642605,74.64569876335739,0.527,count,103.605
SOL,184456,2026-09-08 10:48:14,SHORT,STRONG,149,111,38,74.49664429530202,25.503355704697988,3048614.797506,8888106.75975,25.539799876230106,74.46020012376991,0.49,count,103.385
SOL,184598,2026-09-08 14:39:55,SHORT,STRONG,146,113,33,77.3972602739726,22.602739726027394,3071600.853445,7714996.002056,28.47608837701699,71.52391162298302,0.548,count,102.995
SOL,184746,2026-09-08 15:45:07,SHORT,STRONG,146,114,32,78.08219178082192,21.91780821917808,3101052.898967,8078297.188234,27.739116091527805,72.2608839084722,0.562,count,103.885
SOL,184891,2026-09-08 16:50:24,SHORT,STRONG,146,115,31,78.76712328767124,21.232876712328768,3139509.982791,8499671.377808,26.973632298736067,73.02636770126394,0.575,count,104.205
SOL,185043,2026-09-09 07:40:01,SHORT,STRONG,152,117,35,76.97368421052632,23.026315789473685,3233383.491032,5626309.663668,36.49543426136282,63.50456573863718,0.539,count,104.655
SOL,185193,2026-09-09 08:45:35,SHORT,STRONG,153,118,35,77.12418300653596,22.875816993464053,3251874.300892,5670482.683441,36.44635948328509,63.55364051671491,0.542,count,104.725
SOL,185267,2026-09-09 10:01:05,SHORT,STRONG,151,117,34,77.48344370860927,22.516556291390728,3220303.906968,5689274.34209,36.144291199288574,63.85570880071142,0.55,count,103.565
SOL,185346,2026-09-09 13:59:31,SHORT,STRONG,154,117,37,75.97402597402598,24.025974025974026,3192052.536289,6167955.348836,34.103096658303414,65.89690334169659,0.519,count,103.745
SOL,185417,2026-09-09 14:32:05,SHORT,STRONG,151,116,35,76.82119205298014,23.178807947019866,3195850.077004,5851514.397423,35.32354738263603,64.67645261736398,0.536,count,103.975
SOL,185492,2026-09-09 15:04:40,SHORT,STRONG,150,115,35,76.66666666666667,23.333333333333332,3181270.944372,5671661.059831999,35.93465919382762,64.06534080617237,0.533,count,103.215
SOL,185638,2026-09-10 06:49:00,SHORT,STRONG,148,113,35,76.35135135135135,23.64864864864865,2989369.756884,2049294.644356,59.32861406979845,40.671385930201566,0.527,count,101.935
SOL,185780,2026-09-10 09:58:08,SHORT,STRONG,147,112,35,76.19047619047619,23.809523809523807,2971181.430935,2376885.19178,55.55617834518767,44.44382165481234,0.524,count,101.005
SOL,185853,2026-09-10 13:56:31,SHORT,STRONG,146,109,37,74.65753424657534,25.34246575342466,10264825.69536,1757418.0799699998,85.38194605921838,14.61805394078162,0.493,count,99.7265
SOL,185925,2026-09-10 14:29:06,SHORT,STRONG,144,107,37,74.30555555555556,25.694444444444443,10117773.167534001,1624294.6876400001,86.16687701285703,13.833122987142968,0.486,count,100.245
SOL,186072,2026-09-10 15:34:10,SHORT,STRONG,144,106,38,73.61111111111111,26.38888888888889,10084664.88614,1819703.015777,84.71398875799221,15.286011242007794,0.472,count,99.8365
SOL,186222,2026-09-11 09:59:36,SHORT,MODERATE,143,100,43,69.93006993006993,30.069930069930066,12984079.05691,1363883.596384,90.49423510960366,9.505764890396339,0.399,count,99.3815
SOL,186290,2026-09-11 12:39:35,SHORT,STRONG,144,106,38,73.61111111111111,26.38888888888889,13398440.828815,1305229.210755,91.12310595081084,8.876894049189168,0.472,count,101.085
SOL,186440,2026-09-11 13:44:42,SHORT,STRONG,146,108,38,73.97260273972603,26.027397260273972,13428276.990212,2055322.30866,86.72581052385065,13.27418947614934,0.479,count,101.585
SOL,186514,2026-09-11 14:17:44,SHORT,STRONG,142,102,40,71.83098591549296,28.169014084507044,13699021.627448,3534060.5872380002,79.49257977643559,20.507420223564424,0.437,count,101.585
SOL,186651,2026-09-14 07:55:31,SHORT,STRONG,146,111,35,76.02739726027397,23.972602739726025,3615660.436225,2183895.788736,62.34374314130068,37.65625685869933,0.521,count,101.495
SOL,186724,2026-09-14 08:28:06,SHORT,STRONG,145,110,35,75.86206896551724,24.137931034482758,3617098.184446,2218514.185616,61.98318111399114,38.01681888600887,0.517,count,101.635
SOL,186794,2026-09-14 09:00:43,SHORT,STRONG,144,109,35,75.69444444444444,24.305555555555554,2966589.0022440003,2235448.01145,57.027448948069015,42.97255105193098,0.514,count,101.485
SOL,186880,2026-09-14 10:53:23,SHORT,STRONG,142,110,32,77.46478873239437,22.535211267605636,3028667.360208,2331140.1264,56.507017607916325,43.49298239208367,0.549,count,101.875
SOL,186950,2026-09-15 07:51:21,SHORT,STRONG,139,108,31,77.6978417266187,22.302158273381295,22995061.106147,4298607.448322,84.25053253745124,15.749467462548768,0.554,count,100.465
SOL,187092,2026-09-15 08:56:40,SHORT,STRONG,139,107,32,76.97841726618705,23.021582733812952,22978533.089628,4342037.85589,84.10707497823239,15.892925021767605,0.54,count,100.585
SOL,187143,2026-09-15 09:34:00,SHORT,STRONG,51,43,8,84.31372549019608,15.686274509803921,379982.469356,18141.356985,95.44328779522438,4.556712204775608,0.686,count,100.615
SOL,187280,2026-09-15 10:39:14,SHORT,STRONG,139,107,32,76.97841726618705,23.021582733812952,23070718.478468,4438876.7628999995,83.86426000108877,16.13573999891124,0.54,count,100.765
SOL,187409,2026-09-16 08:43:40,SHORT,STRONG,138,109,29,78.98550724637681,21.014492753623188,2680266.9479900002,1205370.646928,68.9788196278393,31.021180372160707,0.58,count,96.7155
SOL,187548,2026-09-16 09:48:46,SHORT,STRONG,139,99,40,71.22302158273382,28.776978417266186,2691537.13609,1219707.273475,68.81536550126631,31.184634498733693,0.424,count,97.2245
SOL,187618,2026-09-16 14:29:37,SHORT,MODERATE,144,95,49,65.97222222222221,34.02777777777778,2601061.496708,2887314.393107,47.39218940041797,52.60781059958203,0.319,count,97.2245
SOL,187746,2026-09-16 15:34:55,SHORT,MODERATE,144,96,48,66.66666666666666,33.33333333333333,2600043.032388,2892956.797567,47.333754102979825,52.66624589702017,0.333,count,96.9285
SOL,187813,2026-09-16 16:07:31,SHORT,MODERATE,144,96,48,66.66666666666666,33.33333333333333,2609842.748472,2956208.89348,46.88858308107135,53.11141691892863,0.333,count,97.0565
SOL,187950,2026-09-17 07:34:00,SHORT,MODERATE,137,92,45,67.15328467153284,32.846715328467155,3273286.4300369998,2430149.251708,57.391484934489846,42.60851506551015,0.343,count,100.155
SOL,187992,2026-09-17 08:53:39,SHORT,STRONG,35,27,8,77.14285714285715,22.857142857142858,143780.3059,49259.2276,74.48231110649674,25.517688893503255,0.543,count,100.215
SOL,188107,2026-09-17 09:59:07,SHORT,STRONG,138,105,33,76.08695652173914,23.91304347826087,3290574.109141,2811433.811208,53.92608715186326,46.07391284813675,0.522,count,100.215
SOL,188174,2026-09-17 10:31:40,SHORT,STRONG,140,110,30,78.57142857142857,21.428571428571427,3745347.7819049996,2475035.884595,60.21088059367856,39.78911940632143,0.571,count,99.7065
SOL,188318,2026-09-17 13:41:02,SHORT,STRONG,137,106,31,77.37226277372264,22.62773722627737,3537618.31382,2244963.32537,61.17714430254952,38.82285569745048,0.547,count,99.6935
SOL,188461,2026-09-17 14:46:11,SHORT,STRONG,141,110,31,78.01418439716312,21.98581560283688,3741605.292635,2270204.1253009997,62.237589925456824,37.76241007454318,0.56,count,101.435
SOL,188529,2026-09-17 15:18:44,SHORT,STRONG,142,112,30,78.87323943661971,21.12676056338028,3711122.058624,1895970.824005,66.18620622678118,33.81379377321881,0.577,count,100.605
SOL,188602,2026-09-17 16:02:35,SHORT,STRONG,138,108,30,78.26086956521739,21.73913043478261,3729926.270523,1832935.832564,67.05048950347252,32.94951049652747,0.565,count,100.605
SOL,188678,2026-09-18 07:41:26,SHORT,STRONG,134,107,27,79.8507462686567,20.149253731343283,3611577.9246650003,1813226.147765,66.57526938198195,33.424730618018046,0.597,count,105.895
SOL,188825,2026-09-18 08:52:18,SHORT,STRONG,132,103,29,78.03030303030303,21.96969696969697,3608869.8196340003,1807237.906406,66.63216468688363,33.36783531311639,0.561,count,105.815
SOL,188975,2026-09-18 09:57:56,SHORT,STRONG,137,105,32,76.64233576642336,23.357664233576642,3621899.1327750003,2223349.473117,61.96313239994843,38.03686760005156,0.533,count,106.445
